File Path,Category,Purpose,Criticality,Required for Restore,Verified,Notes
".gitignore","Project support","Included project artifact: .gitignore","Supporting","Review","Source tree present","Included by safe-archive rules unless excluded as a secret, dependency, cache, log, or archive"
".gitkeep","Project support","Included project artifact: .gitkeep","Supporting","Review","Source tree present","Included by safe-archive rules unless excluded as a secret, dependency, cache, log, or archive"
".npmrc","Project support","Included project artifact: .npmrc","Supporting","Review","Source tree present","Included by safe-archive rules unless excluded as a secret, dependency, cache, log, or archive"
".prettierignore","Project support","Included project artifact: .prettierignore","Supporting","Review","Source tree present","Included by safe-archive rules unless excluded as a secret, dependency, cache, log, or archive"
".prettierrc","Project support","Included project artifact: .prettierrc","Supporting","Review","Source tree present","Included by safe-archive rules unless excluded as a secret, dependency, cache, log, or archive"
"ASHA_MASTER_SYSTEM_PROMPT.md","Documentation","Included project artifact: ASHA_MASTER_SYSTEM_PROMPT.md","Important","Yes","Source tree present","Included by safe-archive rules unless excluded as a secret, dependency, cache, log, or archive"
"FAULTLINE_BACKUP_MANIFEST.csv","Project support","Included project artifact: FAULTLINE_BACKUP_MANIFEST.csv","Supporting","Review","Source tree present","Included by safe-archive rules unless excluded as a secret, dependency, cache, log, or archive"
"FAULTLINE_BACKUP_VERIFICATION.md","Documentation","Included project artifact: FAULTLINE_BACKUP_VERIFICATION.md","Important","Yes","Source tree present","Included by safe-archive rules unless excluded as a secret, dependency, cache, log, or archive"
"FAULTLINE_CURRENT_STATE.md","Documentation","Included project artifact: FAULTLINE_CURRENT_STATE.md","Important","Yes","Source tree present","Included by safe-archive rules unless excluded as a secret, dependency, cache, log, or archive"
"FAULTLINE_DATABASE_SCHEMA.md","Documentation","Included project artifact: FAULTLINE_DATABASE_SCHEMA.md","Important","Yes","Source tree present","Included by safe-archive rules unless excluded as a secret, dependency, cache, log, or archive"
"FAULTLINE_ENGINE_SPECIFICATIONS.md","Documentation","Included project artifact: FAULTLINE_ENGINE_SPECIFICATIONS.md","Important","Yes","Source tree present","Included by safe-archive rules unless excluded as a secret, dependency, cache, log, or archive"
"FAULTLINE_ENVIRONMENT_TEMPLATE.env.example","Project support","Included project artifact: FAULTLINE_ENVIRONMENT_TEMPLATE.env.example","Supporting","Review","Source tree present","Included by safe-archive rules unless excluded as a secret, dependency, cache, log, or archive"
"FAULTLINE_EXTERNAL_DEPENDENCIES.md","Documentation","Included project artifact: FAULTLINE_EXTERNAL_DEPENDENCIES.md","Important","Yes","Source tree present","Included by safe-archive rules unless excluded as a secret, dependency, cache, log, or archive"
"FAULTLINE_MASTER_RESTORATION_GUIDE.md","Documentation","Included project artifact: FAULTLINE_MASTER_RESTORATION_GUIDE.md","Important","Yes","Source tree present","Included by safe-archive rules unless excluded as a secret, dependency, cache, log, or archive"
"FAULTLINE_PRODUCT_BIBLE.md","Documentation","Included project artifact: FAULTLINE_PRODUCT_BIBLE.md","Important","Yes","Source tree present","Included by safe-archive rules unless excluded as a secret, dependency, cache, log, or archive"
"FAULTLINE_RESTORE_CHECKLIST.md","Documentation","Included project artifact: FAULTLINE_RESTORE_CHECKLIST.md","Important","Yes","Source tree present","Included by safe-archive rules unless excluded as a secret, dependency, cache, log, or archive"
"FAULTLINE_SYSTEM_ARCHITECTURE.md","Documentation","Included project artifact: FAULTLINE_SYSTEM_ARCHITECTURE.md","Important","Yes","Source tree present","Included by safe-archive rules unless excluded as a secret, dependency, cache, log, or archive"
"FAULTLINE_TODO_SAFE.md","Documentation","Included project artifact: FAULTLINE_TODO_SAFE.md","Important","Yes","Source tree present","Included by safe-archive rules unless excluded as a secret, dependency, cache, log, or archive"
"GA4_ANALYTICS.md","Documentation","Included project artifact: GA4_ANALYTICS.md","Important","Yes","Source tree present","Included by safe-archive rules unless excluded as a secret, dependency, cache, log, or archive"
"KNOWN_ISSUES.md","Documentation","Included project artifact: KNOWN_ISSUES.md","Important","Yes","Source tree present","Included by safe-archive rules unless excluded as a secret, dependency, cache, log, or archive"
"RESTORE.md","Documentation","Included project artifact: RESTORE.md","Important","Yes","Source tree present","Included by safe-archive rules unless excluded as a secret, dependency, cache, log, or archive"
"V1_STABLE_README.md","Documentation","Included project artifact: V1_STABLE_README.md","Important","Yes","Source tree present","Included by safe-archive rules unless excluded as a secret, dependency, cache, log, or archive"
"backup_and_cleanup.mjs","Project support","Included project artifact: backup_and_cleanup.mjs","Supporting","Review","Source tree present","Included by safe-archive rules unless excluded as a secret, dependency, cache, log, or archive"
"check_users.mjs","Project support","Included project artifact: check_users.mjs","Supporting","Review","Source tree present","Included by safe-archive rules unless excluded as a secret, dependency, cache, log, or archive"
"client/index.html","Frontend configuration","Included project artifact: client/index.html","Critical","Yes","Source tree present","Included by safe-archive rules unless excluded as a secret, dependency, cache, log, or archive"
"client/public/.gitkeep","Frontend configuration","Included project artifact: client/public/.gitkeep","Critical","Yes","Source tree present","Included by safe-archive rules unless excluded as a secret, dependency, cache, log, or archive"
"client/public/__manus__/debug-collector.js","Frontend configuration","Included project artifact: client/public/__manus__/debug-collector.js","Critical","Yes","Source tree present","Included by safe-archive rules unless excluded as a secret, dependency, cache, log, or archive"
"client/public/icon-192x192.png","Frontend configuration","Included project artifact: client/public/icon-192x192.png","Critical","Yes","Source tree present","Included by safe-archive rules unless excluded as a secret, dependency, cache, log, or archive"
"client/public/icon-512x512.png","Frontend configuration","Included project artifact: client/public/icon-512x512.png","Critical","Yes","Source tree present","Included by safe-archive rules unless excluded as a secret, dependency, cache, log, or archive"
"client/public/manifest.json","Frontend configuration","Included project artifact: client/public/manifest.json","Critical","Yes","Source tree present","Included by safe-archive rules unless excluded as a secret, dependency, cache, log, or archive"
"client/public/robots.txt","Frontend configuration","Included project artifact: client/public/robots.txt","Critical","Yes","Source tree present","Included by safe-archive rules unless excluded as a secret, dependency, cache, log, or archive"
"client/public/sitemap.xml","Frontend configuration","Included project artifact: client/public/sitemap.xml","Critical","Yes","Source tree present","Included by safe-archive rules unless excluded as a secret, dependency, cache, log, or archive"
"client/public/sw.js","Frontend configuration","Included project artifact: client/public/sw.js","Critical","Yes","Source tree present","Included by safe-archive rules unless excluded as a secret, dependency, cache, log, or archive"
"client/src/App.tsx","Frontend configuration","Included project artifact: client/src/App.tsx","Critical","Yes","Source tree present","Included by safe-archive rules unless excluded as a secret, dependency, cache, log, or archive"
"client/src/_core/hooks/useAuth.ts","Frontend configuration","Included project artifact: client/src/_core/hooks/useAuth.ts","Critical","Yes","Source tree present","Included by safe-archive rules unless excluded as a secret, dependency, cache, log, or archive"
"client/src/build-env.d.ts","Frontend configuration","Included project artifact: client/src/build-env.d.ts","Critical","Yes","Source tree present","Included by safe-archive rules unless excluded as a secret, dependency, cache, log, or archive"
"client/src/components/AIChatBox.tsx","Frontend / UX","Included project artifact: client/src/components/AIChatBox.tsx","Critical","Yes","Source tree present","Included by safe-archive rules unless excluded as a secret, dependency, cache, log, or archive"
"client/src/components/AppLayout.tsx","Frontend / UX","Included project artifact: client/src/components/AppLayout.tsx","Critical","Yes","Source tree present","Included by safe-archive rules unless excluded as a secret, dependency, cache, log, or archive"
"client/src/components/AppMarketHeader.tsx","Frontend / UX","Included project artifact: client/src/components/AppMarketHeader.tsx","Critical","Yes","Source tree present","Included by safe-archive rules unless excluded as a secret, dependency, cache, log, or archive"
"client/src/components/AshaDailyGreeting.tsx","Frontend / UX","Included project artifact: client/src/components/AshaDailyGreeting.tsx","Critical","Yes","Source tree present","Included by safe-archive rules unless excluded as a secret, dependency, cache, log, or archive"
"client/src/components/AshaHeroSection.tsx","Frontend / UX","Included project artifact: client/src/components/AshaHeroSection.tsx","Critical","Yes","Source tree present","Included by safe-archive rules unless excluded as a secret, dependency, cache, log, or archive"
"client/src/components/AshaIntelligenceBrief.tsx","Frontend / UX","Included project artifact: client/src/components/AshaIntelligenceBrief.tsx","Critical","Yes","Source tree present","Included by safe-archive rules unless excluded as a secret, dependency, cache, log, or archive"
"client/src/components/AshaIntelligenceCanvas.tsx","Frontend / UX","Included project artifact: client/src/components/AshaIntelligenceCanvas.tsx","Critical","Yes","Source tree present","Included by safe-archive rules unless excluded as a secret, dependency, cache, log, or archive"
"client/src/components/AshaIntroModal.tsx","Frontend / UX","Included project artifact: client/src/components/AshaIntroModal.tsx","Critical","Yes","Source tree present","Included by safe-archive rules unless excluded as a secret, dependency, cache, log, or archive"
"client/src/components/AshaLiveBriefing.tsx","Frontend / UX","Included project artifact: client/src/components/AshaLiveBriefing.tsx","Critical","Yes","Source tree present","Included by safe-archive rules unless excluded as a secret, dependency, cache, log, or archive"
"client/src/components/AshaOrb.tsx","Frontend / UX","Included project artifact: client/src/components/AshaOrb.tsx","Critical","Yes","Source tree present","Included by safe-archive rules unless excluded as a secret, dependency, cache, log, or archive"
"client/src/components/AshaPanel.tsx","Frontend / UX","Included project artifact: client/src/components/AshaPanel.tsx","Critical","Yes","Source tree present","Included by safe-archive rules unless excluded as a secret, dependency, cache, log, or archive"
"client/src/components/AshaSummon.tsx","Frontend / UX","Included project artifact: client/src/components/AshaSummon.tsx","Critical","Yes","Source tree present","Included by safe-archive rules unless excluded as a secret, dependency, cache, log, or archive"
"client/src/components/BuildBadge.tsx","Frontend / UX","Included project artifact: client/src/components/BuildBadge.tsx","Critical","Yes","Source tree present","Included by safe-archive rules unless excluded as a secret, dependency, cache, log, or archive"
"client/src/components/CinematicAuthGate.tsx","Frontend / UX","Included project artifact: client/src/components/CinematicAuthGate.tsx","Critical","Yes","Source tree present","Included by safe-archive rules unless excluded as a secret, dependency, cache, log, or archive"
"client/src/components/CinematicIntro.tsx","Frontend / UX","Included project artifact: client/src/components/CinematicIntro.tsx","Critical","Yes","Source tree present","Included by safe-archive rules unless excluded as a secret, dependency, cache, log, or archive"
"client/src/components/CommandSearch.tsx","Frontend / UX","Included project artifact: client/src/components/CommandSearch.tsx","Critical","Yes","Source tree present","Included by safe-archive rules unless excluded as a secret, dependency, cache, log, or archive"
"client/src/components/CookieConsent.tsx","Frontend / UX","Included project artifact: client/src/components/CookieConsent.tsx","Critical","Yes","Source tree present","Included by safe-archive rules unless excluded as a secret, dependency, cache, log, or archive"
"client/src/components/DashboardLayout.tsx","Frontend / UX","Included project artifact: client/src/components/DashboardLayout.tsx","Critical","Yes","Source tree present","Included by safe-archive rules unless excluded as a secret, dependency, cache, log, or archive"
"client/src/components/DashboardLayoutSkeleton.tsx","Frontend / UX","Included project artifact: client/src/components/DashboardLayoutSkeleton.tsx","Critical","Yes","Source tree present","Included by safe-archive rules unless excluded as a secret, dependency, cache, log, or archive"
"client/src/components/DashboardSearchPanels.tsx","Frontend / UX","Included project artifact: client/src/components/DashboardSearchPanels.tsx","Critical","Yes","Source tree present","Included by safe-archive rules unless excluded as a secret, dependency, cache, log, or archive"
"client/src/components/DataFreshnessBadge.tsx","Frontend / UX","Included project artifact: client/src/components/DataFreshnessBadge.tsx","Critical","Yes","Source tree present","Included by safe-archive rules unless excluded as a secret, dependency, cache, log, or archive"
"client/src/components/DataFreshnessChip.tsx","Frontend / UX","Included project artifact: client/src/components/DataFreshnessChip.tsx","Critical","Yes","Source tree present","Included by safe-archive rules unless excluded as a secret, dependency, cache, log, or archive"
"client/src/components/DataIntegrity.tsx","Frontend / UX","Included project artifact: client/src/components/DataIntegrity.tsx","Critical","Yes","Source tree present","Included by safe-archive rules unless excluded as a secret, dependency, cache, log, or archive"
"client/src/components/DecisionConfidencePanel.tsx","Frontend / UX","Included project artifact: client/src/components/DecisionConfidencePanel.tsx","Critical","Yes","Source tree present","Included by safe-archive rules unless excluded as a secret, dependency, cache, log, or archive"
"client/src/components/DemoAccessModal.tsx","Frontend / UX","Included project artifact: client/src/components/DemoAccessModal.tsx","Critical","Yes","Source tree present","Included by safe-archive rules unless excluded as a secret, dependency, cache, log, or archive"
"client/src/components/DemoBanner.tsx","Frontend / UX","Included project artifact: client/src/components/DemoBanner.tsx","Critical","Yes","Source tree present","Included by safe-archive rules unless excluded as a secret, dependency, cache, log, or archive"
"client/src/components/DemoTokensTab.tsx","Frontend / UX","Included project artifact: client/src/components/DemoTokensTab.tsx","Critical","Yes","Source tree present","Included by safe-archive rules unless excluded as a secret, dependency, cache, log, or archive"
"client/src/components/DisclaimerBanner.tsx","Frontend / UX","Included project artifact: client/src/components/DisclaimerBanner.tsx","Critical","Yes","Source tree present","Included by safe-archive rules unless excluded as a secret, dependency, cache, log, or archive"
"client/src/components/ErrorBoundary.tsx","Frontend / UX","Included project artifact: client/src/components/ErrorBoundary.tsx","Critical","Yes","Source tree present","Included by safe-archive rules unless excluded as a secret, dependency, cache, log, or archive"
"client/src/components/ExperienceSelector.tsx","Frontend / UX","Included project artifact: client/src/components/ExperienceSelector.tsx","Critical","Yes","Source tree present","Included by safe-archive rules unless excluded as a secret, dependency, cache, log, or archive"
"client/src/components/FREDDebugConsole.tsx","Frontend / UX","Included project artifact: client/src/components/FREDDebugConsole.tsx","Critical","Yes","Source tree present","Included by safe-archive rules unless excluded as a secret, dependency, cache, log, or archive"
"client/src/components/FaultlineTerm.tsx","Frontend / UX","Included project artifact: client/src/components/FaultlineTerm.tsx","Critical","Yes","Source tree present","Included by safe-archive rules unless excluded as a secret, dependency, cache, log, or archive"
"client/src/components/GlobalMarketTicker.tsx","Frontend / UX","Included project artifact: client/src/components/GlobalMarketTicker.tsx","Critical","Yes","Source tree present","Included by safe-archive rules unless excluded as a secret, dependency, cache, log, or archive"
"client/src/components/HistoricalContextPanel.tsx","Frontend / UX","Included project artifact: client/src/components/HistoricalContextPanel.tsx","Critical","Yes","Source tree present","Included by safe-archive rules unless excluded as a secret, dependency, cache, log, or archive"
"client/src/components/HomeCryptoSection.tsx","Frontend / UX","Included project artifact: client/src/components/HomeCryptoSection.tsx","Critical","Yes","Source tree present","Included by safe-archive rules unless excluded as a secret, dependency, cache, log, or archive"
"client/src/components/HomeStockIntelSection.tsx","Frontend / UX","Included project artifact: client/src/components/HomeStockIntelSection.tsx","Critical","Yes","Source tree present","Included by safe-archive rules unless excluded as a secret, dependency, cache, log, or archive"
"client/src/components/HomepageBriefingPanel.tsx","Frontend / UX","Included project artifact: client/src/components/HomepageBriefingPanel.tsx","Critical","Yes","Source tree present","Included by safe-archive rules unless excluded as a secret, dependency, cache, log, or archive"
"client/src/components/IntelligenceSynthesis.tsx","Frontend / UX","Included project artifact: client/src/components/IntelligenceSynthesis.tsx","Critical","Yes","Source tree present","Included by safe-archive rules unless excluded as a secret, dependency, cache, log, or archive"
"client/src/components/IntroScreen.tsx","Frontend / UX","Included project artifact: client/src/components/IntroScreen.tsx","Critical","Yes","Source tree present","Included by safe-archive rules unless excluded as a secret, dependency, cache, log, or archive"
"client/src/components/LeftNavDrawer.tsx","Frontend / UX","Included project artifact: client/src/components/LeftNavDrawer.tsx","Critical","Yes","Source tree present","Included by safe-archive rules unless excluded as a secret, dependency, cache, log, or archive"
"client/src/components/ManusDialog.tsx","Frontend / UX","Included project artifact: client/src/components/ManusDialog.tsx","Critical","Yes","Source tree present","Included by safe-archive rules unless excluded as a secret, dependency, cache, log, or archive"
"client/src/components/Map.tsx","Frontend / UX","Included project artifact: client/src/components/Map.tsx","Critical","Yes","Source tree present","Included by safe-archive rules unless excluded as a secret, dependency, cache, log, or archive"
"client/src/components/MarketContextStrip.tsx","Frontend / UX","Included project artifact: client/src/components/MarketContextStrip.tsx","Critical","Yes","Source tree present","Included by safe-archive rules unless excluded as a secret, dependency, cache, log, or archive"
"client/src/components/MarketOverview.tsx","Frontend / UX","Included project artifact: client/src/components/MarketOverview.tsx","Critical","Yes","Source tree present","Included by safe-archive rules unless excluded as a secret, dependency, cache, log, or archive"
"client/src/components/MarketPreflight.tsx","Frontend / UX","Included project artifact: client/src/components/MarketPreflight.tsx","Critical","Yes","Source tree present","Included by safe-archive rules unless excluded as a secret, dependency, cache, log, or archive"
"client/src/components/MarketSynthesisPanel.tsx","Frontend / UX","Included project artifact: client/src/components/MarketSynthesisPanel.tsx","Critical","Yes","Source tree present","Included by safe-archive rules unless excluded as a secret, dependency, cache, log, or archive"
"client/src/components/MiniSparkline.tsx","Frontend / UX","Included project artifact: client/src/components/MiniSparkline.tsx","Critical","Yes","Source tree present","Included by safe-archive rules unless excluded as a secret, dependency, cache, log, or archive"
"client/src/components/MobileLayout.tsx","Frontend / UX","Included project artifact: client/src/components/MobileLayout.tsx","Critical","Yes","Source tree present","Included by safe-archive rules unless excluded as a secret, dependency, cache, log, or archive"
"client/src/components/NarrativeLoader.tsx","Frontend / UX","Included project artifact: client/src/components/NarrativeLoader.tsx","Critical","Yes","Source tree present","Included by safe-archive rules unless excluded as a secret, dependency, cache, log, or archive"
"client/src/components/Onboarding.tsx","Frontend / UX","Included project artifact: client/src/components/Onboarding.tsx","Critical","Yes","Source tree present","Included by safe-archive rules unless excluded as a secret, dependency, cache, log, or archive"
"client/src/components/OnboardingFlow.tsx","Frontend / UX","Included project artifact: client/src/components/OnboardingFlow.tsx","Critical","Yes","Source tree present","Included by safe-archive rules unless excluded as a secret, dependency, cache, log, or archive"
"client/src/components/OnboardingVideoModal.tsx","Frontend / UX","Included project artifact: client/src/components/OnboardingVideoModal.tsx","Critical","Yes","Source tree present","Included by safe-archive rules unless excluded as a secret, dependency, cache, log, or archive"
"client/src/components/OpportunityDiscoveryPanel.tsx","Frontend / UX","Included project artifact: client/src/components/OpportunityDiscoveryPanel.tsx","Critical","Yes","Source tree present","Included by safe-archive rules unless excluded as a secret, dependency, cache, log, or archive"
"client/src/components/OracleBriefing.tsx","Frontend / UX","Included project artifact: client/src/components/OracleBriefing.tsx","Critical","Yes","Source tree present","Included by safe-archive rules unless excluded as a secret, dependency, cache, log, or archive"
"client/src/components/PageHeader.tsx","Frontend / UX","Included project artifact: client/src/components/PageHeader.tsx","Critical","Yes","Source tree present","Included by safe-archive rules unless excluded as a secret, dependency, cache, log, or archive"
"client/src/components/PageStateViews.tsx","Frontend / UX","Included project artifact: client/src/components/PageStateViews.tsx","Critical","Yes","Source tree present","Included by safe-archive rules unless excluded as a secret, dependency, cache, log, or archive"
"client/src/components/PortfolioCommandCenter.tsx","Frontend / UX","Included project artifact: client/src/components/PortfolioCommandCenter.tsx","Critical","Yes","Source tree present","Included by safe-archive rules unless excluded as a secret, dependency, cache, log, or archive"
"client/src/components/PortfolioIntelligence.tsx","Frontend / UX","Included project artifact: client/src/components/PortfolioIntelligence.tsx","Critical","Yes","Source tree present","Included by safe-archive rules unless excluded as a secret, dependency, cache, log, or archive"
"client/src/components/PreflightGate.tsx","Frontend / UX","Included project artifact: client/src/components/PreflightGate.tsx","Critical","Yes","Source tree present","Included by safe-archive rules unless excluded as a secret, dependency, cache, log, or archive"
"client/src/components/PremiumGate.tsx","Frontend / UX","Included project artifact: client/src/components/PremiumGate.tsx","Critical","Yes","Source tree present","Included by safe-archive rules unless excluded as a secret, dependency, cache, log, or archive"
"client/src/components/PressureGauge.tsx","Frontend / UX","Included project artifact: client/src/components/PressureGauge.tsx","Critical","Yes","Source tree present","Included by safe-archive rules unless excluded as a secret, dependency, cache, log, or archive"
"client/src/components/ProductExperience.tsx","Frontend / UX","Included project artifact: client/src/components/ProductExperience.tsx","Critical","Yes","Source tree present","Included by safe-archive rules unless excluded as a secret, dependency, cache, log, or archive"
"client/src/components/RecoveryStatus.tsx","Frontend / UX","Included project artifact: client/src/components/RecoveryStatus.tsx","Critical","Yes","Source tree present","Included by safe-archive rules unless excluded as a secret, dependency, cache, log, or archive"
"client/src/components/RightActionDrawer.tsx","Frontend / UX","Included project artifact: client/src/components/RightActionDrawer.tsx","Critical","Yes","Source tree present","Included by safe-archive rules unless excluded as a secret, dependency, cache, log, or archive"
"client/src/components/RiskBadge.tsx","Frontend / UX","Included project artifact: client/src/components/RiskBadge.tsx","Critical","Yes","Source tree present","Included by safe-archive rules unless excluded as a secret, dependency, cache, log, or archive"
"client/src/components/RiskFramework.tsx","Frontend / UX","Included project artifact: client/src/components/RiskFramework.tsx","Critical","Yes","Source tree present","Included by safe-archive rules unless excluded as a secret, dependency, cache, log, or archive"
"client/src/components/RouteTracker.tsx","Frontend / UX","Included project artifact: client/src/components/RouteTracker.tsx","Critical","Yes","Source tree present","Included by safe-archive rules unless excluded as a secret, dependency, cache, log, or archive"
"client/src/components/SOBPanel.tsx","Frontend / UX","Included project artifact: client/src/components/SOBPanel.tsx","Critical","Yes","Source tree present","Included by safe-archive rules unless excluded as a secret, dependency, cache, log, or archive"
"client/src/components/ScoreExplainer.tsx","Frontend / UX","Included project artifact: client/src/components/ScoreExplainer.tsx","Critical","Yes","Source tree present","Included by safe-archive rules unless excluded as a secret, dependency, cache, log, or archive"
"client/src/components/ScoreRing.tsx","Frontend / UX","Included project artifact: client/src/components/ScoreRing.tsx","Critical","Yes","Source tree present","Included by safe-archive rules unless excluded as a secret, dependency, cache, log, or archive"
"client/src/components/SeismicWave.tsx","Frontend / UX","Included project artifact: client/src/components/SeismicWave.tsx","Critical","Yes","Source tree present","Included by safe-archive rules unless excluded as a secret, dependency, cache, log, or archive"
"client/src/components/SeismographNarrativeBanner.tsx","Frontend / UX","Included project artifact: client/src/components/SeismographNarrativeBanner.tsx","Critical","Yes","Source tree present","Included by safe-archive rules unless excluded as a secret, dependency, cache, log, or archive"
"client/src/components/ShareCard.tsx","Frontend / UX","Included project artifact: client/src/components/ShareCard.tsx","Critical","Yes","Source tree present","Included by safe-archive rules unless excluded as a secret, dependency, cache, log, or archive"
"client/src/components/ShareReportButton.tsx","Frontend / UX","Included project artifact: client/src/components/ShareReportButton.tsx","Critical","Yes","Source tree present","Included by safe-archive rules unless excluded as a secret, dependency, cache, log, or archive"
"client/src/components/SizingCalculator.tsx","Frontend / UX","Included project artifact: client/src/components/SizingCalculator.tsx","Critical","Yes","Source tree present","Included by safe-archive rules unless excluded as a secret, dependency, cache, log, or archive"
"client/src/components/SystemicAlerts.tsx","Frontend / UX","Included project artifact: client/src/components/SystemicAlerts.tsx","Critical","Yes","Source tree present","Included by safe-archive rules unless excluded as a secret, dependency, cache, log, or archive"
"client/src/components/TickerActionMenu.tsx","Frontend / UX","Included project artifact: client/src/components/TickerActionMenu.tsx","Critical","Yes","Source tree present","Included by safe-archive rules unless excluded as a secret, dependency, cache, log, or archive"
"client/src/components/TickerContext.tsx","Frontend / UX","Included project artifact: client/src/components/TickerContext.tsx","Critical","Yes","Source tree present","Included by safe-archive rules unless excluded as a secret, dependency, cache, log, or archive"
"client/src/components/TickerSearch.tsx","Frontend / UX","Included project artifact: client/src/components/TickerSearch.tsx","Critical","Yes","Source tree present","Included by safe-archive rules unless excluded as a secret, dependency, cache, log, or archive"
"client/src/components/UniversalTickerBar.tsx","Frontend / UX","Included project artifact: client/src/components/UniversalTickerBar.tsx","Critical","Yes","Source tree present","Included by safe-archive rules unless excluded as a secret, dependency, cache, log, or archive"
"client/src/components/UniversalTickerHeader.tsx","Frontend / UX","Included project artifact: client/src/components/UniversalTickerHeader.tsx","Critical","Yes","Source tree present","Included by safe-archive rules unless excluded as a secret, dependency, cache, log, or archive"
"client/src/components/ViewModeSelector.tsx","Frontend / UX","Included project artifact: client/src/components/ViewModeSelector.tsx","Critical","Yes","Source tree present","Included by safe-archive rules unless excluded as a secret, dependency, cache, log, or archive"
"client/src/components/WaitlistSection.tsx","Frontend / UX","Included project artifact: client/src/components/WaitlistSection.tsx","Critical","Yes","Source tree present","Included by safe-archive rules unless excluded as a secret, dependency, cache, log, or archive"
"client/src/components/dashboard/FaultlineInterpretation.tsx","Frontend / UX","Included project artifact: client/src/components/dashboard/FaultlineInterpretation.tsx","Critical","Yes","Source tree present","Included by safe-archive rules unless excluded as a secret, dependency, cache, log, or archive"
"client/src/components/dashboard/IntelligenceMode.tsx","Frontend / UX","Included project artifact: client/src/components/dashboard/IntelligenceMode.tsx","Critical","Yes","Source tree present","Included by safe-archive rules unless excluded as a secret, dependency, cache, log, or archive"
"client/src/components/dashboard/PulseMode.tsx","Frontend / UX","Included project artifact: client/src/components/dashboard/PulseMode.tsx","Critical","Yes","Source tree present","Included by safe-archive rules unless excluded as a secret, dependency, cache, log, or archive"
"client/src/components/dashboard/SignalsMode.tsx","Frontend / UX","Included project artifact: client/src/components/dashboard/SignalsMode.tsx","Critical","Yes","Source tree present","Included by safe-archive rules unless excluded as a secret, dependency, cache, log, or archive"
"client/src/components/ui/accordion.tsx","Frontend / UX","Included project artifact: client/src/components/ui/accordion.tsx","Critical","Yes","Source tree present","Included by safe-archive rules unless excluded as a secret, dependency, cache, log, or archive"
"client/src/components/ui/alert-dialog.tsx","Frontend / UX","Included project artifact: client/src/components/ui/alert-dialog.tsx","Critical","Yes","Source tree present","Included by safe-archive rules unless excluded as a secret, dependency, cache, log, or archive"
"client/src/components/ui/alert.tsx","Frontend / UX","Included project artifact: client/src/components/ui/alert.tsx","Critical","Yes","Source tree present","Included by safe-archive rules unless excluded as a secret, dependency, cache, log, or archive"
"client/src/components/ui/aspect-ratio.tsx","Frontend / UX","Included project artifact: client/src/components/ui/aspect-ratio.tsx","Critical","Yes","Source tree present","Included by safe-archive rules unless excluded as a secret, dependency, cache, log, or archive"
"client/src/components/ui/avatar.tsx","Frontend / UX","Included project artifact: client/src/components/ui/avatar.tsx","Critical","Yes","Source tree present","Included by safe-archive rules unless excluded as a secret, dependency, cache, log, or archive"
"client/src/components/ui/badge.tsx","Frontend / UX","Included project artifact: client/src/components/ui/badge.tsx","Critical","Yes","Source tree present","Included by safe-archive rules unless excluded as a secret, dependency, cache, log, or archive"
"client/src/components/ui/breadcrumb.tsx","Frontend / UX","Included project artifact: client/src/components/ui/breadcrumb.tsx","Critical","Yes","Source tree present","Included by safe-archive rules unless excluded as a secret, dependency, cache, log, or archive"
"client/src/components/ui/button-group.tsx","Frontend / UX","Included project artifact: client/src/components/ui/button-group.tsx","Critical","Yes","Source tree present","Included by safe-archive rules unless excluded as a secret, dependency, cache, log, or archive"
"client/src/components/ui/button.tsx","Frontend / UX","Included project artifact: client/src/components/ui/button.tsx","Critical","Yes","Source tree present","Included by safe-archive rules unless excluded as a secret, dependency, cache, log, or archive"
"client/src/components/ui/calendar.tsx","Frontend / UX","Included project artifact: client/src/components/ui/calendar.tsx","Critical","Yes","Source tree present","Included by safe-archive rules unless excluded as a secret, dependency, cache, log, or archive"
"client/src/components/ui/card.tsx","Frontend / UX","Included project artifact: client/src/components/ui/card.tsx","Critical","Yes","Source tree present","Included by safe-archive rules unless excluded as a secret, dependency, cache, log, or archive"
"client/src/components/ui/carousel.tsx","Frontend / UX","Included project artifact: client/src/components/ui/carousel.tsx","Critical","Yes","Source tree present","Included by safe-archive rules unless excluded as a secret, dependency, cache, log, or archive"
"client/src/components/ui/chart.tsx","Frontend / UX","Included project artifact: client/src/components/ui/chart.tsx","Critical","Yes","Source tree present","Included by safe-archive rules unless excluded as a secret, dependency, cache, log, or archive"
"client/src/components/ui/checkbox.tsx","Frontend / UX","Included project artifact: client/src/components/ui/checkbox.tsx","Critical","Yes","Source tree present","Included by safe-archive rules unless excluded as a secret, dependency, cache, log, or archive"
"client/src/components/ui/collapsible.tsx","Frontend / UX","Included project artifact: client/src/components/ui/collapsible.tsx","Critical","Yes","Source tree present","Included by safe-archive rules unless excluded as a secret, dependency, cache, log, or archive"
"client/src/components/ui/command.tsx","Frontend / UX","Included project artifact: client/src/components/ui/command.tsx","Critical","Yes","Source tree present","Included by safe-archive rules unless excluded as a secret, dependency, cache, log, or archive"
"client/src/components/ui/context-menu.tsx","Frontend / UX","Included project artifact: client/src/components/ui/context-menu.tsx","Critical","Yes","Source tree present","Included by safe-archive rules unless excluded as a secret, dependency, cache, log, or archive"
"client/src/components/ui/dialog.tsx","Frontend / UX","Included project artifact: client/src/components/ui/dialog.tsx","Critical","Yes","Source tree present","Included by safe-archive rules unless excluded as a secret, dependency, cache, log, or archive"
"client/src/components/ui/drawer.tsx","Frontend / UX","Included project artifact: client/src/components/ui/drawer.tsx","Critical","Yes","Source tree present","Included by safe-archive rules unless excluded as a secret, dependency, cache, log, or archive"
"client/src/components/ui/dropdown-menu.tsx","Frontend / UX","Included project artifact: client/src/components/ui/dropdown-menu.tsx","Critical","Yes","Source tree present","Included by safe-archive rules unless excluded as a secret, dependency, cache, log, or archive"
"client/src/components/ui/empty.tsx","Frontend / UX","Included project artifact: client/src/components/ui/empty.tsx","Critical","Yes","Source tree present","Included by safe-archive rules unless excluded as a secret, dependency, cache, log, or archive"
"client/src/components/ui/field.tsx","Frontend / UX","Included project artifact: client/src/components/ui/field.tsx","Critical","Yes","Source tree present","Included by safe-archive rules unless excluded as a secret, dependency, cache, log, or archive"
"client/src/components/ui/form.tsx","Frontend / UX","Included project artifact: client/src/components/ui/form.tsx","Critical","Yes","Source tree present","Included by safe-archive rules unless excluded as a secret, dependency, cache, log, or archive"
"client/src/components/ui/hover-card.tsx","Frontend / UX","Included project artifact: client/src/components/ui/hover-card.tsx","Critical","Yes","Source tree present","Included by safe-archive rules unless excluded as a secret, dependency, cache, log, or archive"
"client/src/components/ui/input-group.tsx","Frontend / UX","Included project artifact: client/src/components/ui/input-group.tsx","Critical","Yes","Source tree present","Included by safe-archive rules unless excluded as a secret, dependency, cache, log, or archive"
"client/src/components/ui/input-otp.tsx","Frontend / UX","Included project artifact: client/src/components/ui/input-otp.tsx","Critical","Yes","Source tree present","Included by safe-archive rules unless excluded as a secret, dependency, cache, log, or archive"
"client/src/components/ui/input.tsx","Frontend / UX","Included project artifact: client/src/components/ui/input.tsx","Critical","Yes","Source tree present","Included by safe-archive rules unless excluded as a secret, dependency, cache, log, or archive"
"client/src/components/ui/item.tsx","Frontend / UX","Included project artifact: client/src/components/ui/item.tsx","Critical","Yes","Source tree present","Included by safe-archive rules unless excluded as a secret, dependency, cache, log, or archive"
"client/src/components/ui/kbd.tsx","Frontend / UX","Included project artifact: client/src/components/ui/kbd.tsx","Critical","Yes","Source tree present","Included by safe-archive rules unless excluded as a secret, dependency, cache, log, or archive"
"client/src/components/ui/label.tsx","Frontend / UX","Included project artifact: client/src/components/ui/label.tsx","Critical","Yes","Source tree present","Included by safe-archive rules unless excluded as a secret, dependency, cache, log, or archive"
"client/src/components/ui/menubar.tsx","Frontend / UX","Included project artifact: client/src/components/ui/menubar.tsx","Critical","Yes","Source tree present","Included by safe-archive rules unless excluded as a secret, dependency, cache, log, or archive"
"client/src/components/ui/navigation-menu.tsx","Frontend / UX","Included project artifact: client/src/components/ui/navigation-menu.tsx","Critical","Yes","Source tree present","Included by safe-archive rules unless excluded as a secret, dependency, cache, log, or archive"
"client/src/components/ui/pagination.tsx","Frontend / UX","Included project artifact: client/src/components/ui/pagination.tsx","Critical","Yes","Source tree present","Included by safe-archive rules unless excluded as a secret, dependency, cache, log, or archive"
"client/src/components/ui/popover.tsx","Frontend / UX","Included project artifact: client/src/components/ui/popover.tsx","Critical","Yes","Source tree present","Included by safe-archive rules unless excluded as a secret, dependency, cache, log, or archive"
"client/src/components/ui/progress.tsx","Frontend / UX","Included project artifact: client/src/components/ui/progress.tsx","Critical","Yes","Source tree present","Included by safe-archive rules unless excluded as a secret, dependency, cache, log, or archive"
"client/src/components/ui/radio-group.tsx","Frontend / UX","Included project artifact: client/src/components/ui/radio-group.tsx","Critical","Yes","Source tree present","Included by safe-archive rules unless excluded as a secret, dependency, cache, log, or archive"
"client/src/components/ui/resizable.tsx","Frontend / UX","Included project artifact: client/src/components/ui/resizable.tsx","Critical","Yes","Source tree present","Included by safe-archive rules unless excluded as a secret, dependency, cache, log, or archive"
"client/src/components/ui/scroll-area.tsx","Frontend / UX","Included project artifact: client/src/components/ui/scroll-area.tsx","Critical","Yes","Source tree present","Included by safe-archive rules unless excluded as a secret, dependency, cache, log, or archive"
"client/src/components/ui/select.tsx","Frontend / UX","Included project artifact: client/src/components/ui/select.tsx","Critical","Yes","Source tree present","Included by safe-archive rules unless excluded as a secret, dependency, cache, log, or archive"
"client/src/components/ui/separator.tsx","Frontend / UX","Included project artifact: client/src/components/ui/separator.tsx","Critical","Yes","Source tree present","Included by safe-archive rules unless excluded as a secret, dependency, cache, log, or archive"
"client/src/components/ui/sheet.tsx","Frontend / UX","Included project artifact: client/src/components/ui/sheet.tsx","Critical","Yes","Source tree present","Included by safe-archive rules unless excluded as a secret, dependency, cache, log, or archive"
"client/src/components/ui/sidebar.tsx","Frontend / UX","Included project artifact: client/src/components/ui/sidebar.tsx","Critical","Yes","Source tree present","Included by safe-archive rules unless excluded as a secret, dependency, cache, log, or archive"
"client/src/components/ui/skeleton.tsx","Frontend / UX","Included project artifact: client/src/components/ui/skeleton.tsx","Critical","Yes","Source tree present","Included by safe-archive rules unless excluded as a secret, dependency, cache, log, or archive"
"client/src/components/ui/slider.tsx","Frontend / UX","Included project artifact: client/src/components/ui/slider.tsx","Critical","Yes","Source tree present","Included by safe-archive rules unless excluded as a secret, dependency, cache, log, or archive"
"client/src/components/ui/sonner.tsx","Frontend / UX","Included project artifact: client/src/components/ui/sonner.tsx","Critical","Yes","Source tree present","Included by safe-archive rules unless excluded as a secret, dependency, cache, log, or archive"
"client/src/components/ui/spinner.tsx","Frontend / UX","Included project artifact: client/src/components/ui/spinner.tsx","Critical","Yes","Source tree present","Included by safe-archive rules unless excluded as a secret, dependency, cache, log, or archive"
"client/src/components/ui/switch.tsx","Frontend / UX","Included project artifact: client/src/components/ui/switch.tsx","Critical","Yes","Source tree present","Included by safe-archive rules unless excluded as a secret, dependency, cache, log, or archive"
"client/src/components/ui/table.tsx","Frontend / UX","Included project artifact: client/src/components/ui/table.tsx","Critical","Yes","Source tree present","Included by safe-archive rules unless excluded as a secret, dependency, cache, log, or archive"
"client/src/components/ui/tabs.tsx","Frontend / UX","Included project artifact: client/src/components/ui/tabs.tsx","Critical","Yes","Source tree present","Included by safe-archive rules unless excluded as a secret, dependency, cache, log, or archive"
"client/src/components/ui/textarea.tsx","Frontend / UX","Included project artifact: client/src/components/ui/textarea.tsx","Critical","Yes","Source tree present","Included by safe-archive rules unless excluded as a secret, dependency, cache, log, or archive"
"client/src/components/ui/toggle-group.tsx","Frontend / UX","Included project artifact: client/src/components/ui/toggle-group.tsx","Critical","Yes","Source tree present","Included by safe-archive rules unless excluded as a secret, dependency, cache, log, or archive"
"client/src/components/ui/toggle.tsx","Frontend / UX","Included project artifact: client/src/components/ui/toggle.tsx","Critical","Yes","Source tree present","Included by safe-archive rules unless excluded as a secret, dependency, cache, log, or archive"
"client/src/components/ui/tooltip.tsx","Frontend / UX","Included project artifact: client/src/components/ui/tooltip.tsx","Critical","Yes","Source tree present","Included by safe-archive rules unless excluded as a secret, dependency, cache, log, or archive"
"client/src/components/watchlist/WatchlistEditModal.tsx","Frontend / UX","Included project artifact: client/src/components/watchlist/WatchlistEditModal.tsx","Critical","Yes","Source tree present","Included by safe-archive rules unless excluded as a secret, dependency, cache, log, or archive"
"client/src/components/watchlist/WatchlistEditModel.ts","Frontend / UX","Included project artifact: client/src/components/watchlist/WatchlistEditModel.ts","Critical","Yes","Source tree present","Included by safe-archive rules unless excluded as a secret, dependency, cache, log, or archive"
"client/src/components/watchlist/watchlistPresentation.ts","Frontend / UX","Included project artifact: client/src/components/watchlist/watchlistPresentation.ts","Critical","Yes","Source tree present","Included by safe-archive rules unless excluded as a secret, dependency, cache, log, or archive"
"client/src/const.ts","Frontend configuration","Included project artifact: client/src/const.ts","Critical","Yes","Source tree present","Included by safe-archive rules unless excluded as a secret, dependency, cache, log, or archive"
"client/src/contexts/AshaContext.tsx","Frontend configuration","Included project artifact: client/src/contexts/AshaContext.tsx","Critical","Yes","Source tree present","Included by safe-archive rules unless excluded as a secret, dependency, cache, log, or archive"
"client/src/contexts/DemoContext.tsx","Frontend configuration","Included project artifact: client/src/contexts/DemoContext.tsx","Critical","Yes","Source tree present","Included by safe-archive rules unless excluded as a secret, dependency, cache, log, or archive"
"client/src/contexts/DrawerContext.tsx","Frontend configuration","Included project artifact: client/src/contexts/DrawerContext.tsx","Critical","Yes","Source tree present","Included by safe-archive rules unless excluded as a secret, dependency, cache, log, or archive"
"client/src/contexts/EngineContext.tsx","Frontend configuration","Included project artifact: client/src/contexts/EngineContext.tsx","Critical","Yes","Source tree present","Included by safe-archive rules unless excluded as a secret, dependency, cache, log, or archive"
"client/src/contexts/ExperienceContext.tsx","Frontend configuration","Included project artifact: client/src/contexts/ExperienceContext.tsx","Critical","Yes","Source tree present","Included by safe-archive rules unless excluded as a secret, dependency, cache, log, or archive"
"client/src/contexts/ThemeContext.tsx","Frontend configuration","Included project artifact: client/src/contexts/ThemeContext.tsx","Critical","Yes","Source tree present","Included by safe-archive rules unless excluded as a secret, dependency, cache, log, or archive"
"client/src/contexts/TickerStore.tsx","Frontend configuration","Included project artifact: client/src/contexts/TickerStore.tsx","Critical","Yes","Source tree present","Included by safe-archive rules unless excluded as a secret, dependency, cache, log, or archive"
"client/src/global.d.ts","Frontend configuration","Included project artifact: client/src/global.d.ts","Critical","Yes","Source tree present","Included by safe-archive rules unless excluded as a secret, dependency, cache, log, or archive"
"client/src/hooks/useAnalytics.ts","Frontend configuration","Included project artifact: client/src/hooks/useAnalytics.ts","Critical","Yes","Source tree present","Included by safe-archive rules unless excluded as a secret, dependency, cache, log, or archive"
"client/src/hooks/useCinematicAudio.ts","Frontend configuration","Included project artifact: client/src/hooks/useCinematicAudio.ts","Critical","Yes","Source tree present","Included by safe-archive rules unless excluded as a secret, dependency, cache, log, or archive"
"client/src/hooks/useComposition.ts","Frontend configuration","Included project artifact: client/src/hooks/useComposition.ts","Critical","Yes","Source tree present","Included by safe-archive rules unless excluded as a secret, dependency, cache, log, or archive"
"client/src/hooks/useMobile.tsx","Frontend configuration","Included project artifact: client/src/hooks/useMobile.tsx","Critical","Yes","Source tree present","Included by safe-archive rules unless excluded as a secret, dependency, cache, log, or archive"
"client/src/hooks/useNarrationAudio.ts","Frontend configuration","Included project artifact: client/src/hooks/useNarrationAudio.ts","Critical","Yes","Source tree present","Included by safe-archive rules unless excluded as a secret, dependency, cache, log, or archive"
"client/src/hooks/usePersistFn.ts","Frontend configuration","Included project artifact: client/src/hooks/usePersistFn.ts","Critical","Yes","Source tree present","Included by safe-archive rules unless excluded as a secret, dependency, cache, log, or archive"
"client/src/hooks/useSEO.ts","Frontend configuration","Included project artifact: client/src/hooks/useSEO.ts","Critical","Yes","Source tree present","Included by safe-archive rules unless excluded as a secret, dependency, cache, log, or archive"
"client/src/index.css","Frontend configuration","Included project artifact: client/src/index.css","Critical","Yes","Source tree present","Included by safe-archive rules unless excluded as a secret, dependency, cache, log, or archive"
"client/src/lib/AshaAmbientEngine.ts","Frontend configuration","Included project artifact: client/src/lib/AshaAmbientEngine.ts","Critical","Yes","Source tree present","Included by safe-archive rules unless excluded as a secret, dependency, cache, log, or archive"
"client/src/lib/CinematicAudioEngine.ts","Frontend configuration","Included project artifact: client/src/lib/CinematicAudioEngine.ts","Critical","Yes","Source tree present","Included by safe-archive rules unless excluded as a secret, dependency, cache, log, or archive"
"client/src/lib/analytics.ts","Frontend configuration","Included project artifact: client/src/lib/analytics.ts","Critical","Yes","Source tree present","Included by safe-archive rules unless excluded as a secret, dependency, cache, log, or archive"
"client/src/lib/analyticsConsent.ts","Frontend configuration","Included project artifact: client/src/lib/analyticsConsent.ts","Critical","Yes","Source tree present","Included by safe-archive rules unless excluded as a secret, dependency, cache, log, or archive"
"client/src/lib/askIntentClassifier.ts","Frontend configuration","Included project artifact: client/src/lib/askIntentClassifier.ts","Critical","Yes","Source tree present","Included by safe-archive rules unless excluded as a secret, dependency, cache, log, or archive"
"client/src/lib/chartData.ts","Frontend configuration","Included project artifact: client/src/lib/chartData.ts","Critical","Yes","Source tree present","Included by safe-archive rules unless excluded as a secret, dependency, cache, log, or archive"
"client/src/lib/cinematicEngine.ts","Frontend configuration","Included project artifact: client/src/lib/cinematicEngine.ts","Critical","Yes","Source tree present","Included by safe-archive rules unless excluded as a secret, dependency, cache, log, or archive"
"client/src/lib/data.ts","Frontend configuration","Included project artifact: client/src/lib/data.ts","Critical","Yes","Source tree present","Included by safe-archive rules unless excluded as a secret, dependency, cache, log, or archive"
"client/src/lib/engine.ts","Frontend configuration","Included project artifact: client/src/lib/engine.ts","Critical","Yes","Source tree present","Included by safe-archive rules unless excluded as a secret, dependency, cache, log, or archive"
"client/src/lib/ga4.ts","Frontend configuration","Included project artifact: client/src/lib/ga4.ts","Critical","Yes","Source tree present","Included by safe-archive rules unless excluded as a secret, dependency, cache, log, or archive"
"client/src/lib/internalAnalytics.ts","Frontend configuration","Included project artifact: client/src/lib/internalAnalytics.ts","Critical","Yes","Source tree present","Included by safe-archive rules unless excluded as a secret, dependency, cache, log, or archive"
"client/src/lib/marketStateProjection.ts","Frontend configuration","Included project artifact: client/src/lib/marketStateProjection.ts","Critical","Yes","Source tree present","Included by safe-archive rules unless excluded as a secret, dependency, cache, log, or archive"
"client/src/lib/pressureEngine.ts","Frontend configuration","Included project artifact: client/src/lib/pressureEngine.ts","Critical","Yes","Source tree present","Included by safe-archive rules unless excluded as a secret, dependency, cache, log, or archive"
"client/src/lib/regimeAlerts.ts","Frontend configuration","Included project artifact: client/src/lib/regimeAlerts.ts","Critical","Yes","Source tree present","Included by safe-archive rules unless excluded as a secret, dependency, cache, log, or archive"
"client/src/lib/routeIcons.ts","Frontend configuration","Included project artifact: client/src/lib/routeIcons.ts","Critical","Yes","Source tree present","Included by safe-archive rules unless excluded as a secret, dependency, cache, log, or archive"
"client/src/lib/signalsData.ts","Frontend configuration","Included project artifact: client/src/lib/signalsData.ts","Critical","Yes","Source tree present","Included by safe-archive rules unless excluded as a secret, dependency, cache, log, or archive"
"client/src/lib/trpc.ts","Frontend configuration","Included project artifact: client/src/lib/trpc.ts","Critical","Yes","Source tree present","Included by safe-archive rules unless excluded as a secret, dependency, cache, log, or archive"
"client/src/lib/useLiveData.ts","Frontend configuration","Included project artifact: client/src/lib/useLiveData.ts","Critical","Yes","Source tree present","Included by safe-archive rules unless excluded as a secret, dependency, cache, log, or archive"
"client/src/lib/utils.ts","Frontend configuration","Included project artifact: client/src/lib/utils.ts","Critical","Yes","Source tree present","Included by safe-archive rules unless excluded as a secret, dependency, cache, log, or archive"
"client/src/lib/watchlist.ts","Frontend configuration","Included project artifact: client/src/lib/watchlist.ts","Critical","Yes","Source tree present","Included by safe-archive rules unless excluded as a secret, dependency, cache, log, or archive"
"client/src/main.tsx","Frontend configuration","Included project artifact: client/src/main.tsx","Critical","Yes","Source tree present","Included by safe-archive rules unless excluded as a secret, dependency, cache, log, or archive"
"client/src/pages/AIWatch.tsx","Frontend / UX","Included project artifact: client/src/pages/AIWatch.tsx","Critical","Yes","Source tree present","Included by safe-archive rules unless excluded as a secret, dependency, cache, log, or archive"
"client/src/pages/About.tsx","Frontend / UX","Included project artifact: client/src/pages/About.tsx","Critical","Yes","Source tree present","Included by safe-archive rules unless excluded as a secret, dependency, cache, log, or archive"
"client/src/pages/Act.tsx","Frontend / UX","Included project artifact: client/src/pages/Act.tsx","Critical","Yes","Source tree present","Included by safe-archive rules unless excluded as a secret, dependency, cache, log, or archive"
"client/src/pages/AdminBlog.tsx","Frontend / UX","Included project artifact: client/src/pages/AdminBlog.tsx","Critical","Yes","Source tree present","Included by safe-archive rules unless excluded as a secret, dependency, cache, log, or archive"
"client/src/pages/AdminPortal.tsx","Frontend / UX","Included project artifact: client/src/pages/AdminPortal.tsx","Critical","Yes","Source tree present","Included by safe-archive rules unless excluded as a secret, dependency, cache, log, or archive"
"client/src/pages/AdminPromoDashboard.tsx","Frontend / UX","Included project artifact: client/src/pages/AdminPromoDashboard.tsx","Critical","Yes","Source tree present","Included by safe-archive rules unless excluded as a secret, dependency, cache, log, or archive"
"client/src/pages/AdminPublishing.tsx","Frontend / UX","Included project artifact: client/src/pages/AdminPublishing.tsx","Critical","Yes","Source tree present","Included by safe-archive rules unless excluded as a secret, dependency, cache, log, or archive"
"client/src/pages/AdminUsers.tsx","Frontend / UX","Included project artifact: client/src/pages/AdminUsers.tsx","Critical","Yes","Source tree present","Included by safe-archive rules unless excluded as a secret, dependency, cache, log, or archive"
"client/src/pages/AftershockEngine.tsx","Frontend / UX","Included project artifact: client/src/pages/AftershockEngine.tsx","Critical","Yes","Source tree present","Included by safe-archive rules unless excluded as a secret, dependency, cache, log, or archive"
"client/src/pages/Alerts.tsx","Frontend / UX","Included project artifact: client/src/pages/Alerts.tsx","Critical","Yes","Source tree present","Included by safe-archive rules unless excluded as a secret, dependency, cache, log, or archive"
"client/src/pages/AltRotation.tsx","Frontend / UX","Included project artifact: client/src/pages/AltRotation.tsx","Critical","Yes","Source tree present","Included by safe-archive rules unless excluded as a secret, dependency, cache, log, or archive"
"client/src/pages/Analysis.tsx","Frontend / UX","Included project artifact: client/src/pages/Analysis.tsx","Critical","Yes","Source tree present","Included by safe-archive rules unless excluded as a secret, dependency, cache, log, or archive"
"client/src/pages/AnalyticsDashboard.tsx","Frontend / UX","Included project artifact: client/src/pages/AnalyticsDashboard.tsx","Critical","Yes","Source tree present","Included by safe-archive rules unless excluded as a secret, dependency, cache, log, or archive"
"client/src/pages/AshaIntelligenceCenter.tsx","Frontend / UX","Included project artifact: client/src/pages/AshaIntelligenceCenter.tsx","Critical","Yes","Source tree present","Included by safe-archive rules unless excluded as a secret, dependency, cache, log, or archive"
"client/src/pages/Blog.tsx","Frontend / UX","Included project artifact: client/src/pages/Blog.tsx","Critical","Yes","Source tree present","Included by safe-archive rules unless excluded as a secret, dependency, cache, log, or archive"
"client/src/pages/BlogPost.tsx","Frontend / UX","Included project artifact: client/src/pages/BlogPost.tsx","Critical","Yes","Source tree present","Included by safe-archive rules unless excluded as a secret, dependency, cache, log, or archive"
"client/src/pages/Charts.tsx","Frontend / UX","Included project artifact: client/src/pages/Charts.tsx","Critical","Yes","Source tree present","Included by safe-archive rules unless excluded as a secret, dependency, cache, log, or archive"
"client/src/pages/CheckoutSuccess.tsx","Frontend / UX","Included project artifact: client/src/pages/CheckoutSuccess.tsx","Critical","Yes","Source tree present","Included by safe-archive rules unless excluded as a secret, dependency, cache, log, or archive"
"client/src/pages/ComponentShowcase.tsx","Frontend / UX","Included project artifact: client/src/pages/ComponentShowcase.tsx","Critical","Yes","Source tree present","Included by safe-archive rules unless excluded as a secret, dependency, cache, log, or archive"
"client/src/pages/ContactUs.tsx","Frontend / UX","Included project artifact: client/src/pages/ContactUs.tsx","Critical","Yes","Source tree present","Included by safe-archive rules unless excluded as a secret, dependency, cache, log, or archive"
"client/src/pages/CryptoHub.tsx","Frontend / UX","Included project artifact: client/src/pages/CryptoHub.tsx","Critical","Yes","Source tree present","Included by safe-archive rules unless excluded as a secret, dependency, cache, log, or archive"
"client/src/pages/CryptoIntelligence.tsx","Frontend / UX","Included project artifact: client/src/pages/CryptoIntelligence.tsx","Critical","Yes","Source tree present","Included by safe-archive rules unless excluded as a secret, dependency, cache, log, or archive"
"client/src/pages/CryptoRegimeDashboard.tsx","Frontend / UX","Included project artifact: client/src/pages/CryptoRegimeDashboard.tsx","Critical","Yes","Source tree present","Included by safe-archive rules unless excluded as a secret, dependency, cache, log, or archive"
"client/src/pages/CryptoSearch.tsx","Frontend / UX","Included project artifact: client/src/pages/CryptoSearch.tsx","Critical","Yes","Source tree present","Included by safe-archive rules unless excluded as a secret, dependency, cache, log, or archive"
"client/src/pages/CryptoSignals.tsx","Frontend / UX","Included project artifact: client/src/pages/CryptoSignals.tsx","Critical","Yes","Source tree present","Included by safe-archive rules unless excluded as a secret, dependency, cache, log, or archive"
"client/src/pages/CryptoWatchlist.tsx","Frontend / UX","Included project artifact: client/src/pages/CryptoWatchlist.tsx","Critical","Yes","Source tree present","Included by safe-archive rules unless excluded as a secret, dependency, cache, log, or archive"
"client/src/pages/DailyBriefArchive.tsx","Frontend / UX","Included project artifact: client/src/pages/DailyBriefArchive.tsx","Critical","Yes","Source tree present","Included by safe-archive rules unless excluded as a secret, dependency, cache, log, or archive"
"client/src/pages/DailyBriefPost.tsx","Frontend / UX","Included project artifact: client/src/pages/DailyBriefPost.tsx","Critical","Yes","Source tree present","Included by safe-archive rules unless excluded as a secret, dependency, cache, log, or archive"
"client/src/pages/DailyReport.tsx","Frontend / UX","Included project artifact: client/src/pages/DailyReport.tsx","Critical","Yes","Source tree present","Included by safe-archive rules unless excluded as a secret, dependency, cache, log, or archive"
"client/src/pages/Dashboard.tsx","Frontend / UX","Included project artifact: client/src/pages/Dashboard.tsx","Critical","Yes","Source tree present","Included by safe-archive rules unless excluded as a secret, dependency, cache, log, or archive"
"client/src/pages/DayTradeIntelligence.tsx","Frontend / UX","Included project artifact: client/src/pages/DayTradeIntelligence.tsx","Critical","Yes","Source tree present","Included by safe-archive rules unless excluded as a secret, dependency, cache, log, or archive"
"client/src/pages/DecisionEngine.tsx","Frontend / UX","Included project artifact: client/src/pages/DecisionEngine.tsx","Critical","Yes","Source tree present","Included by safe-archive rules unless excluded as a secret, dependency, cache, log, or archive"
"client/src/pages/DecisionLedger.tsx","Frontend / UX","Included project artifact: client/src/pages/DecisionLedger.tsx","Critical","Yes","Source tree present","Included by safe-archive rules unless excluded as a secret, dependency, cache, log, or archive"
"client/src/pages/DiagnosticAI.tsx","Frontend / UX","Included project artifact: client/src/pages/DiagnosticAI.tsx","Critical","Yes","Source tree present","Included by safe-archive rules unless excluded as a secret, dependency, cache, log, or archive"
"client/src/pages/FmosHealthDashboard.tsx","Frontend / UX","Included project artifact: client/src/pages/FmosHealthDashboard.tsx","Critical","Yes","Source tree present","Included by safe-archive rules unless excluded as a secret, dependency, cache, log, or archive"
"client/src/pages/Glossary.tsx","Frontend / UX","Included project artifact: client/src/pages/Glossary.tsx","Critical","Yes","Source tree present","Included by safe-archive rules unless excluded as a secret, dependency, cache, log, or archive"
"client/src/pages/Guide.tsx","Frontend / UX","Included project artifact: client/src/pages/Guide.tsx","Critical","Yes","Source tree present","Included by safe-archive rules unless excluded as a secret, dependency, cache, log, or archive"
"client/src/pages/HistoricalAnalogs.tsx","Frontend / UX","Included project artifact: client/src/pages/HistoricalAnalogs.tsx","Critical","Yes","Source tree present","Included by safe-archive rules unless excluded as a secret, dependency, cache, log, or archive"
"client/src/pages/HistoricalContextEngine.tsx","Frontend / UX","Included project artifact: client/src/pages/HistoricalContextEngine.tsx","Critical","Yes","Source tree present","Included by safe-archive rules unless excluded as a secret, dependency, cache, log, or archive"
"client/src/pages/Home.tsx","Frontend / UX","Included project artifact: client/src/pages/Home.tsx","Critical","Yes","Source tree present","Included by safe-archive rules unless excluded as a secret, dependency, cache, log, or archive"
"client/src/pages/InsiderIntelligence.tsx","Frontend / UX","Included project artifact: client/src/pages/InsiderIntelligence.tsx","Critical","Yes","Source tree present","Included by safe-archive rules unless excluded as a secret, dependency, cache, log, or archive"
"client/src/pages/IntelligenceArchive.tsx","Frontend / UX","Included project artifact: client/src/pages/IntelligenceArchive.tsx","Critical","Yes","Source tree present","Included by safe-archive rules unless excluded as a secret, dependency, cache, log, or archive"
"client/src/pages/IntelligenceHub.tsx","Frontend / UX","Included project artifact: client/src/pages/IntelligenceHub.tsx","Critical","Yes","Source tree present","Included by safe-archive rules unless excluded as a secret, dependency, cache, log, or archive"
"client/src/pages/IntelligenceLibrary.tsx","Frontend / UX","Included project artifact: client/src/pages/IntelligenceLibrary.tsx","Critical","Yes","Source tree present","Included by safe-archive rules unless excluded as a secret, dependency, cache, log, or archive"
"client/src/pages/IntelligenceLibraryPost.tsx","Frontend / UX","Included project artifact: client/src/pages/IntelligenceLibraryPost.tsx","Critical","Yes","Source tree present","Included by safe-archive rules unless excluded as a secret, dependency, cache, log, or archive"
"client/src/pages/IntelligenceValidation.tsx","Frontend / UX","Included project artifact: client/src/pages/IntelligenceValidation.tsx","Critical","Yes","Source tree present","Included by safe-archive rules unless excluded as a secret, dependency, cache, log, or archive"
"client/src/pages/Legal.tsx","Frontend / UX","Included project artifact: client/src/pages/Legal.tsx","Critical","Yes","Source tree present","Included by safe-archive rules unless excluded as a secret, dependency, cache, log, or archive"
"client/src/pages/MarketCommandCenter.tsx","Frontend / UX","Included project artifact: client/src/pages/MarketCommandCenter.tsx","Critical","Yes","Source tree present","Included by safe-archive rules unless excluded as a secret, dependency, cache, log, or archive"
"client/src/pages/MarketIntelligence.tsx","Frontend / UX","Included project artifact: client/src/pages/MarketIntelligence.tsx","Critical","Yes","Source tree present","Included by safe-archive rules unless excluded as a secret, dependency, cache, log, or archive"
"client/src/pages/MarketMovers.tsx","Frontend / UX","Included project artifact: client/src/pages/MarketMovers.tsx","Critical","Yes","Source tree present","Included by safe-archive rules unless excluded as a secret, dependency, cache, log, or archive"
"client/src/pages/MarketingSite.tsx","Frontend / UX","Included project artifact: client/src/pages/MarketingSite.tsx","Critical","Yes","Source tree present","Included by safe-archive rules unless excluded as a secret, dependency, cache, log, or archive"
"client/src/pages/Markets.tsx","Frontend / UX","Included project artifact: client/src/pages/Markets.tsx","Critical","Yes","Source tree present","Included by safe-archive rules unless excluded as a secret, dependency, cache, log, or archive"
"client/src/pages/Methodology.tsx","Frontend / UX","Included project artifact: client/src/pages/Methodology.tsx","Critical","Yes","Source tree present","Included by safe-archive rules unless excluded as a secret, dependency, cache, log, or archive"
"client/src/pages/NotFound.tsx","Frontend / UX","Included project artifact: client/src/pages/NotFound.tsx","Critical","Yes","Source tree present","Included by safe-archive rules unless excluded as a secret, dependency, cache, log, or archive"
"client/src/pages/Now.tsx","Frontend / UX","Included project artifact: client/src/pages/Now.tsx","Critical","Yes","Source tree present","Included by safe-archive rules unless excluded as a secret, dependency, cache, log, or archive"
"client/src/pages/Opportunities.tsx","Frontend / UX","Included project artifact: client/src/pages/Opportunities.tsx","Critical","Yes","Source tree present","Included by safe-archive rules unless excluded as a secret, dependency, cache, log, or archive"
"client/src/pages/Outlook.tsx","Frontend / UX","Included project artifact: client/src/pages/Outlook.tsx","Critical","Yes","Source tree present","Included by safe-archive rules unless excluded as a secret, dependency, cache, log, or archive"
"client/src/pages/OwnerSimulation.tsx","Frontend / UX","Included project artifact: client/src/pages/OwnerSimulation.tsx","Critical","Yes","Source tree present","Included by safe-archive rules unless excluded as a secret, dependency, cache, log, or archive"
"client/src/pages/PhoenixSystems.tsx","Frontend / UX","Included project artifact: client/src/pages/PhoenixSystems.tsx","Critical","Yes","Source tree present","Included by safe-archive rules unless excluded as a secret, dependency, cache, log, or archive"
"client/src/pages/Portfolio.tsx","Frontend / UX","Included project artifact: client/src/pages/Portfolio.tsx","Critical","Yes","Source tree present","Included by safe-archive rules unless excluded as a secret, dependency, cache, log, or archive"
"client/src/pages/PreFlight.tsx","Frontend / UX","Included project artifact: client/src/pages/PreFlight.tsx","Critical","Yes","Source tree present","Included by safe-archive rules unless excluded as a secret, dependency, cache, log, or archive"
"client/src/pages/Press.tsx","Frontend / UX","Included project artifact: client/src/pages/Press.tsx","Critical","Yes","Source tree present","Included by safe-archive rules unless excluded as a secret, dependency, cache, log, or archive"
"client/src/pages/Pressure.tsx","Frontend / UX","Included project artifact: client/src/pages/Pressure.tsx","Critical","Yes","Source tree present","Included by safe-archive rules unless excluded as a secret, dependency, cache, log, or archive"
"client/src/pages/PressureIndex.tsx","Frontend / UX","Included project artifact: client/src/pages/PressureIndex.tsx","Critical","Yes","Source tree present","Included by safe-archive rules unless excluded as a secret, dependency, cache, log, or archive"
"client/src/pages/PromoRedeem.tsx","Frontend / UX","Included project artifact: client/src/pages/PromoRedeem.tsx","Critical","Yes","Source tree present","Included by safe-archive rules unless excluded as a secret, dependency, cache, log, or archive"
"client/src/pages/PublicAIBubble.tsx","Frontend / UX","Included project artifact: client/src/pages/PublicAIBubble.tsx","Critical","Yes","Source tree present","Included by safe-archive rules unless excluded as a secret, dependency, cache, log, or archive"
"client/src/pages/PublicAnalogs.tsx","Frontend / UX","Included project artifact: client/src/pages/PublicAnalogs.tsx","Critical","Yes","Source tree present","Included by safe-archive rules unless excluded as a secret, dependency, cache, log, or archive"
"client/src/pages/PublicCryptoMarketRisk.tsx","Frontend / UX","Included project artifact: client/src/pages/PublicCryptoMarketRisk.tsx","Critical","Yes","Source tree present","Included by safe-archive rules unless excluded as a secret, dependency, cache, log, or archive"
"client/src/pages/PublicCryptoSignals.tsx","Frontend / UX","Included project artifact: client/src/pages/PublicCryptoSignals.tsx","Critical","Yes","Source tree present","Included by safe-archive rules unless excluded as a secret, dependency, cache, log, or archive"
"client/src/pages/PublicDiagnosticAI.tsx","Frontend / UX","Included project artifact: client/src/pages/PublicDiagnosticAI.tsx","Critical","Yes","Source tree present","Included by safe-archive rules unless excluded as a secret, dependency, cache, log, or archive"
"client/src/pages/PublicLandingPage.tsx","Frontend / UX","Included project artifact: client/src/pages/PublicLandingPage.tsx","Critical","Yes","Source tree present","Included by safe-archive rules unless excluded as a secret, dependency, cache, log, or archive"
"client/src/pages/PublicSharedReport.tsx","Frontend / UX","Included project artifact: client/src/pages/PublicSharedReport.tsx","Critical","Yes","Source tree present","Included by safe-archive rules unless excluded as a secret, dependency, cache, log, or archive"
"client/src/pages/PublicSignals.tsx","Frontend / UX","Included project artifact: client/src/pages/PublicSignals.tsx","Critical","Yes","Source tree present","Included by safe-archive rules unless excluded as a secret, dependency, cache, log, or archive"
"client/src/pages/PublicSituationRoom.tsx","Frontend / UX","Included project artifact: client/src/pages/PublicSituationRoom.tsx","Critical","Yes","Source tree present","Included by safe-archive rules unless excluded as a secret, dependency, cache, log, or archive"
"client/src/pages/PublicStockMarketRisk.tsx","Frontend / UX","Included project artifact: client/src/pages/PublicStockMarketRisk.tsx","Critical","Yes","Source tree present","Included by safe-archive rules unless excluded as a secret, dependency, cache, log, or archive"
"client/src/pages/ReadingHistory.tsx","Frontend / UX","Included project artifact: client/src/pages/ReadingHistory.tsx","Critical","Yes","Source tree present","Included by safe-archive rules unless excluded as a secret, dependency, cache, log, or archive"
"client/src/pages/Roadmap.tsx","Frontend / UX","Included project artifact: client/src/pages/Roadmap.tsx","Critical","Yes","Source tree present","Included by safe-archive rules unless excluded as a secret, dependency, cache, log, or archive"
"client/src/pages/SEOLandingPage.tsx","Frontend / UX","Included project artifact: client/src/pages/SEOLandingPage.tsx","Critical","Yes","Source tree present","Included by safe-archive rules unless excluded as a secret, dependency, cache, log, or archive"
"client/src/pages/Scenarios.tsx","Frontend / UX","Included project artifact: client/src/pages/Scenarios.tsx","Critical","Yes","Source tree present","Included by safe-archive rules unless excluded as a secret, dependency, cache, log, or archive"
"client/src/pages/Scores.tsx","Frontend / UX","Included project artifact: client/src/pages/Scores.tsx","Critical","Yes","Source tree present","Included by safe-archive rules unless excluded as a secret, dependency, cache, log, or archive"
"client/src/pages/SeismographIntelligence.tsx","Frontend / UX","Included project artifact: client/src/pages/SeismographIntelligence.tsx","Critical","Yes","Source tree present","Included by safe-archive rules unless excluded as a secret, dependency, cache, log, or archive"
"client/src/pages/SeismographicDash.tsx","Frontend / UX","Included project artifact: client/src/pages/SeismographicDash.tsx","Critical","Yes","Source tree present","Included by safe-archive rules unless excluded as a secret, dependency, cache, log, or archive"
"client/src/pages/SeoOptimizer.tsx","Frontend / UX","Included project artifact: client/src/pages/SeoOptimizer.tsx","Critical","Yes","Source tree present","Included by safe-archive rules unless excluded as a secret, dependency, cache, log, or archive"
"client/src/pages/ShadowMonitor.tsx","Frontend / UX","Included project artifact: client/src/pages/ShadowMonitor.tsx","Critical","Yes","Source tree present","Included by safe-archive rules unless excluded as a secret, dependency, cache, log, or archive"
"client/src/pages/SignalOutlookCenter.tsx","Frontend / UX","Included project artifact: client/src/pages/SignalOutlookCenter.tsx","Critical","Yes","Source tree present","Included by safe-archive rules unless excluded as a secret, dependency, cache, log, or archive"
"client/src/pages/Signals.tsx","Frontend / UX","Included project artifact: client/src/pages/Signals.tsx","Critical","Yes","Source tree present","Included by safe-archive rules unless excluded as a secret, dependency, cache, log, or archive"
"client/src/pages/SimPortfolio.tsx","Frontend / UX","Included project artifact: client/src/pages/SimPortfolio.tsx","Critical","Yes","Source tree present","Included by safe-archive rules unless excluded as a secret, dependency, cache, log, or archive"
"client/src/pages/SimulatePressure.tsx","Frontend / UX","Included project artifact: client/src/pages/SimulatePressure.tsx","Critical","Yes","Source tree present","Included by safe-archive rules unless excluded as a secret, dependency, cache, log, or archive"
"client/src/pages/SituationRoom.tsx","Frontend / UX","Included project artifact: client/src/pages/SituationRoom.tsx","Critical","Yes","Source tree present","Included by safe-archive rules unless excluded as a secret, dependency, cache, log, or archive"
"client/src/pages/SmartDiscovery.tsx","Frontend / UX","Included project artifact: client/src/pages/SmartDiscovery.tsx","Critical","Yes","Source tree present","Included by safe-archive rules unless excluded as a secret, dependency, cache, log, or archive"
"client/src/pages/SocialIntelligence.tsx","Frontend / UX","Included project artifact: client/src/pages/SocialIntelligence.tsx","Critical","Yes","Source tree present","Included by safe-archive rules unless excluded as a secret, dependency, cache, log, or archive"
"client/src/pages/StockHeatmap.tsx","Frontend / UX","Included project artifact: client/src/pages/StockHeatmap.tsx","Critical","Yes","Source tree present","Included by safe-archive rules unless excluded as a secret, dependency, cache, log, or archive"
"client/src/pages/TimeMachine.tsx","Frontend / UX","Included project artifact: client/src/pages/TimeMachine.tsx","Critical","Yes","Source tree present","Included by safe-archive rules unless excluded as a secret, dependency, cache, log, or archive"
"client/src/pages/TodaysStory.tsx","Frontend / UX","Included project artifact: client/src/pages/TodaysStory.tsx","Critical","Yes","Source tree present","Included by safe-archive rules unless excluded as a secret, dependency, cache, log, or archive"
"client/src/pages/ToolsHome.tsx","Frontend / UX","Included project artifact: client/src/pages/ToolsHome.tsx","Critical","Yes","Source tree present","Included by safe-archive rules unless excluded as a secret, dependency, cache, log, or archive"
"client/src/pages/TrackRecord.tsx","Frontend / UX","Included project artifact: client/src/pages/TrackRecord.tsx","Critical","Yes","Source tree present","Included by safe-archive rules unless excluded as a secret, dependency, cache, log, or archive"
"client/src/pages/TradeJournal.tsx","Frontend / UX","Included project artifact: client/src/pages/TradeJournal.tsx","Critical","Yes","Source tree present","Included by safe-archive rules unless excluded as a secret, dependency, cache, log, or archive"
"client/src/pages/TradePreflight.tsx","Frontend / UX","Included project artifact: client/src/pages/TradePreflight.tsx","Critical","Yes","Source tree present","Included by safe-archive rules unless excluded as a secret, dependency, cache, log, or archive"
"client/src/pages/TrustCenter.tsx","Frontend / UX","Included project artifact: client/src/pages/TrustCenter.tsx","Critical","Yes","Source tree present","Included by safe-archive rules unless excluded as a secret, dependency, cache, log, or archive"
"client/src/pages/UniversalSymbolIntelligence.tsx","Frontend / UX","Included project artifact: client/src/pages/UniversalSymbolIntelligence.tsx","Critical","Yes","Source tree present","Included by safe-archive rules unless excluded as a secret, dependency, cache, log, or archive"
"client/src/pages/UserAccount.tsx","Frontend / UX","Included project artifact: client/src/pages/UserAccount.tsx","Critical","Yes","Source tree present","Included by safe-archive rules unless excluded as a secret, dependency, cache, log, or archive"
"client/src/pages/ValidationLab.tsx","Frontend / UX","Included project artifact: client/src/pages/ValidationLab.tsx","Critical","Yes","Source tree present","Included by safe-archive rules unless excluded as a secret, dependency, cache, log, or archive"
"client/src/pages/Watch.tsx","Frontend / UX","Included project artifact: client/src/pages/Watch.tsx","Critical","Yes","Source tree present","Included by safe-archive rules unless excluded as a secret, dependency, cache, log, or archive"
"client/src/pages/Watchlist.tsx","Frontend / UX","Included project artifact: client/src/pages/Watchlist.tsx","Critical","Yes","Source tree present","Included by safe-archive rules unless excluded as a secret, dependency, cache, log, or archive"
"client/src/pages/Why.tsx","Frontend / UX","Included project artifact: client/src/pages/Why.tsx","Critical","Yes","Source tree present","Included by safe-archive rules unless excluded as a secret, dependency, cache, log, or archive"
"client/src/pages/XPostGenerator.tsx","Frontend / UX","Included project artifact: client/src/pages/XPostGenerator.tsx","Critical","Yes","Source tree present","Included by safe-archive rules unless excluded as a secret, dependency, cache, log, or archive"
"client/src/pages/XPostQueue.tsx","Frontend / UX","Included project artifact: client/src/pages/XPostQueue.tsx","Critical","Yes","Source tree present","Included by safe-archive rules unless excluded as a secret, dependency, cache, log, or archive"
"client/src/pages/admin/ChatInbox.tsx","Frontend / UX","Included project artifact: client/src/pages/admin/ChatInbox.tsx","Critical","Yes","Source tree present","Included by safe-archive rules unless excluded as a secret, dependency, cache, log, or archive"
"client/src/pages/admin/ConversationIntelligence.tsx","Frontend / UX","Included project artifact: client/src/pages/admin/ConversationIntelligence.tsx","Critical","Yes","Source tree present","Included by safe-archive rules unless excluded as a secret, dependency, cache, log, or archive"
"client/src/pages/admin/EngineeringDiagnostics.tsx","Frontend / UX","Included project artifact: client/src/pages/admin/EngineeringDiagnostics.tsx","Critical","Yes","Source tree present","Included by safe-archive rules unless excluded as a secret, dependency, cache, log, or archive"
"client/src/pages/mobile/MobileAccount.tsx","Frontend / UX","Included project artifact: client/src/pages/mobile/MobileAccount.tsx","Critical","Yes","Source tree present","Included by safe-archive rules unless excluded as a secret, dependency, cache, log, or archive"
"client/src/pages/mobile/MobileBrief.tsx","Frontend / UX","Included project artifact: client/src/pages/mobile/MobileBrief.tsx","Critical","Yes","Source tree present","Included by safe-archive rules unless excluded as a secret, dependency, cache, log, or archive"
"client/src/pages/mobile/MobileCrypto.tsx","Frontend / UX","Included project artifact: client/src/pages/mobile/MobileCrypto.tsx","Critical","Yes","Source tree present","Included by safe-archive rules unless excluded as a secret, dependency, cache, log, or archive"
"client/src/pages/mobile/MobilePulse.tsx","Frontend / UX","Included project artifact: client/src/pages/mobile/MobilePulse.tsx","Critical","Yes","Source tree present","Included by safe-archive rules unless excluded as a secret, dependency, cache, log, or archive"
"client/src/pages/mobile/MobileRotation.tsx","Frontend / UX","Included project artifact: client/src/pages/mobile/MobileRotation.tsx","Critical","Yes","Source tree present","Included by safe-archive rules unless excluded as a secret, dependency, cache, log, or archive"
"client/src/pages/mobile/MobileSignals.tsx","Frontend / UX","Included project artifact: client/src/pages/mobile/MobileSignals.tsx","Critical","Yes","Source tree present","Included by safe-archive rules unless excluded as a secret, dependency, cache, log, or archive"
"client/src/pages/mobile/MobileUpgrade.tsx","Frontend / UX","Included project artifact: client/src/pages/mobile/MobileUpgrade.tsx","Critical","Yes","Source tree present","Included by safe-archive rules unless excluded as a secret, dependency, cache, log, or archive"
"client/src/pages/mobile/MobileWatchlist.tsx","Frontend / UX","Included project artifact: client/src/pages/mobile/MobileWatchlist.tsx","Critical","Yes","Source tree present","Included by safe-archive rules unless excluded as a secret, dependency, cache, log, or archive"
"client/src/pages/seo/AAPLSignal.tsx","Frontend / UX","Included project artifact: client/src/pages/seo/AAPLSignal.tsx","Critical","Yes","Source tree present","Included by safe-archive rules unless excluded as a secret, dependency, cache, log, or archive"
"client/src/pages/seo/AIStockSignals.tsx","Frontend / UX","Included project artifact: client/src/pages/seo/AIStockSignals.tsx","Critical","Yes","Source tree present","Included by safe-archive rules unless excluded as a secret, dependency, cache, log, or archive"
"client/src/pages/seo/AIStocksDashboard.tsx","Frontend / UX","Included project artifact: client/src/pages/seo/AIStocksDashboard.tsx","Critical","Yes","Source tree present","Included by safe-archive rules unless excluded as a secret, dependency, cache, log, or archive"
"client/src/pages/seo/AMDSignal.tsx","Frontend / UX","Included project artifact: client/src/pages/seo/AMDSignal.tsx","Critical","Yes","Source tree present","Included by safe-archive rules unless excluded as a secret, dependency, cache, log, or archive"
"client/src/pages/seo/AMZNSignal.tsx","Frontend / UX","Included project artifact: client/src/pages/seo/AMZNSignal.tsx","Critical","Yes","Source tree present","Included by safe-archive rules unless excluded as a secret, dependency, cache, log, or archive"
"client/src/pages/seo/AltSeasonIndicator.tsx","Frontend / UX","Included project artifact: client/src/pages/seo/AltSeasonIndicator.tsx","Critical","Yes","Source tree present","Included by safe-archive rules unless excluded as a secret, dependency, cache, log, or archive"
"client/src/pages/seo/BestMarketRiskIndicators.tsx","Frontend / UX","Included project artifact: client/src/pages/seo/BestMarketRiskIndicators.tsx","Critical","Yes","Source tree present","Included by safe-archive rules unless excluded as a secret, dependency, cache, log, or archive"
"client/src/pages/seo/BestStockMarketRiskDashboard.tsx","Frontend / UX","Included project artifact: client/src/pages/seo/BestStockMarketRiskDashboard.tsx","Critical","Yes","Source tree present","Included by safe-archive rules unless excluded as a secret, dependency, cache, log, or archive"
"client/src/pages/seo/BitcoinRiskDashboard.tsx","Frontend / UX","Included project artifact: client/src/pages/seo/BitcoinRiskDashboard.tsx","Critical","Yes","Source tree present","Included by safe-archive rules unless excluded as a secret, dependency, cache, log, or archive"
"client/src/pages/seo/BitcoinVsStockMarket.tsx","Frontend / UX","Included project artifact: client/src/pages/seo/BitcoinVsStockMarket.tsx","Critical","Yes","Source tree present","Included by safe-archive rules unless excluded as a secret, dependency, cache, log, or archive"
"client/src/pages/seo/BullBearConditions.tsx","Frontend / UX","Included project artifact: client/src/pages/seo/BullBearConditions.tsx","Critical","Yes","Source tree present","Included by safe-archive rules unless excluded as a secret, dependency, cache, log, or archive"
"client/src/pages/seo/BullOrBearMarket.tsx","Frontend / UX","Included project artifact: client/src/pages/seo/BullOrBearMarket.tsx","Critical","Yes","Source tree present","Included by safe-archive rules unless excluded as a secret, dependency, cache, log, or archive"
"client/src/pages/seo/CreditMarketStress.tsx","Frontend / UX","Included project artifact: client/src/pages/seo/CreditMarketStress.tsx","Critical","Yes","Source tree present","Included by safe-archive rules unless excluded as a secret, dependency, cache, log, or archive"
"client/src/pages/seo/CryptoBullOrBear.tsx","Frontend / UX","Included project artifact: client/src/pages/seo/CryptoBullOrBear.tsx","Critical","Yes","Source tree present","Included by safe-archive rules unless excluded as a secret, dependency, cache, log, or archive"
"client/src/pages/seo/CryptoMarketRegime.tsx","Frontend / UX","Included project artifact: client/src/pages/seo/CryptoMarketRegime.tsx","Critical","Yes","Source tree present","Included by safe-archive rules unless excluded as a secret, dependency, cache, log, or archive"
"client/src/pages/seo/CryptoSignalsIntelligence.tsx","Frontend / UX","Included project artifact: client/src/pages/seo/CryptoSignalsIntelligence.tsx","Critical","Yes","Source tree present","Included by safe-archive rules unless excluded as a secret, dependency, cache, log, or archive"
"client/src/pages/seo/DIASignal.tsx","Frontend / UX","Included project artifact: client/src/pages/seo/DIASignal.tsx","Critical","Yes","Source tree present","Included by safe-archive rules unless excluded as a secret, dependency, cache, log, or archive"
"client/src/pages/seo/DynamicCryptoPage.tsx","Frontend / UX","Included project artifact: client/src/pages/seo/DynamicCryptoPage.tsx","Critical","Yes","Source tree present","Included by safe-archive rules unless excluded as a secret, dependency, cache, log, or archive"
"client/src/pages/seo/DynamicStockPage.tsx","Frontend / UX","Included project artifact: client/src/pages/seo/DynamicStockPage.tsx","Critical","Yes","Source tree present","Included by safe-archive rules unless excluded as a secret, dependency, cache, log, or archive"
"client/src/pages/seo/EthereumRiskDashboard.tsx","Frontend / UX","Included project artifact: client/src/pages/seo/EthereumRiskDashboard.tsx","Critical","Yes","Source tree present","Included by safe-archive rules unless excluded as a secret, dependency, cache, log, or archive"
"client/src/pages/seo/FederalReserveTracker.tsx","Frontend / UX","Included project artifact: client/src/pages/seo/FederalReserveTracker.tsx","Critical","Yes","Source tree present","Included by safe-archive rules unless excluded as a secret, dependency, cache, log, or archive"
"client/src/pages/seo/IWMSignal.tsx","Frontend / UX","Included project artifact: client/src/pages/seo/IWMSignal.tsx","Critical","Yes","Source tree present","Included by safe-archive rules unless excluded as a secret, dependency, cache, log, or archive"
"client/src/pages/seo/IsNowGoodTimeToBuyStocks.tsx","Frontend / UX","Included project artifact: client/src/pages/seo/IsNowGoodTimeToBuyStocks.tsx","Critical","Yes","Source tree present","Included by safe-archive rules unless excluded as a secret, dependency, cache, log, or archive"
"client/src/pages/seo/LiquidityMonitor.tsx","Frontend / UX","Included project artifact: client/src/pages/seo/LiquidityMonitor.tsx","Critical","Yes","Source tree present","Included by safe-archive rules unless excluded as a secret, dependency, cache, log, or archive"
"client/src/pages/seo/METASignal.tsx","Frontend / UX","Included project artifact: client/src/pages/seo/METASignal.tsx","Critical","Yes","Source tree present","Included by safe-archive rules unless excluded as a secret, dependency, cache, log, or archive"
"client/src/pages/seo/MSFTSignal.tsx","Frontend / UX","Included project artifact: client/src/pages/seo/MSFTSignal.tsx","Critical","Yes","Source tree present","Included by safe-archive rules unless excluded as a secret, dependency, cache, log, or archive"
"client/src/pages/seo/MarketCrashIndicator.tsx","Frontend / UX","Included project artifact: client/src/pages/seo/MarketCrashIndicator.tsx","Critical","Yes","Source tree present","Included by safe-archive rules unless excluded as a secret, dependency, cache, log, or archive"
"client/src/pages/seo/MarketCrashProbability2026.tsx","Frontend / UX","Included project artifact: client/src/pages/seo/MarketCrashProbability2026.tsx","Critical","Yes","Source tree present","Included by safe-archive rules unless excluded as a secret, dependency, cache, log, or archive"
"client/src/pages/seo/MarketRegimeTracker.tsx","Frontend / UX","Included project artifact: client/src/pages/seo/MarketRegimeTracker.tsx","Critical","Yes","Source tree present","Included by safe-archive rules unless excluded as a secret, dependency, cache, log, or archive"
"client/src/pages/seo/NVDASignal.tsx","Frontend / UX","Included project artifact: client/src/pages/seo/NVDASignal.tsx","Critical","Yes","Source tree present","Included by safe-archive rules unless excluded as a secret, dependency, cache, log, or archive"
"client/src/pages/seo/PLTRSignal.tsx","Frontend / UX","Included project artifact: client/src/pages/seo/PLTRSignal.tsx","Critical","Yes","Source tree present","Included by safe-archive rules unless excluded as a secret, dependency, cache, log, or archive"
"client/src/pages/seo/QQQSignal.tsx","Frontend / UX","Included project artifact: client/src/pages/seo/QQQSignal.tsx","Critical","Yes","Source tree present","Included by safe-archive rules unless excluded as a secret, dependency, cache, log, or archive"
"client/src/pages/seo/RecessionProbability.tsx","Frontend / UX","Included project artifact: client/src/pages/seo/RecessionProbability.tsx","Critical","Yes","Source tree present","Included by safe-archive rules unless excluded as a secret, dependency, cache, log, or archive"
"client/src/pages/seo/SPYSignal.tsx","Frontend / UX","Included project artifact: client/src/pages/seo/SPYSignal.tsx","Critical","Yes","Source tree present","Included by safe-archive rules unless excluded as a secret, dependency, cache, log, or archive"
"client/src/pages/seo/StockMarketRiskToday.tsx","Frontend / UX","Included project artifact: client/src/pages/seo/StockMarketRiskToday.tsx","Critical","Yes","Source tree present","Included by safe-archive rules unless excluded as a secret, dependency, cache, log, or archive"
"client/src/pages/seo/StockSignalPage.tsx","Frontend / UX","Included project artifact: client/src/pages/seo/StockSignalPage.tsx","Critical","Yes","Source tree present","Included by safe-archive rules unless excluded as a secret, dependency, cache, log, or archive"
"client/src/pages/seo/TAOSignal.tsx","Frontend / UX","Included project artifact: client/src/pages/seo/TAOSignal.tsx","Critical","Yes","Source tree present","Included by safe-archive rules unless excluded as a secret, dependency, cache, log, or archive"
"client/src/pages/seo/TSLASignal.tsx","Frontend / UX","Included project artifact: client/src/pages/seo/TSLASignal.tsx","Critical","Yes","Source tree present","Included by safe-archive rules unless excluded as a secret, dependency, cache, log, or archive"
"client/src/pages/seo/TreasuryYieldStress.tsx","Frontend / UX","Included project artifact: client/src/pages/seo/TreasuryYieldStress.tsx","Critical","Yes","Source tree present","Included by safe-archive rules unless excluded as a secret, dependency, cache, log, or archive"
"client/src/pages/seo/VolatilityDashboard.tsx","Frontend / UX","Included project artifact: client/src/pages/seo/VolatilityDashboard.tsx","Critical","Yes","Source tree present","Included by safe-archive rules unless excluded as a secret, dependency, cache, log, or archive"
"client/src/pages/seo/learn/LearnBullAndBearMarkets.tsx","Frontend / UX","Included project artifact: client/src/pages/seo/learn/LearnBullAndBearMarkets.tsx","Critical","Yes","Source tree present","Included by safe-archive rules unless excluded as a secret, dependency, cache, log, or archive"
"client/src/pages/seo/learn/LearnCreditSpreads.tsx","Frontend / UX","Included project artifact: client/src/pages/seo/learn/LearnCreditSpreads.tsx","Critical","Yes","Source tree present","Included by safe-archive rules unless excluded as a secret, dependency, cache, log, or archive"
"client/src/pages/seo/learn/LearnCryptoCycles.tsx","Frontend / UX","Included project artifact: client/src/pages/seo/learn/LearnCryptoCycles.tsx","Critical","Yes","Source tree present","Included by safe-archive rules unless excluded as a secret, dependency, cache, log, or archive"
"client/src/pages/seo/learn/LearnFedPolicy.tsx","Frontend / UX","Included project artifact: client/src/pages/seo/learn/LearnFedPolicy.tsx","Critical","Yes","Source tree present","Included by safe-archive rules unless excluded as a secret, dependency, cache, log, or archive"
"client/src/pages/seo/learn/LearnHowToReadStockMarket.tsx","Frontend / UX","Included project artifact: client/src/pages/seo/learn/LearnHowToReadStockMarket.tsx","Critical","Yes","Source tree present","Included by safe-archive rules unless excluded as a secret, dependency, cache, log, or archive"
"client/src/pages/seo/learn/LearnInflationAndStocks.tsx","Frontend / UX","Included project artifact: client/src/pages/seo/learn/LearnInflationAndStocks.tsx","Critical","Yes","Source tree present","Included by safe-archive rules unless excluded as a secret, dependency, cache, log, or archive"
"client/src/pages/seo/learn/LearnMacroInvesting.tsx","Frontend / UX","Included project artifact: client/src/pages/seo/learn/LearnMacroInvesting.tsx","Critical","Yes","Source tree present","Included by safe-archive rules unless excluded as a secret, dependency, cache, log, or archive"
"client/src/pages/seo/learn/LearnRiskOnRiskOff.tsx","Frontend / UX","Included project artifact: client/src/pages/seo/learn/LearnRiskOnRiskOff.tsx","Critical","Yes","Source tree present","Included by safe-archive rules unless excluded as a secret, dependency, cache, log, or archive"
"client/src/pages/seo/learn/LearnTreasuryYields.tsx","Frontend / UX","Included project artifact: client/src/pages/seo/learn/LearnTreasuryYields.tsx","Critical","Yes","Source tree present","Included by safe-archive rules unless excluded as a secret, dependency, cache, log, or archive"
"client/src/pages/seo/learn/LearnWhatCausesMarketCrash.tsx","Frontend / UX","Included project artifact: client/src/pages/seo/learn/LearnWhatCausesMarketCrash.tsx","Critical","Yes","Source tree present","Included by safe-archive rules unless excluded as a secret, dependency, cache, log, or archive"
"client/src/pages/seo/learn/LearnWhatIsLiquidity.tsx","Frontend / UX","Included project artifact: client/src/pages/seo/learn/LearnWhatIsLiquidity.tsx","Critical","Yes","Source tree present","Included by safe-archive rules unless excluded as a secret, dependency, cache, log, or archive"
"client/src/pages/seo/learn/LearnWhatIsMarketRegime.tsx","Frontend / UX","Included project artifact: client/src/pages/seo/learn/LearnWhatIsMarketRegime.tsx","Critical","Yes","Source tree present","Included by safe-archive rules unless excluded as a secret, dependency, cache, log, or archive"
"client/src/pages/seo/vs/VsBloomberg.tsx","Frontend / UX","Included project artifact: client/src/pages/seo/vs/VsBloomberg.tsx","Critical","Yes","Source tree present","Included by safe-archive rules unless excluded as a secret, dependency, cache, log, or archive"
"client/src/pages/seo/vs/VsFinviz.tsx","Frontend / UX","Included project artifact: client/src/pages/seo/vs/VsFinviz.tsx","Critical","Yes","Source tree present","Included by safe-archive rules unless excluded as a secret, dependency, cache, log, or archive"
"client/src/pages/seo/vs/VsKoyfin.tsx","Frontend / UX","Included project artifact: client/src/pages/seo/vs/VsKoyfin.tsx","Critical","Yes","Source tree present","Included by safe-archive rules unless excluded as a secret, dependency, cache, log, or archive"
"client/src/pages/seo/vs/VsTradingView.tsx","Frontend / UX","Included project artifact: client/src/pages/seo/vs/VsTradingView.tsx","Critical","Yes","Source tree present","Included by safe-archive rules unless excluded as a secret, dependency, cache, log, or archive"
"components.json","Project support","Included project artifact: components.json","Supporting","Review","Source tree present","Included by safe-archive rules unless excluded as a secret, dependency, cache, log, or archive"
"drizzle.config.ts","Build configuration","Included project artifact: drizzle.config.ts","Critical","Yes","Source tree present","Included by safe-archive rules unless excluded as a secret, dependency, cache, log, or archive"
"drizzle/0000_solid_martin_li.sql","Database schema / migration","Included project artifact: drizzle/0000_solid_martin_li.sql","Critical","Yes","Source tree present","Included by safe-archive rules unless excluded as a secret, dependency, cache, log, or archive"
"drizzle/0001_clear_clea.sql","Database schema / migration","Included project artifact: drizzle/0001_clear_clea.sql","Critical","Yes","Source tree present","Included by safe-archive rules unless excluded as a secret, dependency, cache, log, or archive"
"drizzle/0002_parallel_leader.sql","Database schema / migration","Included project artifact: drizzle/0002_parallel_leader.sql","Critical","Yes","Source tree present","Included by safe-archive rules unless excluded as a secret, dependency, cache, log, or archive"
"drizzle/0003_cooing_epoch.sql","Database schema / migration","Included project artifact: drizzle/0003_cooing_epoch.sql","Critical","Yes","Source tree present","Included by safe-archive rules unless excluded as a secret, dependency, cache, log, or archive"
"drizzle/0004_violet_saracen.sql","Database schema / migration","Included project artifact: drizzle/0004_violet_saracen.sql","Critical","Yes","Source tree present","Included by safe-archive rules unless excluded as a secret, dependency, cache, log, or archive"
"drizzle/0005_uneven_jamie_braddock.sql","Database schema / migration","Included project artifact: drizzle/0005_uneven_jamie_braddock.sql","Critical","Yes","Source tree present","Included by safe-archive rules unless excluded as a secret, dependency, cache, log, or archive"
"drizzle/0006_parallel_arclight.sql","Database schema / migration","Included project artifact: drizzle/0006_parallel_arclight.sql","Critical","Yes","Source tree present","Included by safe-archive rules unless excluded as a secret, dependency, cache, log, or archive"
"drizzle/0007_clean_talon.sql","Database schema / migration","Included project artifact: drizzle/0007_clean_talon.sql","Critical","Yes","Source tree present","Included by safe-archive rules unless excluded as a secret, dependency, cache, log, or archive"
"drizzle/0008_dark_plazm.sql","Database schema / migration","Included project artifact: drizzle/0008_dark_plazm.sql","Critical","Yes","Source tree present","Included by safe-archive rules unless excluded as a secret, dependency, cache, log, or archive"
"drizzle/0009_giant_susan_delgado.sql","Database schema / migration","Included project artifact: drizzle/0009_giant_susan_delgado.sql","Critical","Yes","Source tree present","Included by safe-archive rules unless excluded as a secret, dependency, cache, log, or archive"
"drizzle/0010_superb_gateway.sql","Database schema / migration","Included project artifact: drizzle/0010_superb_gateway.sql","Critical","Yes","Source tree present","Included by safe-archive rules unless excluded as a secret, dependency, cache, log, or archive"
"drizzle/0011_lonely_lady_mastermind.sql","Database schema / migration","Included project artifact: drizzle/0011_lonely_lady_mastermind.sql","Critical","Yes","Source tree present","Included by safe-archive rules unless excluded as a secret, dependency, cache, log, or archive"
"drizzle/0012_spotty_betty_ross.sql","Database schema / migration","Included project artifact: drizzle/0012_spotty_betty_ross.sql","Critical","Yes","Source tree present","Included by safe-archive rules unless excluded as a secret, dependency, cache, log, or archive"
"drizzle/0013_busy_marauders.sql","Database schema / migration","Included project artifact: drizzle/0013_busy_marauders.sql","Critical","Yes","Source tree present","Included by safe-archive rules unless excluded as a secret, dependency, cache, log, or archive"
"drizzle/0014_easy_songbird.sql","Database schema / migration","Included project artifact: drizzle/0014_easy_songbird.sql","Critical","Yes","Source tree present","Included by safe-archive rules unless excluded as a secret, dependency, cache, log, or archive"
"drizzle/0015_ordinary_alex_power.sql","Database schema / migration","Included project artifact: drizzle/0015_ordinary_alex_power.sql","Critical","Yes","Source tree present","Included by safe-archive rules unless excluded as a secret, dependency, cache, log, or archive"
"drizzle/0016_calm_doctor_strange.sql","Database schema / migration","Included project artifact: drizzle/0016_calm_doctor_strange.sql","Critical","Yes","Source tree present","Included by safe-archive rules unless excluded as a secret, dependency, cache, log, or archive"
"drizzle/0017_clever_sue_storm.sql","Database schema / migration","Included project artifact: drizzle/0017_clever_sue_storm.sql","Critical","Yes","Source tree present","Included by safe-archive rules unless excluded as a secret, dependency, cache, log, or archive"
"drizzle/0018_chubby_inhumans.sql","Database schema / migration","Included project artifact: drizzle/0018_chubby_inhumans.sql","Critical","Yes","Source tree present","Included by safe-archive rules unless excluded as a secret, dependency, cache, log, or archive"
"drizzle/0019_left_catseye.sql","Database schema / migration","Included project artifact: drizzle/0019_left_catseye.sql","Critical","Yes","Source tree present","Included by safe-archive rules unless excluded as a secret, dependency, cache, log, or archive"
"drizzle/0020_slimy_strong_guy.sql","Database schema / migration","Included project artifact: drizzle/0020_slimy_strong_guy.sql","Critical","Yes","Source tree present","Included by safe-archive rules unless excluded as a secret, dependency, cache, log, or archive"
"drizzle/0021_reflective_thing.sql","Database schema / migration","Included project artifact: drizzle/0021_reflective_thing.sql","Critical","Yes","Source tree present","Included by safe-archive rules unless excluded as a secret, dependency, cache, log, or archive"
"drizzle/0022_youthful_catseye.sql","Database schema / migration","Included project artifact: drizzle/0022_youthful_catseye.sql","Critical","Yes","Source tree present","Included by safe-archive rules unless excluded as a secret, dependency, cache, log, or archive"
"drizzle/0023_uneven_dorian_gray.sql","Database schema / migration","Included project artifact: drizzle/0023_uneven_dorian_gray.sql","Critical","Yes","Source tree present","Included by safe-archive rules unless excluded as a secret, dependency, cache, log, or archive"
"drizzle/0024_strange_arachne.sql","Database schema / migration","Included project artifact: drizzle/0024_strange_arachne.sql","Critical","Yes","Source tree present","Included by safe-archive rules unless excluded as a secret, dependency, cache, log, or archive"
"drizzle/0025_cold_deathbird.sql","Database schema / migration","Included project artifact: drizzle/0025_cold_deathbird.sql","Critical","Yes","Source tree present","Included by safe-archive rules unless excluded as a secret, dependency, cache, log, or archive"
"drizzle/0026_unusual_hiroim.sql","Database schema / migration","Included project artifact: drizzle/0026_unusual_hiroim.sql","Critical","Yes","Source tree present","Included by safe-archive rules unless excluded as a secret, dependency, cache, log, or archive"
"drizzle/0027_equal_speed.sql","Database schema / migration","Included project artifact: drizzle/0027_equal_speed.sql","Critical","Yes","Source tree present","Included by safe-archive rules unless excluded as a secret, dependency, cache, log, or archive"
"drizzle/0028_steep_rafael_vega.sql","Database schema / migration","Included project artifact: drizzle/0028_steep_rafael_vega.sql","Critical","Yes","Source tree present","Included by safe-archive rules unless excluded as a secret, dependency, cache, log, or archive"
"drizzle/0029_sad_amphibian.sql","Database schema / migration","Included project artifact: drizzle/0029_sad_amphibian.sql","Critical","Yes","Source tree present","Included by safe-archive rules unless excluded as a secret, dependency, cache, log, or archive"
"drizzle/0030_lively_bloodstorm.sql","Database schema / migration","Included project artifact: drizzle/0030_lively_bloodstorm.sql","Critical","Yes","Source tree present","Included by safe-archive rules unless excluded as a secret, dependency, cache, log, or archive"
"drizzle/0031_harsh_living_tribunal.sql","Database schema / migration","Included project artifact: drizzle/0031_harsh_living_tribunal.sql","Critical","Yes","Source tree present","Included by safe-archive rules unless excluded as a secret, dependency, cache, log, or archive"
"drizzle/0032_glorious_speedball.sql","Database schema / migration","Included project artifact: drizzle/0032_glorious_speedball.sql","Critical","Yes","Source tree present","Included by safe-archive rules unless excluded as a secret, dependency, cache, log, or archive"
"drizzle/0033_premium_mockingbird.sql","Database schema / migration","Included project artifact: drizzle/0033_premium_mockingbird.sql","Critical","Yes","Source tree present","Included by safe-archive rules unless excluded as a secret, dependency, cache, log, or archive"
"drizzle/0034_overjoyed_bedlam.sql","Database schema / migration","Included project artifact: drizzle/0034_overjoyed_bedlam.sql","Critical","Yes","Source tree present","Included by safe-archive rules unless excluded as a secret, dependency, cache, log, or archive"
"drizzle/0035_chilly_sunset_bain.sql","Database schema / migration","Included project artifact: drizzle/0035_chilly_sunset_bain.sql","Critical","Yes","Source tree present","Included by safe-archive rules unless excluded as a secret, dependency, cache, log, or archive"
"drizzle/0036_small_blindfold.sql","Database schema / migration","Included project artifact: drizzle/0036_small_blindfold.sql","Critical","Yes","Source tree present","Included by safe-archive rules unless excluded as a secret, dependency, cache, log, or archive"
"drizzle/0037_chief_umar.sql","Database schema / migration","Included project artifact: drizzle/0037_chief_umar.sql","Critical","Yes","Source tree present","Included by safe-archive rules unless excluded as a secret, dependency, cache, log, or archive"
"drizzle/0038_mysterious_invaders.sql","Database schema / migration","Included project artifact: drizzle/0038_mysterious_invaders.sql","Critical","Yes","Source tree present","Included by safe-archive rules unless excluded as a secret, dependency, cache, log, or archive"
"drizzle/0039_steep_gamma_corps.sql","Database schema / migration","Included project artifact: drizzle/0039_steep_gamma_corps.sql","Critical","Yes","Source tree present","Included by safe-archive rules unless excluded as a secret, dependency, cache, log, or archive"
"drizzle/0040_thick_bastion.sql","Database schema / migration","Included project artifact: drizzle/0040_thick_bastion.sql","Critical","Yes","Source tree present","Included by safe-archive rules unless excluded as a secret, dependency, cache, log, or archive"
"drizzle/0041_cloudy_jackal.sql","Database schema / migration","Included project artifact: drizzle/0041_cloudy_jackal.sql","Critical","Yes","Source tree present","Included by safe-archive rules unless excluded as a secret, dependency, cache, log, or archive"
"drizzle/0042_next_paper_doll.sql","Database schema / migration","Included project artifact: drizzle/0042_next_paper_doll.sql","Critical","Yes","Source tree present","Included by safe-archive rules unless excluded as a secret, dependency, cache, log, or archive"
"drizzle/0043_exotic_magik.sql","Database schema / migration","Included project artifact: drizzle/0043_exotic_magik.sql","Critical","Yes","Source tree present","Included by safe-archive rules unless excluded as a secret, dependency, cache, log, or archive"
"drizzle/0044_ordinary_franklin_richards.sql","Database schema / migration","Included project artifact: drizzle/0044_ordinary_franklin_richards.sql","Critical","Yes","Source tree present","Included by safe-archive rules unless excluded as a secret, dependency, cache, log, or archive"
"drizzle/0045_public_cassandra_nova.sql","Database schema / migration","Included project artifact: drizzle/0045_public_cassandra_nova.sql","Critical","Yes","Source tree present","Included by safe-archive rules unless excluded as a secret, dependency, cache, log, or archive"
"drizzle/0046_plain_martin_li.sql","Database schema / migration","Included project artifact: drizzle/0046_plain_martin_li.sql","Critical","Yes","Source tree present","Included by safe-archive rules unless excluded as a secret, dependency, cache, log, or archive"
"drizzle/0047_cold_guardsmen.sql","Database schema / migration","Included project artifact: drizzle/0047_cold_guardsmen.sql","Critical","Yes","Source tree present","Included by safe-archive rules unless excluded as a secret, dependency, cache, log, or archive"
"drizzle/0048_burly_sharon_carter.sql","Database schema / migration","Included project artifact: drizzle/0048_burly_sharon_carter.sql","Critical","Yes","Source tree present","Included by safe-archive rules unless excluded as a secret, dependency, cache, log, or archive"
"drizzle/0049_curious_scarecrow.sql","Database schema / migration","Included project artifact: drizzle/0049_curious_scarecrow.sql","Critical","Yes","Source tree present","Included by safe-archive rules unless excluded as a secret, dependency, cache, log, or archive"
"drizzle/0050_lovely_carmella_unuscione.sql","Database schema / migration","Included project artifact: drizzle/0050_lovely_carmella_unuscione.sql","Critical","Yes","Source tree present","Included by safe-archive rules unless excluded as a secret, dependency, cache, log, or archive"
"drizzle/0051_sour_pestilence.sql","Database schema / migration","Included project artifact: drizzle/0051_sour_pestilence.sql","Critical","Yes","Source tree present","Included by safe-archive rules unless excluded as a secret, dependency, cache, log, or archive"
"drizzle/0052_daffy_paibok.sql","Database schema / migration","Included project artifact: drizzle/0052_daffy_paibok.sql","Critical","Yes","Source tree present","Included by safe-archive rules unless excluded as a secret, dependency, cache, log, or archive"
"drizzle/meta/0000_snapshot.json","Database schema / migration","Included project artifact: drizzle/meta/0000_snapshot.json","Critical","Yes","Source tree present","Included by safe-archive rules unless excluded as a secret, dependency, cache, log, or archive"
"drizzle/meta/0001_snapshot.json","Database schema / migration","Included project artifact: drizzle/meta/0001_snapshot.json","Critical","Yes","Source tree present","Included by safe-archive rules unless excluded as a secret, dependency, cache, log, or archive"
"drizzle/meta/0002_snapshot.json","Database schema / migration","Included project artifact: drizzle/meta/0002_snapshot.json","Critical","Yes","Source tree present","Included by safe-archive rules unless excluded as a secret, dependency, cache, log, or archive"
"drizzle/meta/0003_snapshot.json","Database schema / migration","Included project artifact: drizzle/meta/0003_snapshot.json","Critical","Yes","Source tree present","Included by safe-archive rules unless excluded as a secret, dependency, cache, log, or archive"
"drizzle/meta/0004_snapshot.json","Database schema / migration","Included project artifact: drizzle/meta/0004_snapshot.json","Critical","Yes","Source tree present","Included by safe-archive rules unless excluded as a secret, dependency, cache, log, or archive"
"drizzle/meta/0005_snapshot.json","Database schema / migration","Included project artifact: drizzle/meta/0005_snapshot.json","Critical","Yes","Source tree present","Included by safe-archive rules unless excluded as a secret, dependency, cache, log, or archive"
"drizzle/meta/0006_snapshot.json","Database schema / migration","Included project artifact: drizzle/meta/0006_snapshot.json","Critical","Yes","Source tree present","Included by safe-archive rules unless excluded as a secret, dependency, cache, log, or archive"
"drizzle/meta/0007_snapshot.json","Database schema / migration","Included project artifact: drizzle/meta/0007_snapshot.json","Critical","Yes","Source tree present","Included by safe-archive rules unless excluded as a secret, dependency, cache, log, or archive"
"drizzle/meta/0008_snapshot.json","Database schema / migration","Included project artifact: drizzle/meta/0008_snapshot.json","Critical","Yes","Source tree present","Included by safe-archive rules unless excluded as a secret, dependency, cache, log, or archive"
"drizzle/meta/0009_snapshot.json","Database schema / migration","Included project artifact: drizzle/meta/0009_snapshot.json","Critical","Yes","Source tree present","Included by safe-archive rules unless excluded as a secret, dependency, cache, log, or archive"
"drizzle/meta/0010_snapshot.json","Database schema / migration","Included project artifact: drizzle/meta/0010_snapshot.json","Critical","Yes","Source tree present","Included by safe-archive rules unless excluded as a secret, dependency, cache, log, or archive"
"drizzle/meta/0011_snapshot.json","Database schema / migration","Included project artifact: drizzle/meta/0011_snapshot.json","Critical","Yes","Source tree present","Included by safe-archive rules unless excluded as a secret, dependency, cache, log, or archive"
"drizzle/meta/0012_snapshot.json","Database schema / migration","Included project artifact: drizzle/meta/0012_snapshot.json","Critical","Yes","Source tree present","Included by safe-archive rules unless excluded as a secret, dependency, cache, log, or archive"
"drizzle/meta/0013_snapshot.json","Database schema / migration","Included project artifact: drizzle/meta/0013_snapshot.json","Critical","Yes","Source tree present","Included by safe-archive rules unless excluded as a secret, dependency, cache, log, or archive"
"drizzle/meta/0014_snapshot.json","Database schema / migration","Included project artifact: drizzle/meta/0014_snapshot.json","Critical","Yes","Source tree present","Included by safe-archive rules unless excluded as a secret, dependency, cache, log, or archive"
"drizzle/meta/0015_snapshot.json","Database schema / migration","Included project artifact: drizzle/meta/0015_snapshot.json","Critical","Yes","Source tree present","Included by safe-archive rules unless excluded as a secret, dependency, cache, log, or archive"
"drizzle/meta/0016_snapshot.json","Database schema / migration","Included project artifact: drizzle/meta/0016_snapshot.json","Critical","Yes","Source tree present","Included by safe-archive rules unless excluded as a secret, dependency, cache, log, or archive"
"drizzle/meta/0017_snapshot.json","Database schema / migration","Included project artifact: drizzle/meta/0017_snapshot.json","Critical","Yes","Source tree present","Included by safe-archive rules unless excluded as a secret, dependency, cache, log, or archive"
"drizzle/meta/0018_snapshot.json","Database schema / migration","Included project artifact: drizzle/meta/0018_snapshot.json","Critical","Yes","Source tree present","Included by safe-archive rules unless excluded as a secret, dependency, cache, log, or archive"
"drizzle/meta/0019_snapshot.json","Database schema / migration","Included project artifact: drizzle/meta/0019_snapshot.json","Critical","Yes","Source tree present","Included by safe-archive rules unless excluded as a secret, dependency, cache, log, or archive"
"drizzle/meta/0020_snapshot.json","Database schema / migration","Included project artifact: drizzle/meta/0020_snapshot.json","Critical","Yes","Source tree present","Included by safe-archive rules unless excluded as a secret, dependency, cache, log, or archive"
"drizzle/meta/0021_snapshot.json","Database schema / migration","Included project artifact: drizzle/meta/0021_snapshot.json","Critical","Yes","Source tree present","Included by safe-archive rules unless excluded as a secret, dependency, cache, log, or archive"
"drizzle/meta/0022_snapshot.json","Database schema / migration","Included project artifact: drizzle/meta/0022_snapshot.json","Critical","Yes","Source tree present","Included by safe-archive rules unless excluded as a secret, dependency, cache, log, or archive"
"drizzle/meta/0023_snapshot.json","Database schema / migration","Included project artifact: drizzle/meta/0023_snapshot.json","Critical","Yes","Source tree present","Included by safe-archive rules unless excluded as a secret, dependency, cache, log, or archive"
"drizzle/meta/0024_snapshot.json","Database schema / migration","Included project artifact: drizzle/meta/0024_snapshot.json","Critical","Yes","Source tree present","Included by safe-archive rules unless excluded as a secret, dependency, cache, log, or archive"
"drizzle/meta/0025_snapshot.json","Database schema / migration","Included project artifact: drizzle/meta/0025_snapshot.json","Critical","Yes","Source tree present","Included by safe-archive rules unless excluded as a secret, dependency, cache, log, or archive"
"drizzle/meta/0026_snapshot.json","Database schema / migration","Included project artifact: drizzle/meta/0026_snapshot.json","Critical","Yes","Source tree present","Included by safe-archive rules unless excluded as a secret, dependency, cache, log, or archive"
"drizzle/meta/0027_snapshot.json","Database schema / migration","Included project artifact: drizzle/meta/0027_snapshot.json","Critical","Yes","Source tree present","Included by safe-archive rules unless excluded as a secret, dependency, cache, log, or archive"
"drizzle/meta/0028_snapshot.json","Database schema / migration","Included project artifact: drizzle/meta/0028_snapshot.json","Critical","Yes","Source tree present","Included by safe-archive rules unless excluded as a secret, dependency, cache, log, or archive"
"drizzle/meta/0029_snapshot.json","Database schema / migration","Included project artifact: drizzle/meta/0029_snapshot.json","Critical","Yes","Source tree present","Included by safe-archive rules unless excluded as a secret, dependency, cache, log, or archive"
"drizzle/meta/0030_snapshot.json","Database schema / migration","Included project artifact: drizzle/meta/0030_snapshot.json","Critical","Yes","Source tree present","Included by safe-archive rules unless excluded as a secret, dependency, cache, log, or archive"
"drizzle/meta/0031_snapshot.json","Database schema / migration","Included project artifact: drizzle/meta/0031_snapshot.json","Critical","Yes","Source tree present","Included by safe-archive rules unless excluded as a secret, dependency, cache, log, or archive"
"drizzle/meta/0032_snapshot.json","Database schema / migration","Included project artifact: drizzle/meta/0032_snapshot.json","Critical","Yes","Source tree present","Included by safe-archive rules unless excluded as a secret, dependency, cache, log, or archive"
"drizzle/meta/0033_snapshot.json","Database schema / migration","Included project artifact: drizzle/meta/0033_snapshot.json","Critical","Yes","Source tree present","Included by safe-archive rules unless excluded as a secret, dependency, cache, log, or archive"
"drizzle/meta/0034_snapshot.json","Database schema / migration","Included project artifact: drizzle/meta/0034_snapshot.json","Critical","Yes","Source tree present","Included by safe-archive rules unless excluded as a secret, dependency, cache, log, or archive"
"drizzle/meta/0035_snapshot.json","Database schema / migration","Included project artifact: drizzle/meta/0035_snapshot.json","Critical","Yes","Source tree present","Included by safe-archive rules unless excluded as a secret, dependency, cache, log, or archive"
"drizzle/meta/0036_snapshot.json","Database schema / migration","Included project artifact: drizzle/meta/0036_snapshot.json","Critical","Yes","Source tree present","Included by safe-archive rules unless excluded as a secret, dependency, cache, log, or archive"
"drizzle/meta/0037_snapshot.json","Database schema / migration","Included project artifact: drizzle/meta/0037_snapshot.json","Critical","Yes","Source tree present","Included by safe-archive rules unless excluded as a secret, dependency, cache, log, or archive"
"drizzle/meta/0038_snapshot.json","Database schema / migration","Included project artifact: drizzle/meta/0038_snapshot.json","Critical","Yes","Source tree present","Included by safe-archive rules unless excluded as a secret, dependency, cache, log, or archive"
"drizzle/meta/0039_snapshot.json","Database schema / migration","Included project artifact: drizzle/meta/0039_snapshot.json","Critical","Yes","Source tree present","Included by safe-archive rules unless excluded as a secret, dependency, cache, log, or archive"
"drizzle/meta/0040_snapshot.json","Database schema / migration","Included project artifact: drizzle/meta/0040_snapshot.json","Critical","Yes","Source tree present","Included by safe-archive rules unless excluded as a secret, dependency, cache, log, or archive"
"drizzle/meta/0041_snapshot.json","Database schema / migration","Included project artifact: drizzle/meta/0041_snapshot.json","Critical","Yes","Source tree present","Included by safe-archive rules unless excluded as a secret, dependency, cache, log, or archive"
"drizzle/meta/0042_snapshot.json","Database schema / migration","Included project artifact: drizzle/meta/0042_snapshot.json","Critical","Yes","Source tree present","Included by safe-archive rules unless excluded as a secret, dependency, cache, log, or archive"
"drizzle/meta/0043_snapshot.json","Database schema / migration","Included project artifact: drizzle/meta/0043_snapshot.json","Critical","Yes","Source tree present","Included by safe-archive rules unless excluded as a secret, dependency, cache, log, or archive"
"drizzle/meta/0044_snapshot.json","Database schema / migration","Included project artifact: drizzle/meta/0044_snapshot.json","Critical","Yes","Source tree present","Included by safe-archive rules unless excluded as a secret, dependency, cache, log, or archive"
"drizzle/meta/0045_snapshot.json","Database schema / migration","Included project artifact: drizzle/meta/0045_snapshot.json","Critical","Yes","Source tree present","Included by safe-archive rules unless excluded as a secret, dependency, cache, log, or archive"
"drizzle/meta/0046_snapshot.json","Database schema / migration","Included project artifact: drizzle/meta/0046_snapshot.json","Critical","Yes","Source tree present","Included by safe-archive rules unless excluded as a secret, dependency, cache, log, or archive"
"drizzle/meta/0047_snapshot.json","Database schema / migration","Included project artifact: drizzle/meta/0047_snapshot.json","Critical","Yes","Source tree present","Included by safe-archive rules unless excluded as a secret, dependency, cache, log, or archive"
"drizzle/meta/0048_snapshot.json","Database schema / migration","Included project artifact: drizzle/meta/0048_snapshot.json","Critical","Yes","Source tree present","Included by safe-archive rules unless excluded as a secret, dependency, cache, log, or archive"
"drizzle/meta/0049_snapshot.json","Database schema / migration","Included project artifact: drizzle/meta/0049_snapshot.json","Critical","Yes","Source tree present","Included by safe-archive rules unless excluded as a secret, dependency, cache, log, or archive"
"drizzle/meta/0050_snapshot.json","Database schema / migration","Included project artifact: drizzle/meta/0050_snapshot.json","Critical","Yes","Source tree present","Included by safe-archive rules unless excluded as a secret, dependency, cache, log, or archive"
"drizzle/meta/0051_snapshot.json","Database schema / migration","Included project artifact: drizzle/meta/0051_snapshot.json","Critical","Yes","Source tree present","Included by safe-archive rules unless excluded as a secret, dependency, cache, log, or archive"
"drizzle/meta/0052_snapshot.json","Database schema / migration","Included project artifact: drizzle/meta/0052_snapshot.json","Critical","Yes","Source tree present","Included by safe-archive rules unless excluded as a secret, dependency, cache, log, or archive"
"drizzle/meta/_journal.json","Database schema / migration","Included project artifact: drizzle/meta/_journal.json","Critical","Yes","Source tree present","Included by safe-archive rules unless excluded as a secret, dependency, cache, log, or archive"
"drizzle/migrations/.gitkeep","Database schema / migration","Included project artifact: drizzle/migrations/.gitkeep","Critical","Yes","Source tree present","Included by safe-archive rules unless excluded as a secret, dependency, cache, log, or archive"
"drizzle/relations.ts","Database schema / migration","Included project artifact: drizzle/relations.ts","Critical","Yes","Source tree present","Included by safe-archive rules unless excluded as a secret, dependency, cache, log, or archive"
"drizzle/schema.ts","Database schema / migration","Included project artifact: drizzle/schema.ts","Critical","Yes","Source tree present","Included by safe-archive rules unless excluded as a secret, dependency, cache, log, or archive"
"export_posts.mjs","Project support","Included project artifact: export_posts.mjs","Supporting","Review","Source tree present","Included by safe-archive rules unless excluded as a secret, dependency, cache, log, or archive"
"external-platform-distribution.md","Documentation","Included project artifact: external-platform-distribution.md","Important","Yes","Source tree present","Included by safe-archive rules unless excluded as a secret, dependency, cache, log, or archive"
"ideas.md","Documentation","Included project artifact: ideas.md","Important","Yes","Source tree present","Included by safe-archive rules unless excluded as a secret, dependency, cache, log, or archive"
"migrate-promo.mjs","Project support","Included project artifact: migrate-promo.mjs","Supporting","Review","Source tree present","Included by safe-archive rules unless excluded as a secret, dependency, cache, log, or archive"
"migrate_seismo.cjs","Project support","Included project artifact: migrate_seismo.cjs","Supporting","Review","Source tree present","Included by safe-archive rules unless excluded as a secret, dependency, cache, log, or archive"
"package-lock.json","Project support","Included project artifact: package-lock.json","Supporting","Review","Source tree present","Included by safe-archive rules unless excluded as a secret, dependency, cache, log, or archive"
"package.json","Build configuration","Included project artifact: package.json","Critical","Yes","Source tree present","Included by safe-archive rules unless excluded as a secret, dependency, cache, log, or archive"
"patches/wouter@3.7.1.patch","Project support","Included project artifact: patches/wouter@3.7.1.patch","Supporting","Review","Source tree present","Included by safe-archive rules unless excluded as a secret, dependency, cache, log, or archive"
"platform-launch-checklist.md","Documentation","Included project artifact: platform-launch-checklist.md","Important","Yes","Source tree present","Included by safe-archive rules unless excluded as a secret, dependency, cache, log, or archive"
"pnpm-lock.yaml","Build configuration","Included project artifact: pnpm-lock.yaml","Critical","Yes","Source tree present","Included by safe-archive rules unless excluded as a secret, dependency, cache, log, or archive"
"production-audit.md","Documentation","Included project artifact: production-audit.md","Important","Yes","Source tree present","Included by safe-archive rules unless excluded as a secret, dependency, cache, log, or archive"
"publish_articles.mjs","Project support","Included project artifact: publish_articles.mjs","Supporting","Review","Source tree present","Included by safe-archive rules unless excluded as a secret, dependency, cache, log, or archive"
"query_users.cjs","Project support","Included project artifact: query_users.cjs","Supporting","Review","Source tree present","Included by safe-archive rules unless excluded as a secret, dependency, cache, log, or archive"
"references/data-api.md","Product reference / asset","Included project artifact: references/data-api.md","Important","Review","Source tree present","Included by safe-archive rules unless excluded as a secret, dependency, cache, log, or archive"
"references/file-storage.md","Product reference / asset","Included project artifact: references/file-storage.md","Important","Review","Source tree present","Included by safe-archive rules unless excluded as a secret, dependency, cache, log, or archive"
"references/image-generation.md","Product reference / asset","Included project artifact: references/image-generation.md","Important","Review","Source tree present","Included by safe-archive rules unless excluded as a secret, dependency, cache, log, or archive"
"references/llm-integration.md","Product reference / asset","Included project artifact: references/llm-integration.md","Important","Review","Source tree present","Included by safe-archive rules unless excluded as a secret, dependency, cache, log, or archive"
"references/manus-oauth.md","Product reference / asset","Included project artifact: references/manus-oauth.md","Important","Review","Source tree present","Included by safe-archive rules unless excluded as a secret, dependency, cache, log, or archive"
"references/maps-integration.md","Product reference / asset","Included project artifact: references/maps-integration.md","Important","Review","Source tree present","Included by safe-archive rules unless excluded as a secret, dependency, cache, log, or archive"
"references/market-preflight-system.md","Product reference / asset","Included project artifact: references/market-preflight-system.md","Important","Review","Source tree present","Included by safe-archive rules unless excluded as a secret, dependency, cache, log, or archive"
"references/owner-notifications.md","Product reference / asset","Included project artifact: references/owner-notifications.md","Important","Review","Source tree present","Included by safe-archive rules unless excluded as a secret, dependency, cache, log, or archive"
"references/periodic-updates.md","Product reference / asset","Included project artifact: references/periodic-updates.md","Important","Review","Source tree present","Included by safe-archive rules unless excluded as a secret, dependency, cache, log, or archive"
"references/voice-transcription.md","Product reference / asset","Included project artifact: references/voice-transcription.md","Important","Review","Source tree present","Included by safe-archive rules unless excluded as a secret, dependency, cache, log, or archive"
"reorganization-inventory.md","Documentation","Included project artifact: reorganization-inventory.md","Important","Yes","Source tree present","Included by safe-archive rules unless excluded as a secret, dependency, cache, log, or archive"
"scripts/generateBackupDocs.mjs","Operational tooling","Included project artifact: scripts/generateBackupDocs.mjs","Important","Yes","Source tree present","Included by safe-archive rules unless excluded as a secret, dependency, cache, log, or archive"
"scripts/insert_url_param.py","Operational tooling","Included project artifact: scripts/insert_url_param.py","Important","Yes","Source tree present","Included by safe-archive rules unless excluded as a secret, dependency, cache, log, or archive"
"scripts/runFirstEvaluation.mjs","Operational tooling","Included project artifact: scripts/runFirstEvaluation.mjs","Important","Yes","Source tree present","Included by safe-archive rules unless excluded as a secret, dependency, cache, log, or archive"
"scripts/seedEvergreen.mjs","Operational tooling","Included project artifact: scripts/seedEvergreen.mjs","Important","Yes","Source tree present","Included by safe-archive rules unless excluded as a secret, dependency, cache, log, or archive"
"scripts/seedSimAccounts.mjs","Operational tooling","Included project artifact: scripts/seedSimAccounts.mjs","Important","Yes","Source tree present","Included by safe-archive rules unless excluded as a secret, dependency, cache, log, or archive"
"scripts/seedSimPortfolio.mjs","Operational tooling","Included project artifact: scripts/seedSimPortfolio.mjs","Important","Yes","Source tree present","Included by safe-archive rules unless excluded as a secret, dependency, cache, log, or archive"
"server/App.routeSwitch.test.ts","Backend tests","Automated regression coverage","Important","Yes","Source tree present","Included by safe-archive rules unless excluded as a secret, dependency, cache, log, or archive"
"server/_core/context.ts","Backend / intelligence","Included project artifact: server/_core/context.ts","Critical","Yes","Source tree present","Included by safe-archive rules unless excluded as a secret, dependency, cache, log, or archive"
"server/_core/cookies.ts","Backend / intelligence","Included project artifact: server/_core/cookies.ts","Critical","Yes","Source tree present","Included by safe-archive rules unless excluded as a secret, dependency, cache, log, or archive"
"server/_core/dataApi.ts","Backend / intelligence","Included project artifact: server/_core/dataApi.ts","Critical","Yes","Source tree present","Included by safe-archive rules unless excluded as a secret, dependency, cache, log, or archive"
"server/_core/env.ts","Backend / intelligence","Included project artifact: server/_core/env.ts","Critical","Yes","Source tree present","Included by safe-archive rules unless excluded as a secret, dependency, cache, log, or archive"
"server/_core/heartbeat.ts","Backend / intelligence","Included project artifact: server/_core/heartbeat.ts","Critical","Yes","Source tree present","Included by safe-archive rules unless excluded as a secret, dependency, cache, log, or archive"
"server/_core/imageGeneration.ts","Backend / intelligence","Included project artifact: server/_core/imageGeneration.ts","Critical","Yes","Source tree present","Included by safe-archive rules unless excluded as a secret, dependency, cache, log, or archive"
"server/_core/index.ts","Backend / intelligence","Included project artifact: server/_core/index.ts","Critical","Yes","Source tree present","Included by safe-archive rules unless excluded as a secret, dependency, cache, log, or archive"
"server/_core/llm.test.ts","Backend tests","Automated regression coverage","Critical","Yes","Source tree present","Included by safe-archive rules unless excluded as a secret, dependency, cache, log, or archive"
"server/_core/llm.ts","Backend / intelligence","Included project artifact: server/_core/llm.ts","Critical","Yes","Source tree present","Included by safe-archive rules unless excluded as a secret, dependency, cache, log, or archive"
"server/_core/map.ts","Backend / intelligence","Included project artifact: server/_core/map.ts","Critical","Yes","Source tree present","Included by safe-archive rules unless excluded as a secret, dependency, cache, log, or archive"
"server/_core/notification.ts","Backend / intelligence","Included project artifact: server/_core/notification.ts","Critical","Yes","Source tree present","Included by safe-archive rules unless excluded as a secret, dependency, cache, log, or archive"
"server/_core/oauth.ts","Backend / intelligence","Included project artifact: server/_core/oauth.ts","Critical","Yes","Source tree present","Included by safe-archive rules unless excluded as a secret, dependency, cache, log, or archive"
"server/_core/sdk.ts","Backend / intelligence","Included project artifact: server/_core/sdk.ts","Critical","Yes","Source tree present","Included by safe-archive rules unless excluded as a secret, dependency, cache, log, or archive"
"server/_core/storageProxy.ts","Backend / intelligence","Included project artifact: server/_core/storageProxy.ts","Critical","Yes","Source tree present","Included by safe-archive rules unless excluded as a secret, dependency, cache, log, or archive"
"server/_core/systemRouter.ts","Backend / intelligence","Included project artifact: server/_core/systemRouter.ts","Critical","Yes","Source tree present","Included by safe-archive rules unless excluded as a secret, dependency, cache, log, or archive"
"server/_core/trpc.ts","Backend / intelligence","Included project artifact: server/_core/trpc.ts","Critical","Yes","Source tree present","Included by safe-archive rules unless excluded as a secret, dependency, cache, log, or archive"
"server/_core/types/cookie.d.ts","Backend / intelligence","Included project artifact: server/_core/types/cookie.d.ts","Critical","Yes","Source tree present","Included by safe-archive rules unless excluded as a secret, dependency, cache, log, or archive"
"server/_core/types/manusTypes.ts","Backend / intelligence","Included project artifact: server/_core/types/manusTypes.ts","Critical","Yes","Source tree present","Included by safe-archive rules unless excluded as a secret, dependency, cache, log, or archive"
"server/_core/vite.ts","Backend / intelligence","Included project artifact: server/_core/vite.ts","Critical","Yes","Source tree present","Included by safe-archive rules unless excluded as a secret, dependency, cache, log, or archive"
"server/_core/voiceTranscription.ts","Backend / intelligence","Included project artifact: server/_core/voiceTranscription.ts","Critical","Yes","Source tree present","Included by safe-archive rules unless excluded as a secret, dependency, cache, log, or archive"
"server/actComposition.test.ts","Backend tests","Automated regression coverage","Important","Yes","Source tree present","Included by safe-archive rules unless excluded as a secret, dependency, cache, log, or archive"
"server/admin.users.test.ts","Backend tests","Automated regression coverage","Important","Yes","Source tree present","Included by safe-archive rules unless excluded as a secret, dependency, cache, log, or archive"
"server/aftershockEngine.test.ts","Backend tests","Automated regression coverage","Important","Yes","Source tree present","Included by safe-archive rules unless excluded as a secret, dependency, cache, log, or archive"
"server/aftershockEngine.ts","Backend / intelligence","Included project artifact: server/aftershockEngine.ts","Important","Yes","Source tree present","Included by safe-archive rules unless excluded as a secret, dependency, cache, log, or archive"
"server/altRotationEngine.test.ts","Backend tests","Automated regression coverage","Important","Yes","Source tree present","Included by safe-archive rules unless excluded as a secret, dependency, cache, log, or archive"
"server/altRotationEngine.ts","Backend / intelligence","Included project artifact: server/altRotationEngine.ts","Important","Yes","Source tree present","Included by safe-archive rules unless excluded as a secret, dependency, cache, log, or archive"
"server/analyticsCollector.ts","Backend / intelligence","Included project artifact: server/analyticsCollector.ts","Important","Yes","Source tree present","Included by safe-archive rules unless excluded as a secret, dependency, cache, log, or archive"
"server/analyticsRoutes.ts","Backend / intelligence","Included project artifact: server/analyticsRoutes.ts","Important","Yes","Source tree present","Included by safe-archive rules unless excluded as a secret, dependency, cache, log, or archive"
"server/appMarketHeader.test.ts","Backend tests","Automated regression coverage","Important","Yes","Source tree present","Included by safe-archive rules unless excluded as a secret, dependency, cache, log, or archive"
"server/ashaContinuity.test.ts","Backend tests","Automated regression coverage","Important","Yes","Source tree present","Included by safe-archive rules unless excluded as a secret, dependency, cache, log, or archive"
"server/ashaEngine.test.ts","Backend tests","Automated regression coverage","Important","Yes","Source tree present","Included by safe-archive rules unless excluded as a secret, dependency, cache, log, or archive"
"server/ashaEngine.ts","Backend / intelligence","Included project artifact: server/ashaEngine.ts","Important","Yes","Source tree present","Included by safe-archive rules unless excluded as a secret, dependency, cache, log, or archive"
"server/ashaGateway.test.ts","Backend tests","Automated regression coverage","Important","Yes","Source tree present","Included by safe-archive rules unless excluded as a secret, dependency, cache, log, or archive"
"server/ashaGateway.ts","Backend / intelligence","Included project artifact: server/ashaGateway.ts","Important","Yes","Source tree present","Included by safe-archive rules unless excluded as a secret, dependency, cache, log, or archive"
"server/ashaModelPolicy.test.ts","Backend tests","Automated regression coverage","Important","Yes","Source tree present","Included by safe-archive rules unless excluded as a secret, dependency, cache, log, or archive"
"server/ashaModelPolicy.ts","Backend / intelligence","Included project artifact: server/ashaModelPolicy.ts","Important","Yes","Source tree present","Included by safe-archive rules unless excluded as a secret, dependency, cache, log, or archive"
"server/askContextManager.test.ts","Backend tests","Automated regression coverage","Important","Yes","Source tree present","Included by safe-archive rules unless excluded as a secret, dependency, cache, log, or archive"
"server/askUxFixes.test.ts","Backend tests","Automated regression coverage","Important","Yes","Source tree present","Included by safe-archive rules unless excluded as a secret, dependency, cache, log, or archive"
"server/asymmetricOpportunities.ts","Backend / intelligence","Included project artifact: server/asymmetricOpportunities.ts","Important","Yes","Source tree present","Included by safe-archive rules unless excluded as a secret, dependency, cache, log, or archive"
"server/auth.flow.test.ts","Backend tests","Automated regression coverage","Important","Yes","Source tree present","Included by safe-archive rules unless excluded as a secret, dependency, cache, log, or archive"
"server/auth.logout.test.ts","Backend tests","Automated regression coverage","Important","Yes","Source tree present","Included by safe-archive rules unless excluded as a secret, dependency, cache, log, or archive"
"server/autonomousPublishing.ts","Backend / intelligence","Included project artifact: server/autonomousPublishing.ts","Important","Yes","Source tree present","Included by safe-archive rules unless excluded as a secret, dependency, cache, log, or archive"
"server/awareness.access.test.ts","Backend tests","Automated regression coverage","Important","Yes","Source tree present","Included by safe-archive rules unless excluded as a secret, dependency, cache, log, or archive"
"server/chatPipeline.test.ts","Backend tests","Automated regression coverage","Important","Yes","Source tree present","Included by safe-archive rules unless excluded as a secret, dependency, cache, log, or archive"
"server/chatbotEngine.test.ts","Backend tests","Automated regression coverage","Important","Yes","Source tree present","Included by safe-archive rules unless excluded as a secret, dependency, cache, log, or archive"
"server/chatbotEngine.ts","Backend / intelligence","Included project artifact: server/chatbotEngine.ts","Important","Yes","Source tree present","Included by safe-archive rules unless excluded as a secret, dependency, cache, log, or archive"
"server/coingecko.key.test.ts","Backend tests","Automated regression coverage","Important","Yes","Source tree present","Included by safe-archive rules unless excluded as a secret, dependency, cache, log, or archive"
"server/coingeckoProxy.test.ts","Backend tests","Automated regression coverage","Important","Yes","Source tree present","Included by safe-archive rules unless excluded as a secret, dependency, cache, log, or archive"
"server/coingeckoProxy.ts","Backend / intelligence","Included project artifact: server/coingeckoProxy.ts","Important","Yes","Source tree present","Included by safe-archive rules unless excluded as a secret, dependency, cache, log, or archive"
"server/conversationLogger.test.ts","Backend tests","Automated regression coverage","Important","Yes","Source tree present","Included by safe-archive rules unless excluded as a secret, dependency, cache, log, or archive"
"server/conversationLogger.ts","Backend / intelligence","Included project artifact: server/conversationLogger.ts","Important","Yes","Source tree present","Included by safe-archive rules unless excluded as a secret, dependency, cache, log, or archive"
"server/crossMarketEngine.ts","Backend / intelligence","Included project artifact: server/crossMarketEngine.ts","Important","Yes","Source tree present","Included by safe-archive rules unless excluded as a secret, dependency, cache, log, or archive"
"server/cryptoEngine.ts","Backend / intelligence","Included project artifact: server/cryptoEngine.ts","Important","Yes","Source tree present","Included by safe-archive rules unless excluded as a secret, dependency, cache, log, or archive"
"server/cryptoIntelligence.test.ts","Backend tests","Automated regression coverage","Important","Yes","Source tree present","Included by safe-archive rules unless excluded as a secret, dependency, cache, log, or archive"
"server/cryptoIntelligence.ts","Backend / intelligence","Included project artifact: server/cryptoIntelligence.ts","Important","Yes","Source tree present","Included by safe-archive rules unless excluded as a secret, dependency, cache, log, or archive"
"server/cryptoIntelligence.types.ts","Backend / intelligence","Included project artifact: server/cryptoIntelligence.types.ts","Important","Yes","Source tree present","Included by safe-archive rules unless excluded as a secret, dependency, cache, log, or archive"
"server/cryptoRecommendations.test.ts","Backend tests","Automated regression coverage","Important","Yes","Source tree present","Included by safe-archive rules unless excluded as a secret, dependency, cache, log, or archive"
"server/cryptoRegimeEngine.ts","Backend / intelligence","Included project artifact: server/cryptoRegimeEngine.ts","Important","Yes","Source tree present","Included by safe-archive rules unless excluded as a secret, dependency, cache, log, or archive"
"server/cryptoSignals.test.ts","Backend tests","Automated regression coverage","Important","Yes","Source tree present","Included by safe-archive rules unless excluded as a secret, dependency, cache, log, or archive"
"server/cryptoSignals.ts","Backend / intelligence","Included project artifact: server/cryptoSignals.ts","Important","Yes","Source tree present","Included by safe-archive rules unless excluded as a secret, dependency, cache, log, or archive"
"server/cryptoWatchlist.test.ts","Backend tests","Automated regression coverage","Important","Yes","Source tree present","Included by safe-archive rules unless excluded as a secret, dependency, cache, log, or archive"
"server/dailyBrief.test.ts","Backend tests","Automated regression coverage","Important","Yes","Source tree present","Included by safe-archive rules unless excluded as a secret, dependency, cache, log, or archive"
"server/dashboardSearchPanels.test.ts","Backend tests","Automated regression coverage","Important","Yes","Source tree present","Included by safe-archive rules unless excluded as a secret, dependency, cache, log, or archive"
"server/dayTradeEngine.ts","Backend / intelligence","Included project artifact: server/dayTradeEngine.ts","Important","Yes","Source tree present","Included by safe-archive rules unless excluded as a secret, dependency, cache, log, or archive"
"server/db.ts","Backend / intelligence","Included project artifact: server/db.ts","Important","Yes","Source tree present","Included by safe-archive rules unless excluded as a secret, dependency, cache, log, or archive"
"server/decisionLedger.test.ts","Backend tests","Automated regression coverage","Important","Yes","Source tree present","Included by safe-archive rules unless excluded as a secret, dependency, cache, log, or archive"
"server/decisionLedgerEvaluator.ts","Backend / intelligence","Included project artifact: server/decisionLedgerEvaluator.ts","Important","Yes","Source tree present","Included by safe-archive rules unless excluded as a secret, dependency, cache, log, or archive"
"server/diagnosticAI.test.ts","Backend tests","Automated regression coverage","Important","Yes","Source tree present","Included by safe-archive rules unless excluded as a secret, dependency, cache, log, or archive"
"server/diagnosticAI.ts","Backend / intelligence","Included project artifact: server/diagnosticAI.ts","Important","Yes","Source tree present","Included by safe-archive rules unless excluded as a secret, dependency, cache, log, or archive"
"server/email.test.ts","Backend tests","Automated regression coverage","Important","Yes","Source tree present","Included by safe-archive rules unless excluded as a secret, dependency, cache, log, or archive"
"server/email.ts","Backend / intelligence","Included project artifact: server/email.ts","Important","Yes","Source tree present","Included by safe-archive rules unless excluded as a secret, dependency, cache, log, or archive"
"server/errorTracking.ts","Backend / intelligence","Included project artifact: server/errorTracking.ts","Important","Yes","Source tree present","Included by safe-archive rules unless excluded as a secret, dependency, cache, log, or archive"
"server/fmos/engines/aiInterpretation.ts","Backend / intelligence","Included project artifact: server/fmos/engines/aiInterpretation.ts","Important","Yes","Source tree present","Included by safe-archive rules unless excluded as a secret, dependency, cache, log, or archive"
"server/fmos/engines/calibration.ts","Backend / intelligence","Included project artifact: server/fmos/engines/calibration.ts","Important","Yes","Source tree present","Included by safe-archive rules unless excluded as a secret, dependency, cache, log, or archive"
"server/fmos/engines/confidence.ts","Backend / intelligence","Included project artifact: server/fmos/engines/confidence.ts","Important","Yes","Source tree present","Included by safe-archive rules unless excluded as a secret, dependency, cache, log, or archive"
"server/fmos/engines/dataAcquisition.ts","Backend / intelligence","Included project artifact: server/fmos/engines/dataAcquisition.ts","Important","Yes","Source tree present","Included by safe-archive rules unless excluded as a secret, dependency, cache, log, or archive"
"server/fmos/engines/decision.ts","Backend / intelligence","Included project artifact: server/fmos/engines/decision.ts","Important","Yes","Source tree present","Included by safe-archive rules unless excluded as a secret, dependency, cache, log, or archive"
"server/fmos/engines/evidence.ts","Backend / intelligence","Included project artifact: server/fmos/engines/evidence.ts","Important","Yes","Source tree present","Included by safe-archive rules unless excluded as a secret, dependency, cache, log, or archive"
"server/fmos/engines/historicalAnalog.ts","Backend / intelligence","Included project artifact: server/fmos/engines/historicalAnalog.ts","Important","Yes","Source tree present","Included by safe-archive rules unless excluded as a secret, dependency, cache, log, or archive"
"server/fmos/engines/learning.ts","Backend / intelligence","Included project artifact: server/fmos/engines/learning.ts","Important","Yes","Source tree present","Included by safe-archive rules unless excluded as a secret, dependency, cache, log, or archive"
"server/fmos/engines/marketDNA.ts","Backend / intelligence","Included project artifact: server/fmos/engines/marketDNA.ts","Important","Yes","Source tree present","Included by safe-archive rules unless excluded as a secret, dependency, cache, log, or archive"
"server/fmos/engines/marketWeather.ts","Backend / intelligence","Included project artifact: server/fmos/engines/marketWeather.ts","Important","Yes","Source tree present","Included by safe-archive rules unless excluded as a secret, dependency, cache, log, or archive"
"server/fmos/engines/probability.ts","Backend / intelligence","Included project artifact: server/fmos/engines/probability.ts","Important","Yes","Source tree present","Included by safe-archive rules unless excluded as a secret, dependency, cache, log, or archive"
"server/fmos/engines/regime.ts","Backend / intelligence","Included project artifact: server/fmos/engines/regime.ts","Important","Yes","Source tree present","Included by safe-archive rules unless excluded as a secret, dependency, cache, log, or archive"
"server/fmos/engines/transition.ts","Backend / intelligence","Included project artifact: server/fmos/engines/transition.ts","Important","Yes","Source tree present","Included by safe-archive rules unless excluded as a secret, dependency, cache, log, or archive"
"server/fmos/index.ts","Backend / intelligence","Included project artifact: server/fmos/index.ts","Important","Yes","Source tree present","Included by safe-archive rules unless excluded as a secret, dependency, cache, log, or archive"
"server/fmos/pipeline.ts","Backend / intelligence","Included project artifact: server/fmos/pipeline.ts","Important","Yes","Source tree present","Included by safe-archive rules unless excluded as a secret, dependency, cache, log, or archive"
"server/fmos/types.ts","Backend / intelligence","Included project artifact: server/fmos/types.ts","Important","Yes","Source tree present","Included by safe-archive rules unless excluded as a secret, dependency, cache, log, or archive"
"server/fmos/utils.ts","Backend / intelligence","Included project artifact: server/fmos/utils.ts","Important","Yes","Source tree present","Included by safe-archive rules unless excluded as a secret, dependency, cache, log, or archive"
"server/fredClient.ts","Backend / intelligence","Included project artifact: server/fredClient.ts","Important","Yes","Source tree present","Included by safe-archive rules unless excluded as a secret, dependency, cache, log, or archive"
"server/fredProxy.test.ts","Backend tests","Automated regression coverage","Important","Yes","Source tree present","Included by safe-archive rules unless excluded as a secret, dependency, cache, log, or archive"
"server/fredProxy.ts","Backend / intelligence","Included project artifact: server/fredProxy.ts","Important","Yes","Source tree present","Included by safe-archive rules unless excluded as a secret, dependency, cache, log, or archive"
"server/ga4Analytics.test.ts","Backend tests","Automated regression coverage","Important","Yes","Source tree present","Included by safe-archive rules unless excluded as a secret, dependency, cache, log, or archive"
"server/growthFeatures.regression.test.ts","Backend tests","Automated regression coverage","Important","Yes","Source tree present","Included by safe-archive rules unless excluded as a secret, dependency, cache, log, or archive"
"server/gsc.credentials.test.ts","Backend tests","Automated regression coverage","Important","Yes","Source tree present","Included by safe-archive rules unless excluded as a secret, dependency, cache, log, or archive"
"server/guide.route.test.ts","Backend tests","Automated regression coverage","Important","Yes","Source tree present","Included by safe-archive rules unless excluded as a secret, dependency, cache, log, or archive"
"server/historicalContextEngine.test.ts","Backend tests","Automated regression coverage","Important","Yes","Source tree present","Included by safe-archive rules unless excluded as a secret, dependency, cache, log, or archive"
"server/historicalContextEngine.ts","Backend / intelligence","Included project artifact: server/historicalContextEngine.ts","Important","Yes","Source tree present","Included by safe-archive rules unless excluded as a secret, dependency, cache, log, or archive"
"server/historicalIntelligenceEngine.test.ts","Backend tests","Automated regression coverage","Important","Yes","Source tree present","Included by safe-archive rules unless excluded as a secret, dependency, cache, log, or archive"
"server/historicalIntelligenceEngine.ts","Backend / intelligence","Included project artifact: server/historicalIntelligenceEngine.ts","Important","Yes","Source tree present","Included by safe-archive rules unless excluded as a secret, dependency, cache, log, or archive"
"server/homepageBriefing.test.ts","Backend tests","Automated regression coverage","Important","Yes","Source tree present","Included by safe-archive rules unless excluded as a secret, dependency, cache, log, or archive"
"server/homepageBriefing.ts","Backend / intelligence","Included project artifact: server/homepageBriefing.ts","Important","Yes","Source tree present","Included by safe-archive rules unless excluded as a secret, dependency, cache, log, or archive"
"server/index.ts","Backend / intelligence","Included project artifact: server/index.ts","Important","Yes","Source tree present","Included by safe-archive rules unless excluded as a secret, dependency, cache, log, or archive"
"server/insiderIntelligence.test.ts","Backend tests","Automated regression coverage","Important","Yes","Source tree present","Included by safe-archive rules unless excluded as a secret, dependency, cache, log, or archive"
"server/insiderIntelligence.ts","Backend / intelligence","Included project artifact: server/insiderIntelligence.ts","Important","Yes","Source tree present","Included by safe-archive rules unless excluded as a secret, dependency, cache, log, or archive"
"server/intelligenceValidation.test.ts","Backend tests","Automated regression coverage","Important","Yes","Source tree present","Included by safe-archive rules unless excluded as a secret, dependency, cache, log, or archive"
"server/intentResolver.contract.ts","Backend / intelligence","Included project artifact: server/intentResolver.contract.ts","Important","Yes","Source tree present","Included by safe-archive rules unless excluded as a secret, dependency, cache, log, or archive"
"server/intentResolver.queryKeywords.ts","Backend / intelligence","Included project artifact: server/intentResolver.queryKeywords.ts","Important","Yes","Source tree present","Included by safe-archive rules unless excluded as a secret, dependency, cache, log, or archive"
"server/intentResolver.test.ts","Backend tests","Automated regression coverage","Important","Yes","Source tree present","Included by safe-archive rules unless excluded as a secret, dependency, cache, log, or archive"
"server/intentResolver.ts","Backend / intelligence","Included project artifact: server/intentResolver.ts","Important","Yes","Source tree present","Included by safe-archive rules unless excluded as a secret, dependency, cache, log, or archive"
"server/intentResolverFixes.test.ts","Backend tests","Automated regression coverage","Important","Yes","Source tree present","Included by safe-archive rules unless excluded as a secret, dependency, cache, log, or archive"
"server/internalAnalytics.test.ts","Backend tests","Automated regression coverage","Important","Yes","Source tree present","Included by safe-archive rules unless excluded as a secret, dependency, cache, log, or archive"
"server/lessonExtractor.ts","Backend / intelligence","Included project artifact: server/lessonExtractor.ts","Important","Yes","Source tree present","Included by safe-archive rules unless excluded as a secret, dependency, cache, log, or archive"
"server/logger.ts","Backend / intelligence","Included project artifact: server/logger.ts","Important","Yes","Source tree present","Included by safe-archive rules unless excluded as a secret, dependency, cache, log, or archive"
"server/lruCache.ts","Backend / intelligence","Included project artifact: server/lruCache.ts","Important","Yes","Source tree present","Included by safe-archive rules unless excluded as a secret, dependency, cache, log, or archive"
"server/marketAwareness.ts","Backend / intelligence","Included project artifact: server/marketAwareness.ts","Important","Yes","Source tree present","Included by safe-archive rules unless excluded as a secret, dependency, cache, log, or archive"
"server/marketIntelligence.test.ts","Backend tests","Automated regression coverage","Important","Yes","Source tree present","Included by safe-archive rules unless excluded as a secret, dependency, cache, log, or archive"
"server/marketMetrics.test.ts","Backend tests","Automated regression coverage","Important","Yes","Source tree present","Included by safe-archive rules unless excluded as a secret, dependency, cache, log, or archive"
"server/marketStateCache.test.ts","Backend tests","Automated regression coverage","Important","Yes","Source tree present","Included by safe-archive rules unless excluded as a secret, dependency, cache, log, or archive"
"server/marketStateCache.ts","Backend / intelligence","Included project artifact: server/marketStateCache.ts","Important","Yes","Source tree present","Included by safe-archive rules unless excluded as a secret, dependency, cache, log, or archive"
"server/marketStateProjection.test.ts","Backend tests","Automated regression coverage","Important","Yes","Source tree present","Included by safe-archive rules unless excluded as a secret, dependency, cache, log, or archive"
"server/marketStateService.test.ts","Backend tests","Automated regression coverage","Important","Yes","Source tree present","Included by safe-archive rules unless excluded as a secret, dependency, cache, log, or archive"
"server/marketStateService.ts","Backend / intelligence","Included project artifact: server/marketStateService.ts","Important","Yes","Source tree present","Included by safe-archive rules unless excluded as a secret, dependency, cache, log, or archive"
"server/newsMonitor.ts","Backend / intelligence","Included project artifact: server/newsMonitor.ts","Important","Yes","Source tree present","Included by safe-archive rules unless excluded as a secret, dependency, cache, log, or archive"
"server/nowComposition.test.ts","Backend tests","Automated regression coverage","Important","Yes","Source tree present","Included by safe-archive rules unless excluded as a secret, dependency, cache, log, or archive"
"server/organicContentEngine.ts","Backend / intelligence","Included project artifact: server/organicContentEngine.ts","Important","Yes","Source tree present","Included by safe-archive rules unless excluded as a secret, dependency, cache, log, or archive"
"server/outlookComposition.test.ts","Backend tests","Automated regression coverage","Important","Yes","Source tree present","Included by safe-archive rules unless excluded as a secret, dependency, cache, log, or archive"
"server/ownerSimulation.ts","Backend / intelligence","Included project artifact: server/ownerSimulation.ts","Important","Yes","Source tree present","Included by safe-archive rules unless excluded as a secret, dependency, cache, log, or archive"
"server/pageTreatmentManifest.test.ts","Backend tests","Automated regression coverage","Important","Yes","Source tree present","Included by safe-archive rules unless excluded as a secret, dependency, cache, log, or archive"
"server/pipelineLogger.ts","Backend / intelligence","Included project artifact: server/pipelineLogger.ts","Important","Yes","Source tree present","Included by safe-archive rules unless excluded as a secret, dependency, cache, log, or archive"
"server/platformStability.test.ts","Backend tests","Automated regression coverage","Important","Yes","Source tree present","Included by safe-archive rules unless excluded as a secret, dependency, cache, log, or archive"
"server/polygon.key.test.ts","Backend tests","Automated regression coverage","Important","Yes","Source tree present","Included by safe-archive rules unless excluded as a secret, dependency, cache, log, or archive"
"server/portfolio.test.ts","Backend tests","Automated regression coverage","Important","Yes","Source tree present","Included by safe-archive rules unless excluded as a secret, dependency, cache, log, or archive"
"server/positionGuidance.ts","Backend / intelligence","Included project artifact: server/positionGuidance.ts","Important","Yes","Source tree present","Included by safe-archive rules unless excluded as a secret, dependency, cache, log, or archive"
"server/preFlight.ts","Backend / intelligence","Included project artifact: server/preFlight.ts","Important","Yes","Source tree present","Included by safe-archive rules unless excluded as a secret, dependency, cache, log, or archive"
"server/pressure/engine.test.ts","Backend tests","Automated regression coverage","Critical","Yes","Source tree present","Included by safe-archive rules unless excluded as a secret, dependency, cache, log, or archive"
"server/pressure/engine.ts","Backend / intelligence","Included project artifact: server/pressure/engine.ts","Critical","Yes","Source tree present","Included by safe-archive rules unless excluded as a secret, dependency, cache, log, or archive"
"server/pressure/shadowEngine.ts","Backend / intelligence","Included project artifact: server/pressure/shadowEngine.ts","Critical","Yes","Source tree present","Included by safe-archive rules unless excluded as a secret, dependency, cache, log, or archive"
"server/priceLevels.test.ts","Backend tests","Automated regression coverage","Important","Yes","Source tree present","Included by safe-archive rules unless excluded as a secret, dependency, cache, log, or archive"
"server/priceLevels.ts","Backend / intelligence","Included project artifact: server/priceLevels.ts","Important","Yes","Source tree present","Included by safe-archive rules unless excluded as a secret, dependency, cache, log, or archive"
"server/questionIntent.test.ts","Backend tests","Automated regression coverage","Important","Yes","Source tree present","Included by safe-archive rules unless excluded as a secret, dependency, cache, log, or archive"
"server/readingHistory.ts","Backend / intelligence","Included project artifact: server/readingHistory.ts","Important","Yes","Source tree present","Included by safe-archive rules unless excluded as a secret, dependency, cache, log, or archive"
"server/recoveryEngine.test.ts","Backend tests","Automated regression coverage","Important","Yes","Source tree present","Included by safe-archive rules unless excluded as a secret, dependency, cache, log, or archive"
"server/recoveryEngine.ts","Backend / intelligence","Included project artifact: server/recoveryEngine.ts","Important","Yes","Source tree present","Included by safe-archive rules unless excluded as a secret, dependency, cache, log, or archive"
"server/rightActionDrawer.test.ts","Backend tests","Automated regression coverage","Important","Yes","Source tree present","Included by safe-archive rules unless excluded as a secret, dependency, cache, log, or archive"
"server/routeConsolidation.test.ts","Backend tests","Automated regression coverage","Important","Yes","Source tree present","Included by safe-archive rules unless excluded as a secret, dependency, cache, log, or archive"
"server/routeRegistry.test.ts","Backend tests","Automated regression coverage","Important","Yes","Source tree present","Included by safe-archive rules unless excluded as a secret, dependency, cache, log, or archive"
"server/routeRegistryConsumers.test.ts","Backend tests","Automated regression coverage","Important","Yes","Source tree present","Included by safe-archive rules unless excluded as a secret, dependency, cache, log, or archive"
"server/routers.ts","Backend / intelligence","Included project artifact: server/routers.ts","Critical","Yes","Source tree present","Included by safe-archive rules unless excluded as a secret, dependency, cache, log, or archive"
"server/routers/admin.ts","Backend / intelligence","Included project artifact: server/routers/admin.ts","Critical","Yes","Source tree present","Included by safe-archive rules unless excluded as a secret, dependency, cache, log, or archive"
"server/routers/analytics.ts","Backend / intelligence","Included project artifact: server/routers/analytics.ts","Critical","Yes","Source tree present","Included by safe-archive rules unless excluded as a secret, dependency, cache, log, or archive"
"server/routers/ashaMemory.ts","Backend / intelligence","Included project artifact: server/routers/ashaMemory.ts","Critical","Yes","Source tree present","Included by safe-archive rules unless excluded as a secret, dependency, cache, log, or archive"
"server/routers/billing.ts","Backend / intelligence","Included project artifact: server/routers/billing.ts","Critical","Yes","Source tree present","Included by safe-archive rules unless excluded as a secret, dependency, cache, log, or archive"
"server/routers/blog.ts","Backend / intelligence","Included project artifact: server/routers/blog.ts","Critical","Yes","Source tree present","Included by safe-archive rules unless excluded as a secret, dependency, cache, log, or archive"
"server/routers/conversationIntelligence.ts","Backend / intelligence","Included project artifact: server/routers/conversationIntelligence.ts","Critical","Yes","Source tree present","Included by safe-archive rules unless excluded as a secret, dependency, cache, log, or archive"
"server/routers/dailyBrief.ts","Backend / intelligence","Included project artifact: server/routers/dailyBrief.ts","Critical","Yes","Source tree present","Included by safe-archive rules unless excluded as a secret, dependency, cache, log, or archive"
"server/routers/fmos.ts","Backend / intelligence","Included project artifact: server/routers/fmos.ts","Critical","Yes","Source tree present","Included by safe-archive rules unless excluded as a secret, dependency, cache, log, or archive"
"server/routers/gsc.ts","Backend / intelligence","Included project artifact: server/routers/gsc.ts","Critical","Yes","Source tree present","Included by safe-archive rules unless excluded as a secret, dependency, cache, log, or archive"
"server/routers/index.ts","Backend / intelligence","Included project artifact: server/routers/index.ts","Critical","Yes","Source tree present","Included by safe-archive rules unless excluded as a secret, dependency, cache, log, or archive"
"server/routers/intelligenceValidation.ts","Backend / intelligence","Included project artifact: server/routers/intelligenceValidation.ts","Critical","Yes","Source tree present","Included by safe-archive rules unless excluded as a secret, dependency, cache, log, or archive"
"server/routers/marketIntelligence.ts","Backend / intelligence","Included project artifact: server/routers/marketIntelligence.ts","Critical","Yes","Source tree present","Included by safe-archive rules unless excluded as a secret, dependency, cache, log, or archive"
"server/routers/marketState.ts","Backend / intelligence","Included project artifact: server/routers/marketState.ts","Critical","Yes","Source tree present","Included by safe-archive rules unless excluded as a secret, dependency, cache, log, or archive"
"server/routers/markets.ts","Backend / intelligence","Included project artifact: server/routers/markets.ts","Critical","Yes","Source tree present","Included by safe-archive rules unless excluded as a secret, dependency, cache, log, or archive"
"server/routers/organicContent.ts","Backend / intelligence","Included project artifact: server/routers/organicContent.ts","Critical","Yes","Source tree present","Included by safe-archive rules unless excluded as a secret, dependency, cache, log, or archive"
"server/routers/outlook.ts","Backend / intelligence","Included project artifact: server/routers/outlook.ts","Critical","Yes","Source tree present","Included by safe-archive rules unless excluded as a secret, dependency, cache, log, or archive"
"server/routers/promo.test.ts","Backend tests","Automated regression coverage","Critical","Yes","Source tree present","Included by safe-archive rules unless excluded as a secret, dependency, cache, log, or archive"
"server/routers/promo.ts","Backend / intelligence","Included project artifact: server/routers/promo.ts","Critical","Yes","Source tree present","Included by safe-archive rules unless excluded as a secret, dependency, cache, log, or archive"
"server/routers/seismograph.ts","Backend / intelligence","Included project artifact: server/routers/seismograph.ts","Critical","Yes","Source tree present","Included by safe-archive rules unless excluded as a secret, dependency, cache, log, or archive"
"server/routers/signals.ts","Backend / intelligence","Included project artifact: server/routers/signals.ts","Critical","Yes","Source tree present","Included by safe-archive rules unless excluded as a secret, dependency, cache, log, or archive"
"server/routers/smartDiscovery.ts","Backend / intelligence","Included project artifact: server/routers/smartDiscovery.ts","Critical","Yes","Source tree present","Included by safe-archive rules unless excluded as a secret, dependency, cache, log, or archive"
"server/routers/timeMachine.test.ts","Backend tests","Automated regression coverage","Critical","Yes","Source tree present","Included by safe-archive rules unless excluded as a secret, dependency, cache, log, or archive"
"server/routers/timeMachine.ts","Backend / intelligence","Included project artifact: server/routers/timeMachine.ts","Critical","Yes","Source tree present","Included by safe-archive rules unless excluded as a secret, dependency, cache, log, or archive"
"server/rssFeed.ts","Backend / intelligence","Included project artifact: server/rssFeed.ts","Important","Yes","Source tree present","Included by safe-archive rules unless excluded as a secret, dependency, cache, log, or archive"
"server/scheduledBlog.ts","Backend / intelligence","Included project artifact: server/scheduledBlog.ts","Important","Yes","Source tree present","Included by safe-archive rules unless excluded as a secret, dependency, cache, log, or archive"
"server/scheduledDailySnapshot.ts","Backend / intelligence","Included project artifact: server/scheduledDailySnapshot.ts","Important","Yes","Source tree present","Included by safe-archive rules unless excluded as a secret, dependency, cache, log, or archive"
"server/scheduledDripEmail.ts","Backend / intelligence","Included project artifact: server/scheduledDripEmail.ts","Important","Yes","Source tree present","Included by safe-archive rules unless excluded as a secret, dependency, cache, log, or archive"
"server/scheduledLedgerEvaluation.ts","Backend / intelligence","Included project artifact: server/scheduledLedgerEvaluation.ts","Important","Yes","Source tree present","Included by safe-archive rules unless excluded as a secret, dependency, cache, log, or archive"
"server/scheduledSeismograph.ts","Backend / intelligence","Included project artifact: server/scheduledSeismograph.ts","Important","Yes","Source tree present","Included by safe-archive rules unless excluded as a secret, dependency, cache, log, or archive"
"server/scheduledShadowModel.ts","Backend / intelligence","Included project artifact: server/scheduledShadowModel.ts","Important","Yes","Source tree present","Included by safe-archive rules unless excluded as a secret, dependency, cache, log, or archive"
"server/scheduledSimPortfolio.ts","Backend / intelligence","Included project artifact: server/scheduledSimPortfolio.ts","Important","Yes","Source tree present","Included by safe-archive rules unless excluded as a secret, dependency, cache, log, or archive"
"server/scheduledWeeklyImprovementReport.ts","Backend / intelligence","Included project artifact: server/scheduledWeeklyImprovementReport.ts","Important","Yes","Source tree present","Included by safe-archive rules unless excluded as a secret, dependency, cache, log, or archive"
"server/scheduledXPost.ts","Backend / intelligence","Included project artifact: server/scheduledXPost.ts","Important","Yes","Source tree present","Included by safe-archive rules unless excluded as a secret, dependency, cache, log, or archive"
"server/seismographAdapters.ts","Backend / intelligence","Included project artifact: server/seismographAdapters.ts","Important","Yes","Source tree present","Included by safe-archive rules unless excluded as a secret, dependency, cache, log, or archive"
"server/seismographBackfill.ts","Backend / intelligence","Included project artifact: server/seismographBackfill.ts","Important","Yes","Source tree present","Included by safe-archive rules unless excluded as a secret, dependency, cache, log, or archive"
"server/seismographCore.contract.ts","Backend / intelligence","Included project artifact: server/seismographCore.contract.ts","Important","Yes","Source tree present","Included by safe-archive rules unless excluded as a secret, dependency, cache, log, or archive"
"server/seismographCore.test.ts","Backend tests","Automated regression coverage","Important","Yes","Source tree present","Included by safe-archive rules unless excluded as a secret, dependency, cache, log, or archive"
"server/seismographCore.ts","Backend / intelligence","Included project artifact: server/seismographCore.ts","Important","Yes","Source tree present","Included by safe-archive rules unless excluded as a secret, dependency, cache, log, or archive"
"server/seismographEngine.ts","Backend / intelligence","Included project artifact: server/seismographEngine.ts","Important","Yes","Source tree present","Included by safe-archive rules unless excluded as a secret, dependency, cache, log, or archive"
"server/seismographUnified.falseZero.test.ts","Backend tests","Automated regression coverage","Important","Yes","Source tree present","Included by safe-archive rules unless excluded as a secret, dependency, cache, log, or archive"
"server/seismographUnified.ts","Backend / intelligence","Included project artifact: server/seismographUnified.ts","Important","Yes","Source tree present","Included by safe-archive rules unless excluded as a secret, dependency, cache, log, or archive"
"server/sendgrid.key.test.ts","Backend tests","Automated regression coverage","Important","Yes","Source tree present","Included by safe-archive rules unless excluded as a secret, dependency, cache, log, or archive"
"server/seoMeta.ts","Backend / intelligence","Included project artifact: server/seoMeta.ts","Important","Yes","Source tree present","Included by safe-archive rules unless excluded as a secret, dependency, cache, log, or archive"
"server/seoOptimizer.ts","Backend / intelligence","Included project artifact: server/seoOptimizer.ts","Important","Yes","Source tree present","Included by safe-archive rules unless excluded as a secret, dependency, cache, log, or archive"
"server/seoRoutes.ts","Backend / intelligence","Included project artifact: server/seoRoutes.ts","Important","Yes","Source tree present","Included by safe-archive rules unless excluded as a secret, dependency, cache, log, or archive"
"server/signalOutlook.test.ts","Backend tests","Automated regression coverage","Important","Yes","Source tree present","Included by safe-archive rules unless excluded as a secret, dependency, cache, log, or archive"
"server/signalOutlook.ts","Backend / intelligence","Included project artifact: server/signalOutlook.ts","Important","Yes","Source tree present","Included by safe-archive rules unless excluded as a secret, dependency, cache, log, or archive"
"server/signalUpgrade.regression.test.ts","Backend tests","Automated regression coverage","Important","Yes","Source tree present","Included by safe-archive rules unless excluded as a secret, dependency, cache, log, or archive"
"server/signals.proxy.test.ts","Backend tests","Automated regression coverage","Important","Yes","Source tree present","Included by safe-archive rules unless excluded as a secret, dependency, cache, log, or archive"
"server/signalsClassifier.ts","Backend / intelligence","Included project artifact: server/signalsClassifier.ts","Important","Yes","Source tree present","Included by safe-archive rules unless excluded as a secret, dependency, cache, log, or archive"
"server/signalsProxy.test.ts","Backend tests","Automated regression coverage","Important","Yes","Source tree present","Included by safe-archive rules unless excluded as a secret, dependency, cache, log, or archive"
"server/signalsProxy.ts","Backend / intelligence","Included project artifact: server/signalsProxy.ts","Important","Yes","Source tree present","Included by safe-archive rules unless excluded as a secret, dependency, cache, log, or archive"
"server/simPortfolioEngine.ts","Backend / intelligence","Included project artifact: server/simPortfolioEngine.ts","Important","Yes","Source tree present","Included by safe-archive rules unless excluded as a secret, dependency, cache, log, or archive"
"server/simPortfolioJournal.ts","Backend / intelligence","Included project artifact: server/simPortfolioJournal.ts","Important","Yes","Source tree present","Included by safe-archive rules unless excluded as a secret, dependency, cache, log, or archive"
"server/sobEngine.ts","Backend / intelligence","Included project artifact: server/sobEngine.ts","Important","Yes","Source tree present","Included by safe-archive rules unless excluded as a secret, dependency, cache, log, or archive"
"server/socialIntelligence.test.ts","Backend tests","Automated regression coverage","Important","Yes","Source tree present","Included by safe-archive rules unless excluded as a secret, dependency, cache, log, or archive"
"server/socialIntelligence.ts","Backend / intelligence","Included project artifact: server/socialIntelligence.ts","Important","Yes","Source tree present","Included by safe-archive rules unless excluded as a secret, dependency, cache, log, or archive"
"server/startupStateMachine.test.ts","Backend tests","Automated regression coverage","Important","Yes","Source tree present","Included by safe-archive rules unless excluded as a secret, dependency, cache, log, or archive"
"server/stockRegimeEngine.ts","Backend / intelligence","Included project artifact: server/stockRegimeEngine.ts","Important","Yes","Source tree present","Included by safe-archive rules unless excluded as a secret, dependency, cache, log, or archive"
"server/storage.ts","Backend / intelligence","Included project artifact: server/storage.ts","Important","Yes","Source tree present","Included by safe-archive rules unless excluded as a secret, dependency, cache, log, or archive"
"server/stripe.live-prices.test.ts","Backend tests","Automated regression coverage","Important","Yes","Source tree present","Included by safe-archive rules unless excluded as a secret, dependency, cache, log, or archive"
"server/stripe.prices.test.ts","Backend tests","Automated regression coverage","Important","Yes","Source tree present","Included by safe-archive rules unless excluded as a secret, dependency, cache, log, or archive"
"server/stripe/client.ts","Backend / intelligence","Included project artifact: server/stripe/client.ts","Important","Yes","Source tree present","Included by safe-archive rules unless excluded as a secret, dependency, cache, log, or archive"
"server/stripe/products.ts","Backend / intelligence","Included project artifact: server/stripe/products.ts","Important","Yes","Source tree present","Included by safe-archive rules unless excluded as a secret, dependency, cache, log, or archive"
"server/stripe/webhook.test.ts","Backend tests","Automated regression coverage","Important","Yes","Source tree present","Included by safe-archive rules unless excluded as a secret, dependency, cache, log, or archive"
"server/stripe/webhook.ts","Backend / intelligence","Included project artifact: server/stripe/webhook.ts","Important","Yes","Source tree present","Included by safe-archive rules unless excluded as a secret, dependency, cache, log, or archive"
"server/stripeEntitlement.test.ts","Backend tests","Automated regression coverage","Important","Yes","Source tree present","Included by safe-archive rules unless excluded as a secret, dependency, cache, log, or archive"
"server/symbolIntelligence.regression.test.ts","Backend tests","Automated regression coverage","Important","Yes","Source tree present","Included by safe-archive rules unless excluded as a secret, dependency, cache, log, or archive"
"server/tier.test.ts","Backend tests","Automated regression coverage","Important","Yes","Source tree present","Included by safe-archive rules unless excluded as a secret, dependency, cache, log, or archive"
"server/trackRecord.test.ts","Backend tests","Automated regression coverage","Important","Yes","Source tree present","Included by safe-archive rules unless excluded as a secret, dependency, cache, log, or archive"
"server/tradePreflight.test.ts","Backend tests","Automated regression coverage","Important","Yes","Source tree present","Included by safe-archive rules unless excluded as a secret, dependency, cache, log, or archive"
"server/tradePreflight.ts","Backend / intelligence","Included project artifact: server/tradePreflight.ts","Important","Yes","Source tree present","Included by safe-archive rules unless excluded as a secret, dependency, cache, log, or archive"
"server/tradingSignals.test.ts","Backend tests","Automated regression coverage","Important","Yes","Source tree present","Included by safe-archive rules unless excluded as a secret, dependency, cache, log, or archive"
"server/tradingSignals.ts","Backend / intelligence","Included project artifact: server/tradingSignals.ts","Important","Yes","Source tree present","Included by safe-archive rules unless excluded as a secret, dependency, cache, log, or archive"
"server/unifiedMarketIntelligence.test.ts","Backend tests","Automated regression coverage","Important","Yes","Source tree present","Included by safe-archive rules unless excluded as a secret, dependency, cache, log, or archive"
"server/watchComposition.test.ts","Backend tests","Automated regression coverage","Important","Yes","Source tree present","Included by safe-archive rules unless excluded as a secret, dependency, cache, log, or archive"
"server/watchlistEditModel.test.ts","Backend tests","Automated regression coverage","Important","Yes","Source tree present","Included by safe-archive rules unless excluded as a secret, dependency, cache, log, or archive"
"server/whyComposition.test.ts","Backend tests","Automated regression coverage","Important","Yes","Source tree present","Included by safe-archive rules unless excluded as a secret, dependency, cache, log, or archive"
"server/xPostGenerator.ts","Backend / intelligence","Included project artifact: server/xPostGenerator.ts","Important","Yes","Source tree present","Included by safe-archive rules unless excluded as a secret, dependency, cache, log, or archive"
"server/xPoster.test.ts","Backend tests","Automated regression coverage","Important","Yes","Source tree present","Included by safe-archive rules unless excluded as a secret, dependency, cache, log, or archive"
"server/xPoster.ts","Backend / intelligence","Included project artifact: server/xPoster.ts","Important","Yes","Source tree present","Included by safe-archive rules unless excluded as a secret, dependency, cache, log, or archive"
"server/yahooProxy.ts","Backend / intelligence","Included project artifact: server/yahooProxy.ts","Important","Yes","Source tree present","Included by safe-archive rules unless excluded as a secret, dependency, cache, log, or archive"
"shared/_core/errors.ts","Shared contract / domain model","Included project artifact: shared/_core/errors.ts","Critical","Yes","Source tree present","Included by safe-archive rules unless excluded as a secret, dependency, cache, log, or archive"
"shared/ashaContext.ts","Shared contract / domain model","Included project artifact: shared/ashaContext.ts","Critical","Yes","Source tree present","Included by safe-archive rules unless excluded as a secret, dependency, cache, log, or archive"
"shared/const.ts","Shared contract / domain model","Included project artifact: shared/const.ts","Critical","Yes","Source tree present","Included by safe-archive rules unless excluded as a secret, dependency, cache, log, or archive"
"shared/faultlineGlossary.ts","Shared contract / domain model","Included project artifact: shared/faultlineGlossary.ts","Critical","Yes","Source tree present","Included by safe-archive rules unless excluded as a secret, dependency, cache, log, or archive"
"shared/legacyCapabilityAudit.ts","Shared contract / domain model","Included project artifact: shared/legacyCapabilityAudit.ts","Critical","Yes","Source tree present","Included by safe-archive rules unless excluded as a secret, dependency, cache, log, or archive"
"shared/marketMetrics.ts","Shared contract / domain model","Included project artifact: shared/marketMetrics.ts","Critical","Yes","Source tree present","Included by safe-archive rules unless excluded as a secret, dependency, cache, log, or archive"
"shared/marketState.ts","Shared contract / domain model","Included project artifact: shared/marketState.ts","Critical","Yes","Source tree present","Included by safe-archive rules unless excluded as a secret, dependency, cache, log, or archive"
"shared/pageTreatmentManifest.ts","Shared contract / domain model","Included project artifact: shared/pageTreatmentManifest.ts","Critical","Yes","Source tree present","Included by safe-archive rules unless excluded as a secret, dependency, cache, log, or archive"
"shared/routeConsolidation.ts","Shared contract / domain model","Included project artifact: shared/routeConsolidation.ts","Critical","Yes","Source tree present","Included by safe-archive rules unless excluded as a secret, dependency, cache, log, or archive"
"shared/routeRegistry.ts","Shared contract / domain model","Included project artifact: shared/routeRegistry.ts","Critical","Yes","Source tree present","Included by safe-archive rules unless excluded as a secret, dependency, cache, log, or archive"
"shared/tiers.ts","Shared contract / domain model","Included project artifact: shared/tiers.ts","Critical","Yes","Source tree present","Included by safe-archive rules unless excluded as a secret, dependency, cache, log, or archive"
"shared/types.ts","Shared contract / domain model","Included project artifact: shared/types.ts","Critical","Yes","Source tree present","Included by safe-archive rules unless excluded as a secret, dependency, cache, log, or archive"
"tier-refactor-audit.md","Documentation","Included project artifact: tier-refactor-audit.md","Important","Yes","Source tree present","Included by safe-archive rules unless excluded as a secret, dependency, cache, log, or archive"
"tsconfig.json","Build configuration","Included project artifact: tsconfig.json","Critical","Yes","Source tree present","Included by safe-archive rules unless excluded as a secret, dependency, cache, log, or archive"
"tsconfig.node.json","Build configuration","Included project artifact: tsconfig.node.json","Critical","Yes","Source tree present","Included by safe-archive rules unless excluded as a secret, dependency, cache, log, or archive"
"video_faultline-getting-started-v3_1a39038f_analysis_20260712_213835.md","Documentation","Included project artifact: video_faultline-getting-started-v3_1a39038f_analysis_20260712_213835.md","Important","Yes","Source tree present","Included by safe-archive rules unless excluded as a secret, dependency, cache, log, or archive"
"video_faultline-getting-started-v3_1a39038f_analysis_20260712_213911.md","Documentation","Included project artifact: video_faultline-getting-started-v3_1a39038f_analysis_20260712_213911.md","Important","Yes","Source tree present","Included by safe-archive rules unless excluded as a secret, dependency, cache, log, or archive"
"video_faultline-video-silent_analysis_20260712_230301.md","Documentation","Included project artifact: video_faultline-video-silent_analysis_20260712_230301.md","Important","Yes","Source tree present","Included by safe-archive rules unless excluded as a secret, dependency, cache, log, or archive"
"video_faultline-video-silent_analysis_20260712_230359.md","Documentation","Included project artifact: video_faultline-video-silent_analysis_20260712_230359.md","Important","Yes","Source tree present","Included by safe-archive rules unless excluded as a secret, dependency, cache, log, or archive"
"video_faultline-video-silent_analysis_20260712_231533.md","Documentation","Included project artifact: video_faultline-video-silent_analysis_20260712_231533.md","Important","Yes","Source tree present","Included by safe-archive rules unless excluded as a secret, dependency, cache, log, or archive"
"video_faultline-video-silent_analysis_20260713_022143.md","Documentation","Included project artifact: video_faultline-video-silent_analysis_20260713_022143.md","Important","Yes","Source tree present","Included by safe-archive rules unless excluded as a secret, dependency, cache, log, or archive"
"vite.config.ts","Build configuration","Included project artifact: vite.config.ts","Critical","Yes","Source tree present","Included by safe-archive rules unless excluded as a secret, dependency, cache, log, or archive"
"vitest.config.ts","Project support","Included project artifact: vitest.config.ts","Supporting","Review","Source tree present","Included by safe-archive rules unless excluded as a secret, dependency, cache, log, or archive"
