date,BAMLH0A0HYM2,BAMLC0A0CM,NFCI,DGS10,DGS2,T10Y2Y,SOFR,STLFSI4,VIXCLS,SP500
2005-01-03,4.306650977914051,1.1365660495705319,-0.37562263361964554,3.2,2.4,0.8000000000000003,2.1457075619631647,-0.46952829202455687,14.457075619631647,1213.2952960716395
2005-01-04,3.83754402056124,0.9752019072511406,,3.202249997656251,2.402894733500997,0.7993552641552539,1.946897117564923,,15.559976159360744,1223.2946268810101
2005-01-05,4.465734811264864,1.1900541434967749,,3.2044999812500237,2.4057894469553753,0.7987105342946483,2.218357126326344,,15.125676793709687,1230.2429654545376
2005-01-06,4.53381293294061,1.2128677659669458,,3.206749936718928,2.4086841203166536,0.7980658164022745,2.249768827775336,,15.41084707458682,1240.844857566588
2005-01-07,3.523291287372604,0.8658757773615398,,3.20899985000075,2.4115787335386294,0.7974211164621208,1.818923455240554,,16.926552782980753,1219.2634852519031
2005-01-10,3.7519290061678725,0.9437384591765219,-0.5041743605489855,3.211249707033539,2.414473266575516,0.7967764404580229,1.9191463405461684,-0.6302179506862318,15.953269260293478,1234.5190928622071
2005-01-11,4.253974091062091,1.1153408483800744,,3.2134994937556955,2.4173676993820825,0.796131794373613,2.1365437598571755,,14.191760604750929,1239.1926201909819
2005-01-12,4.100083022479591,1.0620508889187703,,3.21574919610606,2.420262011913792,0.7954871841922682,2.0728256230622546,,14.474363888515374,1250.8296951653604
2005-01-13,4.206425345230942,1.0979838610994854,,3.217998800024,2.42315618412694,0.7948426158970601,2.120636010501297,,14.025201736256433,1255.5095966447382
2005-01-14,3.915278014226785,0.9976347286911704,,3.2202482914494985,2.426050195978795,0.7941980954707035,1.9980936068427582,,15.27956589136037,1256.3766035491562
2005-01-17,4.5231701138160165,1.2055277569835394,-0.32964816201097374,3.2224976563232413,2.4289440274277347,0.7935536288955065,2.260853723657159,-0.4120602025137171,15.319096962294243,1253.5807846167925
2005-01-18,4.489145206223966,1.193335032251474,,3.2247468805867054,2.431837658433387,0.7929092221533183,2.2485064487477295,,15.166687903143423,1258.044313697702
2005-01-19,4.241565728913677,1.107923683707346,,3.2269959501822463,2.4347310689567676,0.7922648812254787,2.14463567359095,,14.099046046341824,1254.833195744179
2005-01-20,4.614526090147082,1.235268944836164,,3.2292448510531866,2.4376242389604186,0.791620612092768,2.306710420005624,,15.690861810452049,1264.989139659416
2005-01-21,4.385156324703143,1.1561011210702457,,3.2314935691439026,2.4405171484085484,0.7909764207353542,2.2106435497463552,,14.701264013378069,1247.36762038898
2005-01-24,3.9223117616504912,0.9968849044540115,-0.4687433970306591,3.2337420903999146,2.4434097772671697,0.7903323131327449,2.014515907834684,-0.5859292462883239,15.288938694324857,1241.612880287666
2005-01-25,4.353662625648356,1.1442500940898999,,3.235990400767971,2.4463021055042384,0.7896882952637325,2.2016147231166134,,14.553126176123747,1264.990552247229
2005-01-26,3.890526304586513,0.9849340879005202,,3.2382384861961397,2.449194113089792,0.7890443731063477,2.0053617229654424,,15.438323901243498,1258.197233531242
2005-01-27,4.535127797376261,1.2054140361568728,,3.2404863326338944,2.452085779996089,0.7884005526378055,2.28385332519218,,15.317675451960909,1255.8112472397122
2005-01-28,4.211730690793718,1.0940088906816496,,3.242733926032202,2.4549770861977462,0.7877568398344557,2.1474881995498083,,14.074888866479379,1246.1870724424555
2005-01-31,4.166037068095718,1.0778165163745688,-0.4147889890836209,3.2449812523436106,2.4578680116718794,0.7871132406717312,2.1301386571400904,-0.5184862363545261,14.27729354531789,1250.272038640486
2005-02-01,3.993947235776006,1.0182884546715272,,3.247228297522339,2.4607585363982403,0.7864697611240987,2.0586191047376494,,15.021394316605912,1242.3251870177826
2005-02-02,4.661695248429737,1.2467049606408838,,3.2494750475243612,2.4636486403593567,0.7858264071650045,2.3470298411604613,,15.833812008011046,1240.5617188592566
2005-02-03,4.1812531646613005,1.0814564621517437,,3.2517214883074974,2.46653830354067,0.7851831847668276,2.1433588812303497,,14.231794223103202,1250.388214814305
2005-02-04,4.086955926361863,1.0486006613404273,,3.2539676058315004,2.469427505930673,0.7845400999008274,2.105178332606207,,14.642491733244661,1242.8600357020352
2005-02-07,4.115155556758287,1.0577439739414125,-0.4281706840390584,3.256213386058142,2.472316227521051,0.7838971585370911,2.119496194947817,-0.535213355048823,14.528200325732344,1252.0255805924064
2005-02-08,4.426241581602404,1.1638771022664018,,3.2584588149513047,2.4752044483068185,0.7832543666444862,2.255050826139821,,14.798463778330023,1261.6403862609502
2005-02-09,4.369369265686175,1.1438532877236895,,3.2607038784770634,2.4780921482864575,0.7826117301906059,2.2329087579410696,,14.548166096546117,1273.9946693337254
2005-02-10,4.387450120347656,1.1495279133915186,,3.2629485626037797,2.4809793074620576,0.7819692551417221,2.242889199201456,,14.619098917393982,1275.9260668439058
2005-02-11,4.395310284471342,1.151698520360946,,3.2651928533021843,2.4838659058394534,0.7813269474627309,2.248489056290636,,14.646231504511825,1314.023196942391
2005-02-14,4.995628162230304,1.3569977121044554,-0.2286681919303631,3.267436736545468,2.486751923428363,0.7806848131171051,2.507999063558932,-0.2858352399129539,17.21247140130569,1326.8853806950005
2005-02-15,4.105334133463692,1.0512301980338463,,3.269680198309368,2.489637340242526,0.7800428580668424,2.1286750877848335,,14.609622524576924,1331.1034707273461
2005-02-16,4.069821617459683,1.0385308725114155,,3.2719232245722556,2.492522136299843,0.7794010882724125,2.1156857269391125,,14.768364093607307,1320.9814139427049
2005-02-17,3.965812574756683,1.0023472726102547,,3.2741658013152235,2.4954062916225146,0.7787595096927089,2.073340382385333,,15.220659092371816,1320.1579963245413
2005-02-18,4.467751535545192,1.1739175307090595,,3.2764079145221747,2.4982897862371765,0.7781181282849983,2.290686699623501,,14.923969133863244,1337.5483737354705
2005-02-21,4.648823976518401,1.2354766751265072,-0.3096822165823287,3.2786495501799084,2.5011726001750407,0.7774769500048677,2.370518444083175,-0.3871027707279108,15.693458439081338,1358.6263845106137
2005-02-22,4.215326206172993,1.0863263050814151,,3.2808906942782103,2.5040547134720343,0.776835980806176,2.1869625948238034,,14.170921186482312,1377.1678942274
2005-02-23,3.962676375018756,0.9991812227644967,,3.2831313328099356,2.506936106168935,0.7761952266410006,2.080912634624556,,15.260234715443792,1387.2812140229503
2005-02-24,3.9696852028501075,1.0010622541170513,,3.285371451771102,2.5098167583115107,0.7755546934595912,2.086144575957825,,15.23672182353686,1372.0348484984909
2005-02-25,4.487482728728085,1.1780711345389643,,3.287611037160972,2.5126966499506596,0.7749143872103126,2.310285568124365,,14.975889181737053,1378.408241326908
2005-02-28,4.5214349533098295,1.1891905005444132,-0.3405396663037246,3.2898500749821453,2.5155757611425438,0.7742743138396015,2.32706388682306,-0.42567458287965576,15.114881256805162,1363.4343359881505
2005-03-01,4.452919820950279,1.1651785121966234,,3.2920885512406426,2.518454071948733,0.7736344792919096,2.2999272121945125,,14.814731402457792,1345.6397129321172
2005-03-02,4.031406333920191,1.0201388351253569,,3.2943264519459943,2.5213315624363375,0.7729948895096568,2.1215051063430335,,14.998264560933041,1348.8764020731026
2005-03-03,4.34710914727632,1.1278593587680064,,3.2965637631113287,2.5242082126781495,0.7723555504331792,2.2590324111381577,,14.34824198460008,1355.5818153102146
2005-03-04,4.308209695983025,1.1140022970968875,,3.2988004707534575,2.5270840027527806,0.771716468000677,2.24458687412389,,14.175028713711093,1366.9898600554195
2005-03-07,4.34542665362831,1.1262426316074816,-0.382504912261679,3.3010365608929657,2.5299589127447977,0.771077648148168,2.26276220225415,-0.4781311403270987,14.32803289509352,1373.4631078214013
2005-03-08,4.575400680027251,1.2045714533537828,,3.3032720195542975,2.5328329227448636,0.7704390968094339,2.3635472394370924,,15.307143166922284,1380.3949309669474
2005-03-09,4.3501729713609265,1.126831465852962,,3.3055068327658432,2.5357060128498734,0.7698008199159698,2.269245345166076,,14.335393323162023,1368.5581861941268
2005-03-10,4.511047134086268,1.1814696275686274,,3.307740986560028,2.538578163163093,0.7691628233969348,2.3404151976238774,,15.018370344607842,1367.6076556778764
2005-03-11,4.2985918328509225,1.108109488338667,,3.309974466973397,2.541449353794296,0.7685251131791007,2.25158621421763,,14.101368604233338,1349.5199351141084
2005-03-14,4.377641611023944,1.1346943278427981,-0.3768704481048013,3.312207260046705,2.5443195648599026,0.7678876951868023,2.2876874746634006,-0.4710880601310016,14.433679098034975,1325.7370957286753
2005-03-15,4.498910232565453,1.175754587100625,,3.3144393518250035,2.5471887764831154,0.7672505753418881,2.3418820103588964,,14.946932338757811,1334.9373845763673
2005-03-16,3.7694631953685414,0.9251413016173201,,3.3166707283577255,2.5500569687940606,0.7666137595636648,2.0314835958157107,,16.1857337297835,1326.2511370251298
2005-03-17,4.169090009832309,1.061639454037124,,3.318901375698775,2.552924121929921,0.7659772537688543,2.204973439476326,,14.479506824535951,1337.0407211859608
2005-03-18,4.117850511941626,1.0435552814848645,,3.3211312799066137,2.555790216035077,0.7653410638715368,2.1852343178911577,,14.705558981439193,1350.7822687861408
2005-03-21,4.060378479314917,1.0233346582107992,-0.45111022785946736,3.323360427044347,2.5586552312612434,0.7647051957831037,2.1628235540247425,-0.5638877848243342,14.958316772365013,1343.6100075888223
2005-03-22,4.189189481135861,1.066982929852798,,3.325588803179813,2.561519147767606,0.7640696554122073,2.2202478100836034,,14.412713376840026,1351.1050685731825
2005-03-23,4.810221006229755,1.2793929573481275,,3.327816394385668,2.564381945720959,0.7634344486647091,2.4886231424061185,,16.242411966851595,1343.4251251875746
2005-03-24,3.9854516481819737,0.9961002661168109,,3.330043186739474,2.5672436052958436,0.7627995814436304,2.1373689379418574,,15.298746673539865,1321.6216515601805
2005-03-25,4.62888964509891,1.2161934025509777,,3.332269166323786,2.570104106674684,0.7621650596491021,2.415345859863406,,15.452417531887221,1323.4199947844897
2005-03-28,3.702486151999413,0.8980556274061036,-0.5346295817292644,3.3344943192262395,2.5729634300479254,0.7615308891783141,2.0205329643055547,-0.6682869771615805,16.524304657423706,1318.1528838599497
2005-03-29,4.175777809233814,1.0598137964017071,,3.3367186315396355,2.5758215556141706,0.760897075925465,2.2255888011163045,,14.502327544978662,1313.2705449914815
2005-03-30,4.351446764625409,1.1195303678126007,,3.338942089362029,2.5786784635803177,0.7602636257817115,2.3030914233460686,,14.244129597657508,1337.1610046254518
2005-03-31,4.501155232245597,1.1703466797631135,,3.341164678796817,2.5815341341616973,0.7596305446351197,2.369467483865589,,14.879333497038917,1319.2534393276635
2005-04-01,4.546399523846027,1.1853471895751426,,3.3433863859528214,2.584388547582208,0.7589978383706133,2.3910725345511366,,15.066839869689282,1324.1382103533404
2005-04-04,4.5766331160217835,1.1952016682239912,-0.336532221184006,3.3456071969443806,2.5872416840744563,0.7583655128699243,2.4062437693544454,-0.42066527648000746,15.190020852799888,1312.66388889365
2005-04-05,4.1783977072711895,1.0581529913301875,,3.3478270978914333,2.5900935238798897,0.7577335740115436,2.237784763042624,,14.523087608372656,1323.7689432187592
2005-04-06,4.140116768015033,1.044517784880252,,3.3500460749196046,2.5929440472489373,0.7571020276706673,2.2235912783492524,,14.69352768899685,1327.6610821066704
2005-04-07,4.6037183587923645,1.2029571057508586,,3.3522641141602967,2.595793234441143,0.7564708797191537,2.424489616629716,,15.286963821885731,1332.5346871727895
2005-04-08,4.237955661568156,1.0770434810142062,,3.3544812017507706,2.598641065725306,0.7558401360254647,2.269945416993064,,14.286956487322422,1321.5812043720525
2005-04-11,3.8599057850794667,0.9469176411994494,-0.5020549058670338,3.3566973238342364,2.601487521379613,0.7552098024546234,2.1101345728789247,-0.6275686323337922,15.913529485006883,1312.834592468804
2005-04-12,3.9112277224141803,0.9640055343195824,,3.3589124665599384,2.60433258169178,0.7545798848681584,2.134339499591258,,15.699930821005221,1324.1673742960822
2005-04-13,3.9875506004524,0.9896657256798067,,3.361126616083242,2.607176226959184,0.753950389124058,2.169258384058942,,15.379178429002417,1345.7763314620129
2005-04-14,4.484844196476126,1.1596592892864517,,3.3633397585657194,2.6100184374890016,0.7533213210767178,2.3845925490970665,,14.745741116080646,1351.944349291662
2005-04-15,4.362164339573933,1.117091088328468,,3.365551880175237,2.612859193598347,0.7526926865768901,2.3342230540089317,,14.213638604105848,1341.4042708052662
2005-04-18,4.555460940297522,1.1828582424881322,-0.34476117167457854,3.367762967086043,2.6156984756144044,0.7520644914716388,2.41927127872457,-0.4309514645932232,15.035728031101652,1345.8388180751224
2005-04-19,4.16572669128286,1.048729682439616,,3.3699730054788506,2.6185362638745673,0.7514367416042833,2.254448366924087,,14.6408789695048,1375.9091651339181
2005-04-20,4.372226355401155,1.1190247629292058,,3.3721819815409275,2.621372538726574,0.7508094428143535,2.3451534923880812,,14.237809536615071,1377.522407799635
2005-04-21,4.537164720553104,1.1750708472760805,,3.37438988146618,2.6242072805286436,0.7501826009375363,2.418045839623744,,14.938385590951006,1396.1146055718398
2005-04-22,4.211405664264563,1.0628784152335715,,3.3765966914552408,2.627040469649611,0.74955622180563,2.2806384886915754,,14.464019809580357,1387.1900195697863
2005-04-25,4.481015386446904,1.1548130285068894,-0.3634579809954071,3.3788023977155555,2.629872086469064,0.7489303112464913,2.398388372102676,-0.45432247624425887,14.685162856336117,1387.0113964188379
2005-04-26,4.090935281994061,1.020568887072002,,3.381006986461466,2.63270211137748,0.7483048750839862,2.233413220217482,,14.992888911599977,1395.1158309288628
2005-04-27,4.197004009389478,1.0564335384121915,,3.3832104439143005,2.635530524776359,0.7476799191379415,2.2810724477915985,,14.544580769847608,1400.4637048413801
2005-04-28,4.191926251712693,1.0541914527202005,,3.3854127563024567,2.6383573070783624,0.7470554492240944,2.2810966229786134,,14.572606840997494,1391.1849992521168
2005-04-29,3.908450440563641,0.9564992425293153,,3.3876139098614897,2.641182438707447,0.7464314711540427,2.161806491869091,,15.79375946838356,1381.4314501622553
2005-05-02,4.498892608090621,1.15843669769427,-0.3610422015371535,3.389813890834197,2.6440059000989997,0.7458079907351971,2.417051772216837,-0.4513027519214418,14.730458721178373,1394.1219685966387
2005-05-03,4.165617443861856,1.0436717191756733,,3.3920126854707044,2.646827671699976,0.7451850137707283,2.2764173206695677,,14.704103510304085,1409.5052569643574
2005-05-04,4.3357353058871455,1.1014992942473225,,3.3942102800285525,2.6496477339690325,0.74456254605952,2.3515218517781857,,14.018741178091531,1429.1759983412921
2005-05-05,4.501075853121323,1.1576895990687093,,3.3964066607727825,2.652466067376663,0.7439405933961196,2.4245780662125496,,14.721119988358863,1452.9317731032459
2005-05-06,4.490550627577085,1.1535837411235934,,3.3986018139760223,2.6552826524053343,0.743319161570688,2.422262328809826,,14.669796764044916,1455.0568943870003
2005-05-09,4.568597711407442,1.1798462130767344,-0.3467691912821771,3.400795725918571,2.658097469549621,0.7426982563689499,2.4579052358955393,-0.43346148910272136,14.99807766345918,1451.350074832907
2005-05-10,4.302689203403882,1.0881817418588693,,3.4029883828884864,2.660910499316342,0.7420778835721444,2.3461376766399287,,14.147728226764135,1469.4719635366644
2005-05-11,4.190448884503333,1.0492042025547017,,3.4051797711816696,2.663721722224692,0.7414580489569778,2.300226975418069,,14.63494746806623,1479.3025864133056
2005-05-12,4.312144040296099,1.0904338146912322,,3.407369877101951,2.6665311188063794,0.7408387582955718,2.3545733871704195,,14.1195773163596,1466.646722678679
2005-05-13,3.75091841094741,0.8975198679250365,,3.409558686961175,2.669338669605761,0.7402200173554143,2.1162385045120566,,16.531001650937043,1453.4294953081367
2005-05-16,3.8364340532263825,0.9263465033092296,-0.515768997793847,3.4117461870792885,2.672144355179975,0.7396018318993134,2.155077484316512,-0.6447112472423088,16.17066870863463,1460.2436492029726
2005-05-17,3.881414395743017,0.9412760465174719,,3.413932363784421,2.6749481560990778,0.7389842076853435,2.1765432142459176,,15.984049418531603,1458.2802534710431
2005-05-18,3.9967565764097546,0.9803303806878223,,3.416117203412977,2.677750052946176,0.738367150466801,2.228163028805954,,15.495870241402223,1458.2979431118154
2005-05-19,4.487145494728668,1.1479729072068126,,3.4183006923097152,2.680550026317563,0.7377506659921522,2.4405161603260788,,14.599661340085156,1472.8109173357066
2005-05-20,4.031736217429874,0.9913425133567928,,3.4204828168278367,2.683348056822853,0.7371347600049836,2.247526198518844,,15.358218583040092,1483.2773983978855
2005-05-23,4.217724165303255,1.0546204935152734,-0.4302530043231512,3.422663563329071,2.6861441250851152,0.7365194382439557,2.329419741979207,-0.537816255403939,14.567243831059084,1501.5125355477667
2005-05-24,4.806235915722036,1.2559073957343279,,3.424842918183759,2.688938211741006,0.7359047064427533,2.583822456408916,,15.948842446679098,1476.0050271965445
2005-05-25,4.228236332694861,1.057248323472629,,3.4270208677709406,2.6917302974409067,0.7352905703300339,2.338290701781693,,14.534395956592139,1479.7449078908305
2005-05-26,4.6124796203428655,1.1885018682160504,,3.429197398478437,2.6945203628490546,0.7346770356293826,2.5051476981191176,,15.10627335270063,1489.3978490016675
2005-05-27,4.0290011489200035,0.9879658783988149,,3.4313724967029398,2.6973083886436786,0.7340641080592611,2.2572657366421973,,15.400426520014815,1469.4418537727236
2005-05-30,4.285280052966159,1.0753474930558844,-0.4164350046294104,3.433546148850091,2.7000943555171317,0.7334517933329594,2.3692787218369875,-0.520543755786763,14.308156336801446,1461.1715955238653
2005-05-31,4.026089015105121,0.9859973534107304,,3.435718341334572,2.7028782441760257,0.7328400971585465,2.2603749359394385,,15.425033082365871,1450.5230421972324
2005-06-01,4.241346347759978,1.0593160308919325,,3.4378890605801873,2.7056600353413645,0.7322290252388228,2.3548050739562805,,14.508549613850844,1451.169080055983
2005-06-02,4.655524595458402,1.2008369764948876,,3.4400582930199484,2.708439709748677,0.7316185832712714,2.5344859303672864,,15.260462206186093,1472.9543994586088
2005-06-03,3.758261034435368,0.8927215492169183,,3.442226025096159,2.7112172481481522,0.7310087769480069,2.1521191846693,,16.590980634788522,1500.3876139790527
2005-06-06,4.516275484374124,1.152130837225503,-0.36524610851633144,3.4443922432605016,2.7139926313047704,0.7303996119557312,2.479156177836649,-0.4565576356454143,14.651635465318787,1489.8044892328685
2005-06-07,4.448836267136166,1.1285282722798735,,3.4465569339741196,2.716765839998438,0.7297910939756815,2.45242618034828,,14.356603403498417,1497.2557182481444
2005-06-08,4.1590754688855345,1.0287020053163847,,3.4487200837077028,2.7195368550241192,0.7291832286835835,2.3304143616696003,,14.891224933545192,1505.1809025266462
2005-06-09,3.862304380578331,0.9264730574733855,,3.450881678941572,2.722305657191971,0.7285760217496011,2.205396979033703,,16.16908678158268,1510.818752285522
2005-06-10,4.3950641420634895,1.1086555409256644,,3.453041706165765,2.7250722273274732,0.7279694788382916,2.435891653484554,,14.108194261570805,1516.6326881829684
2005-06-13,4.1858880388311075,1.0364608749123438,-0.4423594167251042,3.455200151880118,2.7278365462715652,0.7273636056085526,2.348412639911995,-0.5529492709063802,14.794239063595704,1521.1645961523313
2005-06-14,4.454036300920998,1.1279211453625646,,3.4573570025943523,2.730598594880774,0.7267584077135782,2.46550002658398,,14.349014317032056,1544.8307451087946
2005-06-15,4.381634464577698,1.1026222574628133,,3.459512244828158,2.733358354027351,0.726153890800807,2.4366361758558677,,14.032778218285165,1560.6252666088894
2005-06-16,4.93599283854707,1.29221346695851,,3.4616658651112786,2.7361158045994007,0.7255500605118779,2.676382638297538,,16.402668336981375,1546.192052403921
2005-06-17,4.292977175678525,1.0712773247032372,,3.463817849983594,2.7388709275010172,0.7249469224825766,2.4029675833800637,,14.359033441209537,1557.6942103291155
2005-06-20,4.0199063269196795,0.9771803008853763,-0.48187979940974923,3.4659681859952056,2.7416237036524125,0.7243444823427931,2.288099079759133,-0.6023497492621865,15.535246238932798,1570.647599243326
2005-06-21,4.442253090552721,1.121513076194758,,3.468116859706521,2.744374113990051,0.72374274571647,2.4712654592334986,,14.268913452434473,1575.500065030173
2005-06-22,4.457878971268732,1.1263996020766118,,3.4702638576883356,2.74712213946678,0.7231417182215556,2.480121642062545,,14.329995025957647,1592.0230131685762
2005-06-23,4.857966621035073,1.2631025090288523,,3.4724091665219197,2.7498677610519637,0.7225414054699559,2.6537458973380295,,16.038781362860654,1595.118788694718
2005-06-24,4.675908047576391,1.2002133495097496,,3.4745527727990995,2.7526109597316135,0.721941813067486,2.5778776466188003,,15.252666868871868,1598.398864675803
2005-06-27,4.509889407758287,1.1428245270979411,-0.3714503152680393,3.476694663122343,2.7553517165085193,0.7213429466138237,2.5088823753809457,-0.46431289408504905,14.535306588724264,1600.5440193141624
2005-06-28,4.8985032380782005,1.2755963469463474,,3.4788348241048426,2.758090012402382,0.7207448117024606,2.6775854460853163,,16.194954336829344,1572.1268541161148
2005-06-29,3.9716400896213777,0.957348433481258,,3.4809732423705997,2.7608258284499443,0.7201474139206554,2.282511370301517,,15.783144581484276,1571.3824938359055
2005-06-30,4.165151277925293,1.0232298160700304,,3.483109904554506,2.763559145705123,0.7195507588493832,2.367596415792661,,14.959627299124621,1562.350699961886
2005-07-01,4.066117093843163,0.9888108870313371,,3.485244797302431,2.7662899452391385,0.7189548520632925,2.32730355402831,,15.389863912108288,1546.1431106750729
2005-07-04,4.255336784337163,1.053222823621308,-0.4311847842524615,3.487377907271301,2.7690182081406487,0.7183596991306525,2.410546737667284,-0.5389809803155768,14.584714704733653,1566.6188194384624
2005-07-05,3.9112787690695487,0.934797662293243,,3.489509221129186,2.7717439155158763,0.7177653056133098,2.26524099338243,,16.065029221334463,1574.137568053855
2005-07-06,4.616767600586627,1.1762181136177285,,3.4916387255553816,2.7744670484887424,0.7171716770666392,2.5697396905109033,,14.952726420221607,1574.1084786877568
2005-07-07,4.31802979701012,1.0733332763481473,,3.493766407240492,2.7771875882009964,0.7165788190394955,2.4438541836361805,,14.33333404564816,1566.5188062051766
2005-07-08,3.8823656131512214,0.9235032446596811,,3.495892252886513,2.7799055158123465,0.7159867370741666,2.259284571636948,,16.206209441753987,1571.092697333951
2005-07-11,4.043032296652754,0.9781305102550951,-0.48124632649660337,3.4980162492069167,2.7826208125005905,0.7153954367063262,2.3302839503194592,-0.6015579081207542,15.523368621811311,1585.570513003986
2005-07-12,4.509549044366553,1.1376216616940236,,3.500138382926733,2.7853334594617447,0.7148049234649885,2.532360536579274,,14.470270771175294,1574.2069081704185
2005-07-13,4.69449476330396,1.200575188147326,,3.502258640782633,2.788043437910177,0.714215202872456,2.6137624230943346,,15.257189851841572,1574.5320857652137
2005-07-14,5.101334567820075,1.3396077070030143,,3.5043770095230125,2.7907507290787343,0.7136262804442781,2.7902603628325027,,16.99509633753768,1587.2782202166923
2005-07-15,5.423655914773365,1.4496634959208796,,3.506493475908073,2.7934553142188734,0.7130381616891994,2.930534684119973,,18.370793699010996,1560.2510348064227
2005-07-18,4.550169634411128,1.1497291319931195,-0.3668472453379203,3.5086080267099065,2.7961571746007907,0.7124508521091157,2.5583185895921905,-0.4585590566724004,14.621614149913995,1559.8327441130257
2005-07-19,4.0601072374376415,0.9812554255961764,,3.510720648712578,2.7988562915135535,0.7118643571990244,2.3504255735087742,,15.484307180047796,1554.2062697694896
2005-07-20,3.661545573952175,0.844154446312243,,3.512831328712206,2.8015526462652267,0.7112786824469794,2.1817457041555306,,17.198069421096964,1552.7235362248446
2005-07-21,4.502773903392606,1.1321253754812604,,3.5149400535170483,2.8042462201830043,0.710693833334044,2.5444029395345797,,14.401567193515755,1546.1158027886934
2005-07-22,4.125855534757753,1.002447068562761,,3.517046809947581,2.8069369946133382,0.7101098153342429,2.3849958303167895,,15.21941164296549,1548.4190978739532
2005-07-25,4.266316791398487,1.050157128778438,-0.4332285808143749,3.519151584836584,2.8096249509220668,0.7095266339145172,2.447321361895114,-0.5415357260179685,14.623035890269527,1575.8536391601153
2005-07-26,4.19876173560333,1.0265483841128231,,3.5212543650292205,2.8123100704945454,0.7089442945346751,2.4204955506355743,,14.918145198589713,1571.6591052193046
2005-07-27,4.365019437022588,1.083105093630034,,3.5233551373831213,2.8149923347357735,0.7083628026473479,2.4938737017733157,,14.211186329624578,1576.1847557750125
2005-07-28,4.788686789979136,1.2279176276945174,,3.525453888768466,2.8176717250705248,0.7077821636979413,2.6775687596886715,,15.598970346181465,1605.1383193548731
2005-07-29,4.471854980492347,1.1188458280934415,,3.5275506060680653,2.8203482229434753,0.7072023831245899,2.543905508060277,,14.235572851168017,1597.6116462704813
2005-08-01,4.362656853207809,1.0809638195553575,-0.4126907869630951,3.529645276177443,2.823021809819332,0.7066234663581112,2.499226584263529,-0.5158634837038688,14.237952255558032,1624.3242304223852
2005-08-02,4.056988069470484,0.9757215496609027,,3.5317378860049176,2.825692467182961,0.7060454188219567,2.370344404259089,,15.553480629238717,1624.8082001632006
2005-08-03,3.83461244255364,0.8990380466354773,,3.5338284224716845,2.8283601765395154,0.7054682459321691,2.277157734833862,,16.512024417056537,1651.4882386052145
2005-08-04,4.251825029714835,1.0416430509112005,,3.5359168725118977,2.831024919414565,0.7048919530973325,2.458078733053566,,14.729461863609997,1663.092222714105
2005-08-05,4.404486945289628,1.0935460939018016,,3.538003223072751,2.833686677354222,0.704316545718529,2.525619294731474,,14.08067382622748,1668.1123029324344
2005-08-08,5.043361044603847,1.3121515896295861,-0.2585656069136094,3.540087461114561,2.8363454319252708,0.7037420291892902,2.801534918962253,-0.3232070086420117,16.651894870369823,1667.5441136667812
2005-08-09,4.471453071873524,1.1156329425767464,,3.5421695736108454,2.8390011647152935,0.7031684088955519,2.5585423429362266,,14.195411782209328,1658.619418067711
2005-08-10,4.771083891647605,1.217928741322767,,3.544249547548409,2.8416538573328003,0.7025956902156087,2.689064783986259,,15.474109266534587,1660.1661777245624
2005-08-11,4.253636316898287,1.040084528175302,,3.546327369927421,2.8443034914073535,0.7020238785200674,2.469409151626481,,14.748943397808729,1674.0468483573575
2005-08-12,4.014920793195664,0.9578067480299571,,3.548403027761498,2.8469500485896977,0.7014529791718003,2.369208483627144,,15.777415649625537,1674.2678323061118
2005-08-15,4.093118182513321,0.9841859885321155,-0.4772093409785898,3.550476508077786,2.849593510551885,0.700882997525901,2.404825996217029,-0.5965116762232372,15.447675143348558,1669.9210492747109
2005-08-16,4.178334448750039,1.0129728722557096,,3.552547797917039,2.852233858987402,0.7003139389296367,2.4434499493070394,,15.08783909680363,1666.5728073998455
2005-08-17,5.1783790653646395,1.3554163678922198,,3.5546168843337025,2.8548710756112996,0.6997458087224029,2.8741415354765745,,17.192704598652746,1681.9462350423992
2005-08-18,4.14717695608326,1.0014335984930738,,3.5566837543959937,2.8575051421603135,0.6991786122356802,2.4342971402766556,,15.23208001883658,1701.0199627546797
2005-08-19,4.729377678587552,1.2006187044483614,,3.558748395185981,2.860136040392997,0.6986123547929837,2.685909420953449,,15.257733805604516,1691.259799319442
2005-08-22,4.121122618681217,0.9916487386295569,-0.4722341742469621,3.560810793799666,2.862763752089844,0.6980470417098221,2.42732467537679,-0.5902927178087026,15.354390767130539,1681.533885423516
2005-08-23,4.764434851160177,1.2117887615449094,,3.562870937347064,2.8653882590534145,0.6974826782936496,2.7051242109845512,,15.397359519311365,1687.7067152265563
2005-08-24,4.574350774043185,1.1461941159327036,,3.564928812952285,2.868009543108464,0.6969192698438214,2.6257521880243435,,14.577426449158795,1711.4969942133464
2005-08-25,4.386024766338091,1.0812034522810292,,3.5669844077536133,2.870627586102066,0.6963568216515474,2.547131901453352,,14.234956846487135,1729.6729346691016
2005-08-26,4.427807678147015,1.0951084968637481,,3.5690377089035876,2.873242369903739,0.6957953389998486,2.567127990983424,,14.06114378920315,1710.7222771305942
2005-08-29,4.214121819689888,1.0214254765484732,-0.45238301563435124,3.5710887035690826,2.875853876405573,0.6952348271635094,2.477635722091165,-0.5654787695429391,14.982181543144085,1707.0879777698199
2005-08-30,4.600642135333461,1.1535286641778497,,3.573137378931388,2.878462087522353,0.6946752914090348,2.6453729177446657,,14.66910830222312,1693.2733514116555
2005-08-31,4.286488381311091,1.0454019823591065,,3.57518372218629,2.8810669851916857,0.6941167369946042,2.512819463140569,,14.68247522051117,1689.6238618370653
2005-09-01,4.017982681634315,0.9529273083479304,,3.5772277205441494,2.8836685513741243,0.6935591691700251,2.3998276868090374,,15.838408645650873,1714.6271078769942
2005-09-02,4.000874994439886,0.9466474910816458,,3.5792693612299833,2.8862667680532916,0.6930025931766917,2.394576131905349,,15.916906361479429,1693.2372366942607
2005-09-05,4.509763692253402,1.1207105501266543,-0.38619296658223046,3.5813086314835445,2.888861617236009,0.6924470142475356,2.614749804894327,-0.48274120822778804,14.25888187658318,1669.163217836372
2005-09-06,5.003240947671124,1.2894909507692522,,3.5833455185594,2.8914530809524166,0.6918924376069833,2.828316769413982,,16.368636884615654,1657.1768243637366
2005-09-07,4.507753453065355,1.1191989936288127,,3.5853800097270123,2.8940411412561007,0.6913388684709116,2.618039883292117,,14.239987420360157,1661.8829084097165
2005-09-08,4.411426630361037,1.0857634008668142,,3.587412092270818,2.8966257802242157,0.6907863120466025,2.5788300313077337,,14.177957489164823,1671.6113393790822
2005-09-09,4.554179107685278,1.1342991367523052,,3.5894417534903087,2.89920697995761,0.6902347735326986,2.6420809008979917,,14.428739209403814,1678.6251092974821
2005-09-12,4.912426723284459,1.256720209004819,-0.29551986066345404,3.5914689807001072,2.9017847225809503,0.6896842581191569,2.7976849838369744,-0.3693998258293175,15.959002612560237,1696.9054006693566
2005-09-13,4.533292367018241,1.1263259001636627,,3.593493761230051,2.904358990242843,0.689134770987208,2.6372663654474215,,14.329073752045785,1670.609398774962
2005-09-14,4.3138625441032685,1.0506887322999516,,3.5955160824252683,2.9069297651159602,0.6885863173093081,2.5452906804908997,,14.616390846250606,1688.9946971074796
2005-09-15,4.846062894835945,1.2327546452071867,,3.5975359316462576,2.909497029397162,0.6880389022490956,2.7754403359061457,,15.659433065089834,1684.678324563965
2005-09-16,4.610097541883923,1.1514507726153937,,3.599553296268968,2.9120607653076207,0.6874925309613471,2.676374231076863,,14.64313465769242,1696.2299112565197
2005-09-19,4.99871448109419,1.2842907190395192,-0.27713952064032066,3.6015681636848775,2.914620955092942,0.6869472085919357,2.844984353892341,-0.3464244008004008,16.303633987993987,1676.5653400099154
2005-09-20,4.52649516849765,1.1219881324666288,,3.603580521301071,2.9171775810232905,0.6864029402777807,2.6446627466065764,,14.27485165583286,1677.0593461486433
2005-09-21,4.034958304835807,0.95306371619354,,3.6055903565403207,2.9197306253935102,0.6858597311468104,2.4360602706354353,,15.83670354758075,1681.0495112315077
2005-09-22,3.985822198413473,0.9358208960905203,,3.6075976568411616,2.922280070523249,0.6853175863179128,2.417056190636399,,16.052238798868498,1699.05135148752
2005-09-23,5.043654231292874,1.29811135186775,,3.6096024096579744,2.9248258987570797,0.6847765109008948,2.8724650885917673,,16.476391898346876,1675.4013946512976
2005-09-26,5.070260061765032,1.3068398864939956,-0.2621067423373362,3.61160460246106,2.927368092464623,0.6842365099964369,2.885917950582118,-0.3276334279216703,16.585498581174946,1676.2841832584602
2005-09-27,4.405288989960994,1.078457694406088,,3.61360422273672,2.92990663404067,0.6836975886960501,2.6029787520482803,,14.269278819923901,1660.4064644244343
2005-09-28,4.335144841053461,1.0540175214636816,,3.615601257987335,2.9324415059053024,0.6831597520820325,2.5749634077349044,,14.57478098170398,1668.3946803815384
2005-09-29,4.981901611439828,1.2753733150690643,,3.6175956957314397,2.9349726905040168,0.6826230052274229,2.8541893343403473,,16.1921664383633,1680.5260068219511
2005-09-30,4.084061826206326,0.9671545181547816,,3.6195875235038057,2.937500170307843,0.6820873531959628,2.4714433180013198,,15.660568523065232,1700.5323955580734
2005-10-03,4.159501047374794,0.9926327577253009,-0.47157816151646614,3.6215767288555156,2.940023927813469,0.6815528010420464,2.5058148749700955,-0.5894727018955827,15.34209052843374,1692.7867083906417
2005-10-04,4.698943537877815,1.1771992153626853,,3.6235632993540423,2.94254394554336,0.6810193538106821,2.739042964746717,,14.964990192033566,1707.398981671974
2005-10-05,4.336786972480532,1.0526473852568494,,3.625547222583327,2.9450602060458797,0.6804870165374473,2.5858694376169415,,14.591907684289385,1728.8721568641956
2005-10-06,4.474221651329328,1.0993853759935914,,3.6275284861438557,2.947572691895411,0.6799557942484449,2.6468044118874,,14.007682800080106,1703.9175493967118
2005-10-07,4.419920746350929,1.0803868521770585,,3.629507077652738,2.9500813856924775,0.6794256919602604,2.625564950913801,,14.245164347786769,1713.7623272514754
2005-10-10,4.59638420957884,1.1405089458558721,-0.37299403609608534,3.631482984743783,2.952586270063864,0.6788967146799192,2.703222452383704,-0.46624254512010666,14.5063618231984,1729.042429481972
2005-10-11,4.971955009754274,1.268897823357646,,3.633456195067578,2.955087327662735,0.6783688674048429,2.8662096068597926,,16.111222791970576,1725.4522824122935
2005-10-12,4.512140184315788,1.1108701888282095,,3.6354266962915642,2.957584541168758,0.6778421551228062,2.67117227720402,,14.135877360352618,1707.1789077707956
2005-10-13,4.706909004704244,1.177272655193223,,3.6373944761001167,2.96007789328822,0.6773165828118968,2.756668712279749,,14.965908189915286,1722.1591932075096
2005-10-14,3.7650609872074976,0.8539793478762774,,3.639359522194617,2.9625673667541497,0.6767921554404674,2.3550415515994967,,17.075258151546535,1704.093450896637
2005-10-17,4.466656396621664,1.094153791768386,-0.40389747215440946,3.6413218222935337,2.9650529443264357,0.676268877967098,2.6577451840369184,-0.5048718401930118,14.073077602895177,1701.7856907044752
2005-10-18,4.189659660567225,0.9988123675648556,,3.643281364132498,2.967534608791948,0.6757467553405498,2.5410500682480177,,15.264845405439306,1701.5966047058307
2005-10-19,4.059283889025581,0.9537424327491647,,3.6452381354643792,2.970012342964653,0.675225792499726,2.487190383901109,,15.828219590635442,1713.0181796025213
2005-10-20,4.1795891079347465,0.99462171596855,,3.647192124059363,2.972486129685738,0.6747059943736251,2.5407632746464257,,15.317228550393127,1703.8103886985366
2005-10-21,4.371068963595119,1.0599051871159026,,3.6491433177050276,2.974955951823725,0.6741873658813025,2.6248374357186037,,14.501185161051218,1693.768443568443
2005-10-24,4.809643528615827,1.2099083050827217,-0.32672779661151896,3.651091704206418,2.977421792274593,0.673669911931825,2.814807173627995,-0.4084097457643987,15.37385381353402,1695.7008464193984
2005-10-25,4.025901382242035,0.9408328738712524,,3.653037271386126,2.9798836339618937,0.6731536374242322,2.4809247263009593,,15.989589076609345,1711.5572838326673
2005-10-26,4.5019167585293,1.10367577911133,,3.6549800070843625,2.982341459836873,0.6726385472474896,2.686936183726036,,14.045947238891626,1747.5952470525713
2005-10-27,4.322789029500951,1.0418996679999706,,3.6569198991590355,2.984795252878585,0.6721246462804507,2.612169837878548,,14.726254150000369,1724.4762265497757
2005-10-28,4.378611019992632,1.0606792286765647,,3.6588569354858267,2.9872449960940126,0.6716119393918141,2.6380940319397186,,14.491509641542942,1729.8097748911412
2005-10-31,4.845305775025746,1.2203309390365527,-0.3197793739756317,3.660791103958264,2.989690672518186,0.6711004314400779,2.840104346313877,-0.39972421746953957,15.504136737956905,1713.4050202175533
2005-11-01,4.68372051812575,1.1645738524404712,,3.662722392487802,2.9921322652142965,0.6705901272735053,2.7728495807648854,,14.80717315550589,1729.6203467944317
2005-11-02,4.964504662261634,1.2604877728931294,,3.6646507890038933,2.994569757273818,0.6700810317300752,2.89517947339023,,16.006097161164114,1715.5007676251507
2005-11-03,4.44336916156483,1.081459318490012,,3.6665762814540654,2.997003131816621,0.6695731496374444,2.673827279929136,,14.23175851887485,1705.5424230330439
2005-11-04,4.254892659777629,1.0164868865995158,,3.6684988578039976,2.9994323719910914,0.6690664858129063,2.595040980240486,,15.043913917506055,1696.945311379421
2005-11-07,4.421143997244961,1.0731369419743402,-0.41790870535044,3.6704185060375933,3.001857460974245,0.6685610450633481,2.6682786384421706,-0.52238588168805,14.33578822532075,1696.205959933982
2005-11-08,4.585386039001045,1.1290996149525467,,3.6723352141570578,3.0042783819718473,0.6680568321852105,2.7406529006625306,,14.363745186906833,1701.5723698218462
2005-11-09,4.563325970977193,1.1211888030144455,,3.6742489701829713,3.006695118218527,0.6675538519644442,2.733181121986584,,14.264860037680567,1709.423295522413
2005-11-10,4.122998143271126,0.9698734313319961,,3.676159762154365,3.009107652977893,0.6670521091764723,2.546449442142888,,15.62658210835005,1709.7619522875727
2005-11-11,4.5352095898079225,1.110858773795345,,3.678067578128795,3.0115159695426503,0.6665516085861447,2.7250894367868317,,14.135734672441812,1689.8421672832078
2005-11-14,4.58441778926812,1.1273873996166688,-0.38174173358888763,3.679972406182418,3.013920051234716,0.666052354947702,2.748154300755552,-0.47717716698610946,14.342342495208358,1701.3723800822884
2005-11-15,5.386648989345136,1.4020968845040707,,3.6818742344100652,3.0163198814053356,0.6655543530047296,3.093940987035424,,17.77621105630088,1700.9868451966724
2005-11-16,5.163419372931117,1.3252213533538004,,3.6837730509253155,3.0187154434351946,0.6650576074901209,3.0002421351274453,,16.815266916922504,1719.29477622409
2005-11-17,4.208874734691671,0.9976107979329417,,3.6856688438605723,3.021106720734539,0.6645621231260335,2.593120218150716,,15.27986502583823,1708.8054239524674
2005-11-18,4.407907330292253,1.065513996614099,,3.687561601367136,3.0234936967432855,0.6640679046238507,2.6803861925109094,,14.431075042323764,1684.7616021008796
2005-11-21,3.997263842160516,0.9243869597795598,-0.5170753601469603,3.6894513116152785,3.025876354931139,0.6635749566841396,2.5063600546555884,-0.6463442001837003,16.195163002755503,1684.666863840046
2005-11-22,4.30369354595387,1.0291151583243816,,3.6913379627943166,3.0282546787977065,0.6630832839966101,2.639648626703184,,14.886060520945229,1704.8572988308867
2005-11-23,4.621870617818495,1.137872600430841,,3.6932215431126862,3.03062865187261,0.662592891240076,2.7779694024111614,,14.473407505385511,1707.7554240483148
2005-11-24,4.934420892959184,1.244702434506588,,3.6951020407980173,3.032998257715603,0.6621037830824141,2.9138763008488384,,15.80878043133235,1705.115520790211
2005-11-25,4.258151420640731,1.012509939470767,,3.696979444097205,3.0353634799166818,0.6616159641805233,2.626000904255141,,15.093625756615413,1692.234321383035
2005-11-28,4.285333512965199,1.0215024271918645,-0.45233171520542376,3.698853741276485,3.037724302096201,0.661129439180284,2.6396023360860315,-0.5654146440067797,14.981219660101695,1719.6480324875472
2005-11-29,3.763682960541119,0.8423253164313615,,3.7007249206215054,3.040080707904985,0.6606442127165204,2.417987353444187,,17.22093354460798,1704.2126483551137
2005-11-30,4.459245739498759,1.0804800895346112,,3.7025929704374025,3.042432681024444,0.6601602894129583,2.7180327929427084,,14.243998880817362,1693.546186883477
2005-12-01,4.145273781082867,0.9725102705768525,,3.70445787904887,3.0447802051666857,0.6596776738821841,2.5854180433877514,,15.593621617789346,1702.682542746229
2005-12-02,4.332750348098727,1.0364672687160712,,3.7063196348002356,3.047123264074626,0.6591963707256094,2.6677073499697155,,14.79415914104911,1674.89552047172
2005-12-05,4.212083492824122,0.9947767066198895,-0.4701488622534071,3.708178226055532,3.0494618415221053,0.6587163845334265,2.617932724796967,-0.5876860778167589,15.315291167251383,1694.6430072907565
2005-12-06,4.486918769996581,1.0886884934896932,,3.71003364119857,3.0517959213139974,0.6582377198845726,2.7376565381761138,,14.141393831378835,1704.6159592287802
2005-12-07,3.905626893411916,0.8890725930372043,,3.7118858686330105,3.054125487286325,0.6577603813466855,2.4904662285828305,,16.636592587034947,1718.8971978592585
2005-12-08,4.008282414874507,0.9239545705530812,,3.713734896782438,3.056450523306369,0.6572843734760694,2.5363937364977205,,16.200567868086488,1727.9849731737247
2005-12-09,5.2678964007622335,1.355509653443396,,3.715580714090433,3.0587710132727803,0.6568097008176528,3.078158080077025,,17.193870668042447,1725.912442147185
2005-12-12,4.072968895827664,0.9455092902471164,-0.5029938065019225,3.717423309020644,3.061086941115694,0.6563363679049501,2.567973553924589,-0.6287422581274031,15.931133871911047,1709.90450549517
2005-12-13,4.140593948050483,0.9683857305854433,,3.719262670056857,3.0633982907968376,0.6558643792600196,2.5988804540286417,,15.64517836768196,1708.1772139846407
2005-12-14,5.16828593682821,1.3204296233985577,,3.7210987857030733,3.0657050463096436,0.6553937393934297,3.041242075557841,,16.75537029248197,1693.6732965297524
2005-12-15,5.5430321994524725,1.448608060308849,,3.722931644483575,3.06800719167936,0.6549244528042149,3.2037672670654214,,18.35760075386061,1701.5253547008203
2005-12-16,4.117098032126005,0.9594120045409591,,3.7247612349430006,3.0703047109631614,0.6544565239798392,2.59456971663936,,15.757349943238012,1714.3536595835956
2005-12-19,4.399142039898494,1.0558101251854364,-0.42945991654304244,3.7265875456464164,3.072597588250258,0.6539899573961585,2.7173602447320535,-0.5368248956788031,14.552373435182046,1737.726087658717
2005-12-20,4.648451587666309,1.1409866661128611,,3.7284105651793857,3.0748858076620076,0.6535247575173782,2.826119140303084,,14.512333326410765,1743.9860404926985
2005-12-21,5.134824424957605,1.3074437173286713,,3.730230282148043,3.0771693533520246,0.6530609287960183,3.0364740000128636,,16.59304646660839,1758.9983001103337
2005-12-22,4.185248498144238,0.9815771505886116,,3.7320466851791623,3.07944820950629,0.6525984756728724,2.6314196477420544,,15.480285617642355,1754.7391207521803
2005-12-23,4.445664564449247,1.0705666584869469,,3.7338597629202317,3.08172236034326,0.6521374025769715,2.744930683451944,,14.367916768913165,1747.6389446289552
2005-12-26,4.804438393070639,1.1932805091274095,-0.3378129939150605,3.735669504039521,3.083991790113978,0.651677713925543,2.90059242652324,-0.4222662423938256,15.166006364092617,1755.5439457591567
2005-12-27,4.685391881718903,1.1521719289359944,,3.7374758972261533,3.086256483102179,0.6512194141239744,2.851471394272172,,14.652149111699927,1749.8857387224878
2005-12-28,4.402417715592187,1.0548612714523882,,3.739278931190177,3.088516423624403,0.6507625075657741,2.732093012939888,,14.564234106845149,1754.5688649563074
2005-12-29,4.488077945916807,1.0839412442580751,,3.7410785946626373,3.0907715960301014,0.6503069986325358,2.7706981513526956,,14.200734446774062,1738.3257477082702
2005-12-30,4.05454113917028,0.9350125029956022,,3.7428748763956414,3.093021984701746,0.6498528916938953,2.586787613446249,,16.062343712554974,1725.0185204153631
2006-01-02,4.453227583532026,1.0714191507230402,-0.4190538995179732,3.744667765162436,3.0952675740549367,0.6494001911074991,2.7595415124587372,-0.5238173743974666,14.357260615961998,1735.345398633005
2006-01-03,4.4441815151312944,1.0680335011989255,,3.7464572497574706,3.0975083485385095,0.6489489012189611,2.7575502250371664,,14.399581235013432,1749.6865914314449
2006-01-04,4.61950034934328,1.1278603867551509,,3.7482433189964737,3.099744292634645,0.6484990263618289,2.8345697760785833,,14.348254834439384,1734.6675405630403
2006-01-05,4.344695109169834,1.033360733741718,,3.750025961716517,3.1019753908589736,0.6480505708575435,2.7186763080361214,,14.832990828228525,1745.605181757349
2006-01-06,4.704911850760784,1.1565846227054168,,3.7518051667760908,3.1042016277606863,0.6476035390154045,2.8749324061424573,,14.707307783817708,1737.6900669123208
2006-01-09,4.895132608514078,1.2215258981383794,-0.31898273457441373,3.7535809230551678,3.106422987922639,0.6471579351325287,2.9583303605956135,-0.39872841821801713,15.519073726729744,1738.3827553808153
2006-01-10,4.595886001698839,1.118651519320216,,3.7553532194552783,3.10863945596146,0.6467137634938185,2.83195385511173,,14.233143991502699,1761.1336655300456
2006-01-11,4.665399093134407,1.1422107690079044,,3.7571220448995746,3.1108510165276564,0.6462710283719182,2.863614477787537,,14.527634612598805,1774.4226722265653
2006-01-12,4.5616822716550285,1.1063786417093442,,3.758887388332904,3.1130576543057202,0.6458297340271839,2.8210309564424003,,14.0797330213668,1787.625070822279
2006-01-13,4.5438959122822515,1.1000101271709697,,3.7606492387218755,3.1152593540142357,0.6453898847076398,2.815272012977948,,14.000126589637121,1819.054891916597
2006-01-16,4.292104450883323,1.0134130359748583,-0.45772464268342783,3.7624075850549303,3.1174561004059838,0.6449514846489466,2.7092223953745567,-0.5721558033542847,15.08233705031427,1808.0197073358381
2006-01-17,4.656201043769054,1.137979311400797,,3.764162416342409,3.1196478782680477,0.6445145380743611,2.867122017519044,,14.474741392509962,1792.4964037451657
2006-01-18,4.512150922422623,1.0883256081903814,,3.765913721616622,3.1218346724219197,0.6440790491947022,2.8072416826598965,,14.145929897620235,1781.3298405205992
2006-01-19,5.279578198363315,1.3511801970716715,,3.7676614899319167,3.124016467723604,0.6436450222083128,3.1379917140631934,,17.139752463395894,1777.6987260145222
2006-01-20,5.098406431798724,1.288802588297029,,3.769405710364748,3.126193249063724,0.6432124613010237,3.0621964844350105,,16.360032353712864,1740.8590908746685
2006-01-23,4.683536291060596,1.1463015863067803,-0.36913227579547997,3.7711463720137424,3.128365001367625,0.6427813706461172,2.8862419842511007,-0.4614153447443499,14.578769828834751,1738.046649929441
2006-01-24,4.282172600834959,1.008433134836628,,3.7728834639997713,3.1305317095954805,0.6423517544042907,2.716073128141266,,15.14458581454215,1729.9815280970054
2006-01-25,4.160646069291596,0.96651062336199,,3.774616975466015,3.132693358742394,0.6419236167236209,2.6658316379448816,,15.668617207975126,1742.6632891463717
2006-01-26,4.96763240096283,1.242937154370664,,3.7763468955780324,3.134849933838505,0.6414969617395272,3.013521376801835,,15.786714429633298,1748.6365034641376
2006-01-27,4.643431690736927,1.1315299070176568,,3.778073213523829,3.137001419949091,0.6410717935747376,2.876413803721162,,14.394123837720707,1739.6432678318904
2006-01-30,4.720251548430206,1.1576172084069933,-0.36158852772867117,3.7797959185139223,3.1391478021746737,0.6406481163392486,2.9111693126834153,-0.4519856596608389,14.720215105087416,1749.3420071695432
2006-01-31,3.942322947037063,0.890649681563097,,3.7815149997814124,3.141289065651117,0.6402259341302954,2.5796011676049884,,16.616878980461287,1761.2065058268263
2006-02-01,4.878252975435687,1.2112926177869818,,3.7832304465820465,3.1434251955497357,0.6398052510323109,2.982540967783463,,15.39115772233727,1749.5037508144667
2006-02-02,4.713412858182512,1.1545304405857237,,3.7849422481942883,3.1455561770773954,0.6393860711168928,2.91371922780955,,14.681630507321545,1742.1935121591368
2006-02-03,4.166425991089298,0.9667483178702627,,3.786650393919383,3.1476819954766144,0.6389683984427688,2.6811173928144427,,15.665646026621717,1708.0744608748134
2006-02-06,4.39074878624588,1.0434170231060063,-0.4377219845959959,3.788354873081426,3.1498026360256675,0.6385522370557584,2.7790739149081753,-0.5471524807449949,14.707287211174924,1691.8130254196467
2006-02-07,4.648783965549356,1.1316460645227824,,3.7900556750274266,3.1519180840386865,0.6381375909887401,2.8914756646921647,,14.39557580653478,1680.9658248382136
2006-02-08,4.575541525210641,1.1062960158027493,,3.7917527891273792,3.154028324865763,0.6377244642616162,2.8618983446192,,14.078700197534365,1682.5088113019233
2006-02-09,4.455608148822224,1.0649394577035736,,3.793446204774326,3.156133343893049,0.637312860881277,2.812307666022516,,14.438256778705332,1668.6711238426403
2006-02-10,4.522331794198152,1.0875814078320847,,3.795135911384425,3.158233126542859,0.636902784841566,2.842709886332965,,14.15523240209894,1661.393166894979
2006-02-13,4.471039925789289,1.0697627146151738,-0.4201581902565509,3.796821898397015,3.1603276582737707,0.6364942401232443,2.822531051542738,-0.5251977378206886,14.377966067310329,1643.5828629186776
2006-02-14,4.613302893461613,1.1183075014522963,,3.7985041552746828,3.1624169245807243,0.6360872306939584,2.885301301396095,,14.228843768153704,1646.5275522230913
2006-02-15,5.075596886790504,1.276579036759179,,3.8001826715033284,3.164500910995126,0.6356817605082026,3.0852247069440994,,16.207237959489735,1653.261474067472
2006-02-16,3.662907589995459,0.7920009870882444,,3.801857436592231,3.166579603084944,0.6352778335072871,2.4815808369452492,,17.849987661396945,1659.674130208385
2006-02-17,4.478998456070072,1.071577968258838,,3.8035284400741136,3.1686529864548127,0.6348754536193009,2.8331254467783604,,14.355275396764526,1660.2737961067137
2006-02-20,4.624328046970623,1.1211814905646937,-0.3858790062902043,3.805195671505211,3.1707210467461295,0.6344746247590813,2.8971979099519967,-0.48234875786275533,14.26476863205867,1637.8147261139604
2006-02-21,4.666793883582726,1.135519278762452,,3.806859120465331,3.172783769637156,0.6340753508281747,2.9171828680902214,,14.443990984530648,1629.1090759823587
2006-02-22,4.433667798716683,1.0553702502414453,,3.8085187765579236,3.1748411408431156,0.633677635714808,2.8190539536449224,,14.557871871981934,1623.5539232177484
2006-02-23,3.9496218110876713,0.8891933861025701,,3.8101746294101435,3.1768931461162935,0.63328148329385,2.6133848787445064,,16.635082673717875,1618.0761282612414
2006-02-24,4.679903995404147,1.1393594580456932,,3.811826668672916,3.1789397712461347,0.6328868974267814,2.928139093803251,,14.491993225571164,1619.5732673569673
2006-02-27,5.170303891247304,1.3072820256997022,-0.26181198286686524,3.8134748840210007,3.180981002059344,0.6324938819616568,3.140083534183972,-0.3272649785835815,16.591025321246278,1640.8962257456947
2006-02-28,4.02950015453492,0.9159366314100635,,3.815119265153058,3.1830168244199815,0.6321024407330764,2.652937613682561,,16.300792107374207,1653.3465361280523
2006-03-01,4.869306361619291,1.2036593616437827,,3.8167598017917097,3.185047224229562,0.6317125775621477,3.0146214262842905,,15.295742020547282,1639.1269910628603
2006-03-02,4.452592210808601,1.0605769732252528,,3.8183964836836077,3.1870721874271544,0.6313242962564534,2.8377934039587203,,14.492787834684341,1649.5778446625632
2006-03-03,4.54671656242954,1.0926410785005385,,3.8200293005994963,3.189091699989475,0.6309376006100211,2.8798930481151483,,14.091986518743271,1659.526174816697
2006-03-06,4.200264202847052,0.9736521787155262,-0.48423188085631597,3.821658242334274,3.191105747930988,0.6305524944032861,2.733170971325396,-0.6052898510703949,15.579347766055923,1647.942462769254
2006-03-07,4.45231216409346,1.0598652593172948,,3.8232832987070613,3.1931143173040013,0.63016898140306,2.84294589145062,,14.501684258533816,1660.9958145878811
2006-03-08,5.0249751113137275,1.2560053513638751,,3.8249044595612602,3.1951173941987627,0.6297870653624975,3.0901240834036066,,15.950066892048438,1659.0147815593043
2006-03-09,4.774471043848895,1.1699186290385248,,3.8265217147646213,3.197114964743556,0.6294067500210652,2.9845132510417125,,14.87398286298156,1638.5051621400219
2006-03-10,5.177427495651311,1.3078773926491933,,3.8281350542093042,3.199107015104799,0.6290280391045053,3.158953755916291,,16.598467408114917,1645.6429586933623
2006-03-13,4.983783829593765,1.2412894266773233,-0.30580704888178456,3.829744467811943,3.2010935314871363,0.628650936324807,3.0777053148337905,-0.38225881110223064,15.766117833466541,1649.2717397208194
2006-03-14,4.725935742409567,1.1526904014715493,,3.8313499455137086,3.2030745001335377,0.6282754453801709,2.9689375019729742,,14.658630018394364,1646.3072046846366
2006-03-15,5.183192718545618,1.309272143140135,,3.8329514772803694,3.205049907325391,0.6279015699549784,3.16664008625056,,16.615901789251687,1646.1638541744082
2006-03-16,4.7270179545305915,1.152679179048596,,3.8345490531023576,3.2070197393826,0.6275293137197577,2.972868713193345,,14.658489738107448,1635.9535982925418
2006-03-17,4.863715402213248,1.199358581215647,,3.8361426629948294,3.2089839826636752,0.6271586803311542,3.0331822091832343,,15.241982265195588,1645.3729065038278
2006-03-20,4.47066336661189,1.064411485575835,-0.4237256762827767,3.8377322969977286,3.210942623565832,0.6267896734318965,2.866456980535626,-0.5296570953534708,14.444856430302062,1645.1408336273184
2006-03-21,4.5982923565248965,1.1079854979031047,,3.8393179451758472,3.212895648525084,0.6264222966507633,2.922877520903965,,14.099818723788808,1648.0191198909893
2006-03-22,4.331435556094233,1.0163091412039669,,3.8408995976188898,3.214843044016334,0.626056553602556,2.8102294705212927,,15.046135734950415,1653.7382156979954
2006-03-23,4.922415289404409,1.2187500721513824,,3.8424772444415334,3.2167847965534717,0.6256924478880617,3.0652223867427,,15.48437590189228,1637.0519619820172
2006-03-24,4.1641760992284995,0.9586035652262163,,3.8440508757834904,3.2187208926894657,0.6253299830940247,2.741975349222236,,15.767455434672298,1624.3349864107424
2006-03-27,4.850920871449165,1.1938820410901194,-0.3374119726065871,3.8456204818095707,3.2206513190164556,0.6249691627931151,3.038003870379105,-0.42176496575823386,15.173525513626492,1592.7450795850036
2006-03-28,4.510880687390832,1.077121873099381,,3.8471860527097412,3.222576062165846,0.6246099905438953,2.893978403540072,,14.285976586257739,1601.2613670734677
2006-03-29,4.988049760227332,1.2405496512160785,,3.848747578699189,3.2244951088083975,0.6242524698907914,3.1001821728284957,,15.75687064020098,1584.2827525579878
2006-03-30,4.84141655018106,1.1901042786477514,,3.8503050500183815,3.226408445654322,0.6238966043640595,3.039038793964011,,15.12630348309689,1586.570724910924
2006-03-31,5.216332085144544,1.3184775389176162,,3.8518584569331287,3.2283160594533715,0.6235423974797571,3.2014129831003917,,16.7309692364702,1592.274988981901
2006-04-03,4.835364989640761,1.1876929629366375,-0.3415380247089084,3.8534077897346415,3.230217936994932,0.6231898527397095,3.0398341406657288,-0.4269225308861355,15.096162036707968,1601.330714000486
2006-04-04,4.029862060750988,0.9113551693216112,,3.8549530387395956,3.2321140651081133,0.6228389736314823,2.6963080267601276,,16.35806038347986,1584.4681953716438
2006-04-05,4.5571192197813115,1.091965619252216,,3.85649419429019,3.234004430661843,0.6224897636283466,2.923961454727113,,14.100429759347302,1583.935183489129
2006-04-06,4.1708213634807585,0.9593591368886222,,3.8580312467542064,3.2358890205649535,0.6221422261892529,2.760087941675731,,15.758010788892223,1608.327624893715
2006-04-07,4.400091350213017,1.0378064189160472,,3.859564186525073,3.2377678217662766,0.6217963647587963,2.8600258454113354,,14.777419763549412,1633.7430451267144
2006-04-10,5.110879017514523,1.2813474119932067,-0.27910172533786226,3.861093004021921,3.2396408212547305,0.6214521827671904,3.166325086246239,-0.3488771566723278,16.266842649915084,1648.737159163539
2006-04-11,4.805540020381177,1.1765040573077237,,3.8626176896896456,3.241508006059412,0.6211096836302334,3.037138077694067,,14.956300716346544,1654.1661996920598
2006-04-12,4.338226000418836,1.0161283485705506,,3.8641382339989665,3.2433693632496863,0.6207688707492802,2.8385297989628744,,15.048395642868119,1639.6800273783906
2006-04-13,4.2284933725427,0.9783539160271523,,3.865654627446487,3.245224879935275,0.6204297475112117,2.7931672749692154,,15.520576049660598,1650.7318122679258
2006-04-14,4.595205313649709,1.1039338511451513,,3.867166860554753,3.247074543266348,0.620092317288405,2.951991857197787,,14.04917313931439,1648.797972833315
2006-04-17,4.158366982710119,0.9540127820742648,-0.4973248119504903,3.868674923872312,3.248918340433609,0.6197565834387029,2.76643431802644,-0.6216560149381127,15.824840224071691,1657.551105677977
2006-04-18,4.3496897088770785,1.0194631667124103,,3.8701788079737733,3.250756258668387,0.6194225493053862,2.8500852170589,,15.006710416094872,1648.549292481796
2006-04-19,4.694212202804678,1.1374411365861494,,3.871678503459867,3.252588285242724,0.6190902182171429,2.999389705975411,,14.468014207326865,1646.3970371147163
2006-04-20,4.989782486804221,1.2386374443328036,,3.8731740009575,3.2544144074694628,0.6187595934880372,3.127711212885467,,15.732968054160045,1649.243359475463
2006-04-21,4.798898474329869,1.1730513766669328,,3.8746652911198183,3.2562346127023343,0.618430678417484,3.0475488335360006,,14.913142208336659,1653.3162437035521
2006-04-24,3.784283608360097,0.8250452589682281,-0.583303160687848,3.8761523646262637,3.258048888336047,0.6181034762902167,2.614355462046332,-0.72912895085981,17.43693426289715,1661.0943297799238
2006-04-25,4.6931605553206195,1.1365240074836314,,3.877635212182631,3.2598572218063717,0.6177779903762595,3.005512231160911,,14.45655009354539,1652.871147516906
2006-04-26,4.612235495177834,1.1086440287879094,,3.879113824521128,3.2616596005902316,0.6174542239308964,2.9724646365751184,,14.108050359848868,1633.417270199483
2006-04-27,4.732271163617014,1.1496668342447232,,3.880588192400432,3.263456012205786,0.6171321801946461,3.02553955501169,,14.62083542805904,1657.8927535702276
2006-04-28,5.1534630406009905,1.293945161798145,,3.8820583066057495,3.265246444212518,0.6168118623932313,3.2076778964601993,,16.424314522476813,1695.8780968453852
2006-05-01,3.866030606901664,0.852411406783431,-0.5650590621443794,3.883524157948871,3.267030884211322,0.6164932737375488,2.6575451426906107,-0.7063238276804743,17.094857415207116,1703.146536931425
2006-05-02,4.3816464146627085,1.0290675889770675,,3.88498573726823,3.2688093198445864,0.6161764174236435,2.8801438060659206,,14.886655137786658,1683.3931951711302
2006-05-03,4.795712688636758,1.1709087587352027,,3.886443035428961,3.270581738796283,0.6158612966326782,3.0592176872152863,,14.886359484190033,1672.137518894697
2006-05-04,4.035694545145134,0.910208672065527,,3.8878960433229546,3.272348128792048,0.6155479145309064,2.735108968873957,,16.372391599180915,1680.236937243882
2006-05-05,5.106186102900436,1.277113885766421,,3.8893447518689173,3.274108477599273,0.6152362742696442,3.1955008348072997,,16.21392357208026,1701.065565689335
2006-05-08,4.718874338289901,1.144202793524079,-0.37053147098394734,3.8907891520124247,3.275862773027182,0.6149263789852428,3.031116264932281,-0.4631643387299342,14.552534919050988,1683.018390460474
2006-05-09,4.886593738175855,1.2015900783012086,,3.8922292347259804,3.277611002926922,0.6146182317990583,3.104598600803433,,15.269875978765105,1681.556490525997
2006-05-10,4.390793107380154,1.0314867606173848,,3.8936649910090724,3.2793531551916453,0.6143118358174271,2.893711605963376,,14.856415492282691,1684.9455277401976
2006-05-11,4.875768947737697,1.1976516427959454,,3.895096411888229,3.281089217756592,0.614007194131637,3.103153771251524,,15.220645534949316,1698.5321579611325
2006-05-12,4.965239184881034,1.2282165867186847,,3.8965234884170736,3.2828191785991754,0.6137043098178983,3.1430899119975315,,15.602707333983558,1693.7110883991825
2006-05-15,4.673098143296364,1.1279453624164604,-0.38136975838902654,3.897946211676383,3.284543025739064,0.6134031859373192,3.0194747287596395,-0.47671219798628317,14.349317030205752,1670.457764792209
2006-05-16,4.673942051899673,1.1281281071238436,,3.8993645727741417,3.286260747238265,0.6131038255358767,3.0214208811430696,,14.351601339048043,1680.243086942084
2006-05-17,4.686826979054647,1.1324411887138073,,3.9007785628455967,3.2879723312012072,0.6128062316443894,3.0285238170934665,,14.405514858922588,1697.7632361029
2006-05-18,4.290335306628914,0.9963985682312743,,3.9021881730533154,3.2896777657748233,0.6125104072784922,2.8601759760639163,,15.295017897109073,1696.9258967420528
2006-05-19,4.541164608888402,1.0822965583711577,,3.9035933945872383,3.2913770391486303,0.612216355438608,2.9692477371125774,,14.221293020360529,1703.5519929592008
2006-05-22,4.539704447660527,1.081697296105717,-0.4122018025961887,3.9049942186647355,3.293070139554815,0.6119240791099205,2.970191759686961,-0.5152522532452359,14.228783798678538,1696.7167461337644
2006-05-23,4.72755705869468,1.1460072637224195,,3.90639063653066,3.294757055268311,0.6116335812623492,3.0522661349213354,,14.575090796530242,1684.2714605687502
2006-05-24,4.943583745677739,1.2199789096292355,,3.907782639457407,3.2964377746068845,0.6113448648505226,3.1464114116434287,,15.499736370365442,1700.3275922419264
2006-05-25,4.2234278605073285,0.972975670162591,,3.9091702187449604,3.2981122859312104,0.61105793281375,2.8393318736344493,,15.587804122967615,1706.6943935068637
2006-05-26,4.550426731383531,1.0849989163616507,,3.9105533657209555,3.2997805776449574,0.6107727880759981,2.981029223097021,,14.187513545479366,1714.6718373789818
2006-05-29,5.112947905415334,1.277774665719077,-0.28148355618728216,3.9119320717407278,3.301442638194865,0.6104894335458626,3.2236609703437114,-0.3518544452341027,16.22218332148846,1738.4445039803709
2006-05-30,4.334435320508281,1.0107694125424924,,3.9133063281873692,3.303098456070826,0.6102078721165434,2.8915602217489416,,15.115382343218846,1722.4490927105478
2006-05-31,4.307150592779022,1.0013299979251618,,3.9146761264717815,3.304748019805963,0.6099281066658184,2.8814105172124154,,15.23337502593548,1714.3413129330338
2006-06-01,4.66598632193714,1.1242767430197433,,3.91604145803273,3.306391317976712,0.6096501400560177,3.0367372467513913,,14.30345928774679,1717.20905915075
2006-06-02,4.8909491815933945,1.2013262228582384,,3.917402314336896,3.308028339202898,0.6093739751339982,3.134686117775696,,15.26657778572798,1708.9369554987388
2006-06-05,4.599642845179359,1.1013711266672792,-0.3990859155551473,3.918758686878933,3.3096590721478156,0.6090996147311172,3.0113729804819145,-0.49885739444393407,14.01713908334099,1721.4547918891028
2006-06-06,5.061003440485049,1.2594752708524388,,3.9201105671815166,3.3112835055183063,0.6088270616632103,3.2106275940838547,,15.993440885655485,1718.983537524043
2006-06-07,4.895962779812411,1.2028152779079833,,3.9214579467953996,3.3129016280648385,0.6085563187305612,3.1414207254498177,,15.28519097384979,1704.1225661506096
2006-06-08,4.89093370217102,1.2010184080268076,,3.9228008172994637,3.3145134285815843,0.6082873887178795,3.140786438615094,,15.262730100335093,1705.5579479267724
2006-06-09,4.7904433846986265,1.1664939801588914,,3.9241391703007724,3.316118895906496,0.6080202743942764,3.09923637110511,,14.83117475198614,1708.6017540344617
2006-06-12,5.411381259416036,1.3793183720415303,-0.21378775197231323,3.925472997434624,3.317718018921385,0.6077549785132388,3.366865983973298,-0.26723468996539146,17.49147965051913,1723.4661851200026
2006-06-13,4.525090279875981,1.0753805973360748,,3.926802290364603,3.3193107865519993,0.6074915038126036,2.988536533222093,,14.307742533299066,1730.0075194807039
2006-06-14,3.8958523941917558,0.8595773249520184,,3.928127040782633,3.3208971877680984,0.6072298530145348,2.7203688439581217,,17.00528343809977,1737.6368753660051
2006-06-15,5.158756674347849,1.292510523382057,,3.929447240409029,3.3224772115835304,0.6069700288254984,3.263115365811102,,16.40638154227571,1743.0887752748395
2006-06-16,4.437249421650667,1.045076068285181,,3.9307628809925466,3.3240508470563084,0.6067120339362382,2.9553959324127845,,14.686549146435238,1740.5735668125394
2006-06-19,4.635373073329168,1.1129456533211641,-0.3913695644525574,3.932073954310437,3.325618083288686,0.6064558710217507,3.0418001499401415,-0.4892119555656967,14.161820666514549,1729.822363139554
2006-06-20,5.05612247096361,1.2571460821832634,,3.933380452168495,3.3271789094272335,0.6062015427412617,3.223611512156313,,15.96432602729079,1734.7585997650901
2006-06-21,4.037147821036823,0.907728855072929,,3.9346823664011152,3.3287333146629114,0.6059490517382038,2.7883943835040728,,16.403389311588388,1729.9978145509383
2006-06-22,4.1600151779560015,0.9498023343072634,,3.9359796888713365,3.3302812882311468,0.6056984006401898,2.842534206115226,,15.877470821159209,1756.9485902689494
2006-06-23,4.037791578463999,0.9078466475457376,,3.937272411470899,3.331822819411908,0.6054495920589908,2.79163112884408,,16.40191690567828,1778.7452312817686
2006-06-26,4.320432417409065,1.0047036451969493,-0.46353090320203394,3.9385605261202885,3.333357897529776,0.6052026285905123,2.9142374540259626,-0.5794136290025425,15.191204435038136,1789.3523552472677
2006-06-27,4.7523883002965155,1.1527563927220392,,3.939844024768795,3.334886511954023,0.6049575128147717,3.1008320028565723,,14.65945490902549,1795.9065641750385
2006-06-28,4.782110707255381,1.1629025411375327,,3.9411228993945544,3.336408652098683,0.6047142472958713,3.1150368285205987,,14.786281764219156,1794.9341080629458
2006-06-29,4.69546450200869,1.1331529015194266,,3.942397142004605,3.337924307422625,0.6044728345819803,3.079365434321908,,14.414411268992831,1775.1203067554723
2006-06-30,4.104418157918538,0.9304680939329162,,3.9436667446349354,3.339433467429626,0.6042332772053092,2.8275185848457713,,16.11914882583855,1772.1130516979154
2006-07-03,3.7904617918201966,0.8227875876040829,-0.5848082749306116,3.944931699350532,3.340936121668447,0.6039955776820851,2.6944206061735505,-0.7310103436632645,17.465155154948967,1774.1745089578199
2006-07-04,4.618127624559089,1.106522430246846,,3.9461919982454328,3.3424322597329006,0.6037597385125322,3.050585297541458,,14.081530378085574,1778.2866732520445
2006-07-05,4.434082229033751,1.0433868759633997,,3.9474476334427737,3.3439218712619256,0.6035257621808481,2.9731554662161757,,14.707664050457504,1786.263816136772
2006-07-06,4.760082926667716,1.1551262926059935,,3.9486985970948387,3.3454049459396593,0.6032936511551794,3.1143128116971512,,14.689078657574917,1801.587384819158
2006-07-07,4.845069834737595,1.1842344351465526,,3.9499448813831086,3.3468814734955066,0.603063407887602,3.1521745174286973,,15.052930439331906,1790.847139310132
2006-07-10,4.647852817703328,1.1165889718470419,-0.38894068543530547,3.9511864785183115,3.348351443704214,0.6028350348140976,3.0690876585130162,-0.48617585679413183,14.207362148088023,1780.3163791741495
2006-07-11,4.86559123799964,1.1912159702451026,,3.9524233807404685,3.3498148463859376,0.6026085343545309,3.163834809192316,,15.140199628063781,1804.1666577832693
2006-07-12,4.679839070277015,1.1275053648938083,,3.9536555803189457,3.351271671406316,0.6023839089126297,3.0856533775235766,,14.343817061172603,1817.1832439237419
2006-07-13,4.7852022560573735,1.163607764672176,,3.954883069552499,3.352721908676539,0.6021611608759598,3.1322316145167592,,14.7950970584022,1811.256304804608
2006-07-14,4.353102574439555,1.0154392084556143,,3.956105840769325,3.3541655481534187,0.6019402926159061,2.9484645587229363,,15.057009894304823,1809.96189947007
2006-07-17,4.5369269156702225,1.0784466303402251,-0.4143689131065167,3.957323886327107,3.3556025798394566,0.6017213064876503,3.028660867764738,-0.5179611413831459,14.269417120747187,1808.741626512571
2006-07-18,4.668709324348954,1.123613131598835,,3.9585371986130653,3.3570329937829158,0.6015042048301495,3.0865494082814595,,14.295164144985435,1809.7080548769566
2006-07-19,4.887063522171457,1.1984634170500903,,3.959745770044001,3.358456780077888,0.6012889899661129,3.181536051390501,,15.230792713126128,1817.8776321658574
2006-07-20,4.462104095397143,1.0527510593330514,,3.9609495930663474,3.3598739288643635,0.6010756642019839,3.000812753030678,,14.590611758336859,1860.2941477348606
2006-07-21,4.782351079209397,1.1625400706878537,,3.962148660156214,3.3612844303282983,0.6008642298279159,3.139459518688115,,14.78175088359817,1863.9398160505407
2006-07-24,4.506922080257723,1.0680993449701546,-0.42126710335323037,3.9633429638194357,3.3626882747016817,0.600654689117754,3.022812455914375,-0.5265838791915379,14.398758187873069,1875.5572430646332
2006-07-25,4.558843099943764,1.0858949399206244,,3.9645324965916178,3.364085452262606,0.600447044329012,3.0464541271633863,,14.176313250992196,1847.766331467586
2006-07-26,4.890325807398643,1.199542285042889,,3.9657172510381855,3.3654759533353316,0.600241297702854,3.1899038096389427,,15.24427856303611,1840.180052179275
2006-07-27,3.9024283799370485,0.8608327554735014,,3.966897219754427,3.366859768290355,0.6000374514640718,2.767900712632232,,16.989590556581234,1861.1093902695982
2006-07-28,4.146233644950405,0.9444233206310287,,3.968072395365541,3.368236887544476,0.5998355078210649,2.873766038333262,,15.944708492112142,1868.3274050638336
2006-07-31,4.08122760350507,0.9221377523068616,-0.5185748317954257,3.969242770526684,3.369607301560863,0.599635468965821,2.84727949194444,-0.6482185397442821,16.22327809616423,1796.4123975922578
2006-08-01,3.7832144664552247,0.8199660656182035,,3.9704083379230157,3.3709710008491203,0.5994373370738955,2.7209285828718746,,17.50042417977246,1807.7948224686954
2006-08-02,4.362569253281678,1.018608267181379,,3.9715690902697434,3.3723279759653515,0.5992411143043919,2.9705883099420753,,15.017396660232766,1839.7344709372924
2006-08-03,4.862239454587068,1.1899320679673289,,3.972725020312168,3.373678217512228,0.5990468027999398,3.1860933024713893,,15.124150849591611,1807.433862269433
2006-08-04,4.500198032565587,1.065813912034091,,3.9738761208257314,3.3750217161390523,0.598854404686679,3.032289106181666,,14.427326099573863,1832.7774944221164
2006-08-07,4.669097934812791,1.1237348098330224,-0.38417679344465183,3.9750223846160586,3.3763584625418215,0.5986639220742371,3.1060269748330995,-0.4802209918058148,14.296685122912779,1788.0666852629354
2006-08-08,4.98105556506538,1.2307060996052952,,3.976163804519005,3.3776884474632958,0.5984753570557091,3.2410710719699147,,15.633826245066189,1803.6762848840347
2006-08-09,5.064471707964341,1.259322335872123,,3.9773003734006993,3.3790116616930574,0.5982887117076419,3.278164581533211,,15.991529198401537,1803.9868367924482
2006-08-10,4.57552949104941,1.0917034478328633,,3.9784320841575904,3.3803280960675792,0.5981039880900112,3.0699574058586583,,14.10370690208921,1766.675238745635
2006-08-11,5.0734231229603814,1.2624303067483278,,3.9795589297164895,3.381637741470284,0.5979211882462057,3.2846756249056934,,16.030378834354096,1774.226626220957
2006-08-14,4.63184677322842,1.1110551990120932,-0.3926298673252713,3.9806809030346155,3.3829405888316106,0.5977403142030049,3.0967595875967273,-0.4907873341565891,14.138189987651163,1793.1470097266758
2006-08-15,4.306441534330808,0.9995122131407046,,3.9817979970996387,3.3842366291290764,0.5975613679705623,2.958626895554957,,15.256097335741194,1799.4789759944824
2006-08-16,4.391413349081484,1.0286719577361518,,3.982910204929725,3.385525853387337,0.597384351542388,2.996365800557527,,14.891600528298103,1809.4277117962179
2006-08-17,4.081182343566157,0.9223356184921981,,3.984017519573579,3.3868082526782533,0.5972092668953257,2.864727775793501,,16.220804768847525,1803.1867729262726
2006-08-18,4.288434016935232,0.9934239375519618,,3.9851199341104877,3.388083818120948,0.5970361159895399,2.9548637400609,,15.332200780600479,1773.6738574800395
2006-08-21,4.473879861179657,1.0570379974310686,-0.42864133504595436,3.986217441650364,3.38935254088187,0.5968649007684941,3.035650037670706,-0.535801668807443,14.537025032111643,1785.1988281484003
2006-08-22,4.880339389945259,1.1964302023254323,,3.9873100353337896,3.3906144121748563,0.5966956231589333,3.211152165081647,,15.205377529067903,1813.9877209465612
2006-08-23,5.201247101616329,1.3064923797399182,,3.988397708332057,3.3918694232611912,0.5965282850708657,3.349984897936089,,16.581154746748975,1832.9813794766662
2006-08-24,4.115101255842631,0.9341382181547553,,3.9894804538472135,3.3931175654496673,0.5963628883975463,2.8857903381431114,,16.07327227306556,1800.9295132103944
2006-08-25,4.736235625272539,1.1471392961911904,,3.990558265112104,3.394358830096645,0.5961994350154587,3.153282950335633,,14.589241202389879,1776.9863686960423
2006-08-28,4.234430959231039,0.975134727301096,-0.4832435151326028,3.9916311353904104,3.395593208606114,0.5960379267842963,2.9395116177324843,-0.6040543939157534,15.560815908736302,1763.9492167899923
2006-08-29,4.764634748694822,1.1569636506155843,,3.9926990579766977,3.3968206924297517,0.595878365546946,3.168025255699232,,14.712045632694803,1739.2750516752117
2006-08-30,4.552473974961946,1.084269601917473,,3.993762026196453,3.3980412730669824,0.5957207531294704,3.0783782754638236,,14.19662997603159,1740.4019611751753
2006-08-31,3.9573949058180986,0.8802913008982964,,3.9948200334061283,3.3992549420650366,0.5955650913410917,2.824619068187907,,16.746358738771296,1747.0118967813398
2006-09-01,4.9229676433738065,1.2113956389882181,,3.9958730729931826,3.400461691019009,0.5954113819741735,3.2397062397542817,,15.392445487352727,1725.0992092087483
2006-09-04,4.386159309792925,1.0273999144629524,-0.4484000570246985,3.9969211383761207,3.4016615115719175,0.5952596268042032,3.0109114046506082,-0.5605000712808731,14.907501069213097,1737.641471429753
2006-09-05,4.410884452567553,1.0359319713951736,,3.997964223004539,3.40285439541476,0.5951098275897788,3.022769359658727,,14.800850357560332,1747.5042952172475
2006-09-06,4.2231702849075985,0.9716297106452373,,3.9990023203591605,3.404040334286573,0.5949619860725877,2.9435774725931196,,15.604628616934535,1739.339112928375
2006-09-07,4.368412693471662,1.0214860067974934,,4.00003542395188,3.4052193199744885,0.5948161039773918,3.007076828471355,,14.981424915031333,1737.0747547715491
2006-09-08,4.746995827142713,1.1513468528833901,,4.0010635273258055,3.406391344313789,0.5946721830120163,3.170574910418027,,14.641835661042375,1707.2848685584227
2006-09-11,4.530815109921018,1.0772906790876313,-0.4151395472749125,4.002086624055292,3.4075563991879694,0.5945302248673228,3.0791697480475086,-0.5189244340936405,14.283866511404609,1702.6126990448197
2006-09-12,4.711892912874117,1.1394394402738979,,4.003104707745989,3.408714476528785,0.5943902312172042,3.1580137768711576,,14.492993003423722,1703.1516012434906
2006-09-13,4.723338573056083,1.1434306224714614,,4.004117772034878,3.4098655683163157,0.594252203718562,3.1641538464056422,,14.542882780893265,1706.1666794180737
2006-09-14,5.058696347889702,1.2584793986633802,,4.005125810590308,3.411009666579016,0.5941161440112923,3.3091089149082413,,15.980992483292251,1712.4225063971764
2006-09-15,4.476282595069959,1.0588656618962746,,4.006128817112043,3.412146763393772,0.5939820537182712,3.0607288407641153,,14.51417922629657,1716.6199534942605
2006-09-18,4.079144629600355,0.9227770619785123,-0.5181486253476586,4.0071267853312955,3.413276850885957,0.5938499344453385,2.8917481783590975,-0.6476857816845731,16.215286725268598,1712.968997486976
2006-09-19,4.969353970275791,1.228066689988638,,4.008119709010767,3.4143999212294847,0.5937197877812825,3.2744832837152824,,15.600833624857975,1717.8162726902515
2006-09-20,4.479580667811969,1.0602214193483295,,4.009107581944687,3.415515966646864,0.5935916152978233,3.065792740832276,,14.497232258145882,1733.8114982105574
2006-09-21,4.985478435132104,1.2337510933492852,,4.010090397958855,3.416624979409253,0.5934654185496022,3.2838138460958595,,15.671888666866066,1732.7550921303546
2006-09-22,4.729316771950504,1.1460052535818965,,4.011068150910672,3.4177269518365123,0.5933411990741599,3.175233518813883,,14.575065669773705,1738.1494878848275
2006-09-25,4.548994504390203,1.0842634963755986,-0.4104910024162676,4.012040834689186,3.418821876297258,0.5932189583919278,3.099151246766757,-0.5131137530203345,14.196706295305017,1735.6734522844051
2006-09-26,4.7167162189024125,1.1418531072855556,,4.013008443215126,3.4199097452089164,0.5930986980062096,3.172226129315861,,14.523163841069442,1726.031192747363
2006-09-27,5.277245230123748,1.334121507215156,,4.013970970440943,3.4209905510377725,0.5929804194031707,3.4136424350567176,,16.92651884018945,1734.6064917654628
2006-09-28,5.321074363164946,1.3492376634864505,,4.014928410350845,3.4220642862990256,0.5928641240518195,3.4336113656570886,,17.11547079358063,1726.3917698501648
2006-09-29,4.618149088873514,1.1083257362159336,,4.015880756960835,3.4231309435568407,0.5927498134039939,3.1335381138267575,,14.104071702699168,1732.8351296226128
2006-10-02,4.649661086410552,1.1192228711980492,-0.387184752534634,4.016828004318749,3.424190515424399,0.5926374888943502,3.1482191044219605,-0.48398094066829245,14.240285889975613,1733.7092158898006
2006-10-03,4.970001298640469,1.2291488188959663,,4.017770146504295,3.425242994563949,0.5925271519403466,3.2866790181839067,,15.614360236199579,1729.405584410614
2006-10-04,4.297052928541075,0.9985206760679184,,4.0187071776290875,3.426288373686859,0.5924188039422287,2.999439218771757,,15.26849154915102,1724.7368207328598
2006-10-05,4.7093201527989,1.1399684447141907,,4.0196390918366856,3.4273266455536637,0.5923124462830218,3.177287201446402,,14.499605558927383,1717.2967237608066
2006-10-06,4.583398948133681,1.0968964582455374,,4.020565883302627,3.4283578029741215,0.5922080803285055,3.124478375781043,,14.038794271930785,1692.4702898919486
2006-10-09,4.702018435982501,1.1376689853749065,-0.3748873430833957,4.021487546234469,3.429381838807255,0.5921057074272138,3.176468070525888,-0.46860917885424463,14.47086231718633,1698.7373291479416
2006-10-10,4.300165295908226,0.9999957432860714,,4.0224040748718215,3.430398745961409,0.5920053289104126,3.0053934250689984,,15.250053208924108,1702.7066788735146
2006-10-11,4.035183774843218,0.9092519008029238,,4.023315463486383,3.431408517394293,0.5919069460920898,2.892973393397948,,16.384351239963454,1716.2062415512903
2006-10-12,3.8656704225230127,0.8512419876810451,,4.024221706381978,3.4324111461130347,0.591810560268943,2.8214636307143413,,17.10947515398694,1708.4440928732126
2006-10-13,4.199806626000748,0.9659139064412472,,4.02512279789459,3.433406625174226,0.5917161727203641,2.965799008225785,,15.676076169484412,1738.272009408174
2006-10-16,4.430025373840405,1.0449589658072802,-0.4366940227951467,4.026018732392402,3.4343949476839706,0.5916237847084318,3.0655936549430707,-0.5458675284939333,14.688012927409,1732.7745296583503
2006-10-17,4.487609548730999,1.0648170096021488,,4.026909504275825,3.4353761067979356,0.5915333974778898,3.0913973688006213,,14.439787379973144,1719.6106715030412
2006-10-18,5.2679166188215065,1.332467739491542,,4.027795107977539,3.436350095721392,0.591445012256147,3.4269347700858197,,16.905846743644275,1704.7266020047805
2006-10-19,4.976636731818832,1.232719204388876,,4.028675537962522,3.4373169077092696,0.5913586302532527,3.3032159131953645,,15.658990054860947,1678.7499608233745
2006-10-20,4.252454739606898,0.9845490660390048,,4.02955078872809,3.438276536066198,0.5912742526618922,2.9939628686149544,,15.443136674512441,1702.4920621267845
2006-10-23,4.7105264094679145,1.1417250142941149,-0.3721833238039235,4.03042085480393,3.4392289741465554,0.5911918806573748,3.1913852420141993,-0.4652291547549043,14.521562678676435,1724.0612562313654
2006-10-24,4.445987137278004,1.051150611637961,,4.0312857307521295,3.4401742153545136,0.5911115153976159,3.079112479901965,,14.610617354525488,1733.8414003103221
2006-10-25,4.4885674990676385,1.0658763394351887,,4.032145411167218,3.441112253144085,0.5910331580231332,3.098457677438071,,14.426545757060143,1720.3445839449537
2006-10-26,4.652583401017224,1.122239077929846,,4.032999890676196,3.4420430810191665,0.5909568096570297,3.169841928431474,,14.277988474123074,1749.0556599432061
2006-10-27,4.8040481605160315,1.1743005340370474,,4.0338491639385685,3.4429666925335862,0.5908824714049823,3.2358423600798956,,14.92875667546309,1743.9637625966393
2006-10-30,4.468210916219046,1.0592889819339182,-0.42714067871072126,4.034693225646381,3.443883081291145,0.5908101443552365,3.0929943087085427,-0.5339258483884015,14.508887725826023,1740.181319597031
2006-10-31,4.95890681391342,1.227662183928123,,4.03553207052425,3.4447922409456644,0.590739829578586,3.3043699708558183,,15.595777299101538,1763.2781224396324
2006-11-01,4.186482071866434,0.9629674128629115,,4.036365693329398,3.4456941652010293,0.590671528128369,2.974403431279669,,15.712907339213606,1774.2092690520792
2006-11-02,4.587975083977286,1.1007606874834723,,4.0371940888516855,3.446588847811229,0.5906052410404565,3.1475397071655693,,14.009508593543403,1810.1591501922933
2006-11-03,5.494532471144482,1.4117208471915,,4.038017251913643,3.4474762825804057,0.5905409693332371,3.537127341569781,,17.896510589893747,1814.6693413368064
2006-11-06,4.6630091310527835,1.126769569115033,-0.38215362058997804,4.038835177370504,3.4483564633628916,0.5904787140076122,3.181818424756683,-0.4776920257374725,14.334619613937912,1808.6487017642621
2006-11-07,5.08613515850228,1.2719857407927408,,4.039647860110237,3.4492293840632566,0.5904184760469802,3.3642115600541826,,16.14982175990926,1799.1669440120318
2006-11-08,4.616115315594985,1.110982421380785,,4.040455295053577,3.450095038636346,0.590360256417231,3.1638230653623274,,14.137280267259813,1769.9490897095418
2006-11-09,4.786922726946108,1.1696932514395757,,4.041257477154059,3.450953421087325,0.5903040560667341,3.2380699853867947,,14.871165642994695,1765.9581801301183
2006-11-10,4.563338440589693,1.093186016672877,,4.0420544013980475,3.4518045254717222,0.5902498759263253,3.143287046312819,,14.085174791589038,1784.6900548056478
2006-11-13,4.5231260514482745,1.0795510902602956,-0.4136326064931364,4.042846062804768,3.452648345895464,0.5901977169093042,3.127087208720834,-0.5170407581164205,14.255611371746307,1794.783261458297
2006-11-14,4.309500349978493,1.0064621123929498,,4.04363245642634,3.453484876514924,0.5901475799114158,3.0365625170061112,,15.16922359508813,1795.5601616041076
2006-11-15,4.732469492841847,1.1516361630749066,,4.044413577347806,3.4543141115369567,0.5900994658108489,3.21885931538059,,14.64545203843633,1779.9986947352209
2006-11-16,4.283365180496968,0.997815537297708,,4.045189420687161,3.4551360452189392,0.590053375468222,3.027405466841074,,15.277305783778651,1784.0828758844966
2006-11-17,4.813891566874803,1.1798702283576117,,4.045959981595389,3.4559506718688153,0.5900093097265735,3.25578845731583,,14.998377854470144,1800.8698740296118
2006-11-20,4.960315088022444,1.2302344405335093,-0.3131770396443272,4.046725255256485,3.4567579858451283,0.5899672694113565,3.319551036512015,-0.391471299555409,15.627930506668864,1808.3164690175377
2006-11-21,4.708272903132522,1.1439837688684678,,4.047485236887493,3.4575579815570645,0.5899272553304282,3.212537692642649,,14.549797110855845,1811.4849102673295
2006-11-22,4.4793165068868985,1.065650151973317,,4.048239921738528,3.4583506534644908,0.5898892682740371,3.115413343431137,,14.429373100333537,1798.9879962211492
2006-11-23,4.737902555470212,1.1544758695170436,,4.048989305092814,3.4591359960779924,0.5898533090148215,3.227230832974297,,14.680948368963044,1813.5367039055845
2006-11-24,4.470484465633722,1.0629592333344307,,4.049733382266707,3.4599140039589122,0.5898193783077947,3.1136130456269506,,14.46300958331962,1763.5728424089714
2006-11-27,4.9054613619486656,1.212265655055818,-0.3251562299627881,4.050472148609726,3.460684671719387,0.5897874768903395,3.3010167405391595,-0.40644528745348507,15.403320688197724,1770.1023801600168
2006-11-28,3.9365219795184787,0.8802312698941852,,4.051205599504585,3.461447994022385,0.5897576054822,2.8867370813901165,,16.747109126322684,1811.980207666502
2006-11-29,4.459540186588799,1.0597271158257626,,4.051933730367218,3.462203965581744,0.5897297647854742,3.111862860363947,,14.50341105217797,1787.9950783623838
2006-11-30,3.879701646616369,0.8611025605851204,,4.05265653664681,3.4629525811622077,0.5897039554846026,2.8643307818936083,,16.986217992685997,1784.5612720617457
2006-12-01,4.052692064499323,0.9205927003727354,,4.053374013825823,3.463693835579459,0.5896801782463639,2.9394347110453785,,16.242591245340808,1784.8803820881185
2006-12-04,5.052787084101552,1.2636634675776692,-0.2908910216148873,4.054086157420028,3.4644277237001617,0.5896584337198663,3.369007058172248,-0.3636137770186091,16.045793344720863,1777.909355838373
2006-12-05,4.888216442174778,1.2074221978366024,,4.054792962978529,3.46515424044199,0.5896387225365389,3.299431987737743,,15.342777472957529,1795.018849513577
2006-12-06,4.322544465776738,1.0136623720058253,,4.0554944260837935,3.465873380773668,0.5896210453101256,3.0579513457809497,,15.079220349927185,1803.1183490446022
2006-12-07,4.047941648853148,0.9196995852750924,,4.05619054235168,3.4665851397150016,0.5896054026366784,2.941209621308867,,16.253755184061347,1806.043038385346
2006-12-08,3.5356825464207704,0.7442565394590019,,4.056881307431464,3.467289512336916,0.589591795094548,2.7226101866606687,,18.446793256762476,1819.5036398577963
2006-12-11,4.382488471382974,1.034780539048084,-0.44347964063461076,4.057566717005866,3.4679864937614866,0.5895802232443792,3.0864621675715918,-0.5543495507932634,14.815243261898951,1820.2329636837246
2006-12-12,5.419295899457199,1.3904498014696884,,4.058246766791078,3.468676079161976,0.5895706876291023,3.5317383309990866,,17.630622518371105,1873.5467183077078
2006-12-13,4.723793381013825,1.1521861125756379,,4.058921452536792,3.4693582637628637,0.5895631887739281,3.234590904482411,,14.65232640719547,1876.5695408705008
2006-12-14,4.375161329918895,1.0328513256740615,,4.059590770026223,3.4700330428398827,0.5895577271863406,3.0860971999324596,,14.839358429074235,1880.3406112155085
2006-12-15,4.733211959065035,1.155809625140037,,4.06025471507614,3.47070041172005,0.5895543033560902,3.240462443145096,,14.69762031425046,1852.0788745439586
2006-12-18,4.023515238111131,0.912684997640667,-0.5248766682395555,4.0609132835368875,3.4713603657817007,0.5895529177551868,2.9372166128325343,-0.6560958352994443,16.341437529491664,1843.5031939143473
2006-12-19,4.465198789477382,1.0643211964762838,,4.061566471292416,3.472012900454519,0.589553570837897,3.1274143960498737,,14.445985044046454,1863.104291301868
2006-12-20,4.60348492429104,1.1119372967618888,,4.0622142742603025,3.472658011219568,0.5895562630407345,3.187579632171929,,14.149216209523608,1841.305735308456
2006-12-21,4.537932969253055,1.0896679217814742,,4.062856688391783,3.473295693609325,0.5895609947824578,3.160380595836168,,14.129150977731573,1806.3476688424096
2006-12-22,4.844245283847734,1.1948967346028097,,4.063493709671768,3.4739259432077096,0.5895677664640582,3.292546861461222,,15.186209182535121,1807.3248767764237
2006-12-25,4.687478478466024,1.1413574271483264,-0.3724283819011158,4.06412533411888,3.4745487556501145,0.5895765784687654,3.2262455395855225,-0.4655354773763948,14.516967839354079,1830.2168991218678
2006-12-26,4.800150836840754,1.1801991221729597,,4.064751557785465,3.4751641266234365,0.5895874311620286,3.2754130293396364,,15.002489027161996,1831.3729198506219
2006-12-27,4.3246850952453055,1.017395326132309,,4.06537237675763,3.4757720518661066,0.5896003248915238,3.072516209531493,,15.032558423346138,1826.2976830823777
2006-12-28,4.879224041987801,1.2077378490092658,,4.065987787155257,3.4763725271681185,0.5896152599871387,3.311044838429701,,15.346723112615821,1796.4534255574845
2006-12-29,5.134484436496828,1.295472433714879,,4.066597785132034,3.4769655483710586,0.5896322367609752,3.4213060905146575,,16.443405421435987,1804.2314095895624
2007-01-01,4.224166638852279,0.9835820576418306,-0.47761196157211305,4.067202366875474,3.4775511113681343,0.5896512555073397,3.0320286834204224,-0.5970149519651413,15.455224279477118,1815.455073007714
2007-01-02,4.252382576680505,0.9934765213142529,,4.067801528606944,3.4781292121042022,0.589672316502742,3.0449748637470186,,15.33154348357184,1787.0220455512579
2007-01-03,5.029952288402054,1.2602941203584281,,4.068395266581685,3.478699846575797,0.5896954200058886,3.379067497023832,,16.00367650448035,1805.8138286428332
2007-01-04,4.494803728505128,1.0770387215965929,,4.068983577088837,3.4792630108311586,0.5897205662576788,3.1505614128269,,14.28701598004259,1818.755770104776
2007-01-05,5.052452612548496,1.2684585670479869,,4.069566456451461,3.4798187009702595,0.5897477554812012,3.3903919097802433,,16.105732088099835,1837.8445927311059
2007-01-08,4.4055632857066,1.046895714572938,-0.4354028569513747,4.0701439010265625,3.4803669131448336,0.5897769878817289,3.1139865563610063,-0.5442535711892184,14.663803567838276,1847.9837757192608
2007-01-09,5.069047064001646,1.2746054691524855,,4.070715907205115,3.480907643558398,0.5898082636467175,3.399164479999005,,16.182568364406066,1859.3525545706123
2007-01-10,4.605126153427597,1.1157782980166544,,4.071282471412082,3.4814408884662855,0.5898415829457964,3.2011637609871033,,14.197228725208179,1868.5539188351759
2007-01-11,4.648805898733298,1.1309874587987234,,4.071843590106439,3.4819666441756665,0.5898769459307722,3.220700967674071,,14.387343234984042,1883.6870954999463
2007-01-12,5.1053915090290625,1.2877661626003887,,4.0723992597811955,3.482484907045576,0.5899143527356197,3.4171926102960617,,16.347077032504856,1853.5676792647866
2007-01-15,4.430429633205087,1.0565875427066995,-0.4289416381955337,4.0729494769634185,3.4829956734869363,0.5899538034764822,3.128730101870311,-0.5361770477444171,14.542655716166257,1829.1524588737113
2007-01-16,4.226960383814889,0.9870653484890051,,4.073494238214252,3.4834989399625877,0.5899952982516643,3.042330625573844,,15.411683143887437,1817.5303903397596
2007-01-17,4.398654190167458,1.0461722950365975,,4.074033540128941,3.483994702987306,0.5900388371416345,3.116710071783053,,14.672846312042532,1815.8619702120916
2007-01-18,4.713261830178449,1.1542800740771768,,4.074567379336848,3.484482959127832,0.5900844202090161,3.252333051724303,,14.678500925964707,1822.6719010340116
2007-01-19,4.006217306007708,0.9121089113383384,,4.075095752501482,3.484963705002892,0.5901320474985896,2.9500998441758153,,16.34863860827077,1828.4628421115353
2007-01-22,4.776630590889919,1.1764965083181347,-0.3490023277879103,4.07561865632051,3.485436937283223,0.5901817190372873,3.2810575726808913,-0.43625290973488784,14.956206353976683,1847.4006355306167
2007-01-23,4.364223377970103,1.0353474418858708,,4.0761360875257875,3.485902652691595,0.5902334348341927,3.1050869550489337,,14.808156976426615,1867.0619524146155
2007-01-24,4.953800115737403,1.2377375192880278,,4.07664804288337,3.4863608480028336,0.5902871948805366,3.3585327471128683,,15.721718991100346,1852.9233496447243
2007-01-25,3.713341715043998,0.8126887634119435,,4.077154519193538,3.486811520043844,0.5903429991496942,2.8276724743087733,,17.591390457350705,1857.3704778518324
2007-01-26,4.275296740526527,1.0056121069875,,4.077655513290816,3.487254665693629,0.5904008475971869,3.069269799428004,,15.179848662656253,1843.7126475841944
2007-01-29,3.959587662628222,0.8976238218519079,-0.5349174520987282,4.078151022043993,3.4876902818833155,0.5904607401606778,2.9347200591982006,-0.6686468151234102,16.529702226851153,1841.0518366019037
2007-01-30,4.259922780768048,1.0008524640363259,,4.078641042356141,3.488118365596173,0.5905226767599681,3.06418394564158,,15.23934419954593,1846.8531318871112
2007-01-31,4.63503257357825,1.1297199081330733,,4.079125571164635,3.4885389138676333,0.5905866572970018,3.225688799033975,,14.371498851663414,1791.502713208255
2007-02-01,4.4848614503845114,1.0784928049460294,,4.07960460544117,3.488951923785315,0.5906526816558548,3.162067929967852,,14.268839938174633,1831.2631389452652
2007-02-02,4.4581447393929805,1.0695946917262382,,4.080078142191785,3.4893573924890404,0.5907207497027445,3.1513507571468384,,14.380066353422022,1841.082376382365
2007-02-05,4.490343172205674,1.080897815434393,-0.4127347897104049,4.080546178456876,3.4897553171708555,0.5907908612860204,3.1658775864638464,-0.515918487138006,14.238777307070091,1831.6960066089086
2007-02-06,4.61646963087653,1.1244065888743933,,4.081008711311218,3.490145695075051,0.5908630162361668,3.2206539311680427,,14.305082360929916,1864.212375305655
2007-02-07,4.191516893708881,0.9789756749668271,,4.081465737863981,3.49052852349818,0.5909372143658009,3.0392481172067143,,15.512804062914661,1858.856966141029
2007-02-08,4.791117548218799,1.1848219569078862,,4.081917255258753,3.4909037997890784,0.5910134554696742,3.296931245923936,,15.060274461348577,1861.5406269930625
2007-02-09,4.7748638444425255,1.1795199164462582,,4.08236326067355,3.4912715213488807,0.5910917393246695,3.2906714169067035,,14.993998955578226,1853.8608245613989
2007-02-12,4.676899540956809,1.146204552518732,-0.3691969649875119,4.08280375132084,3.4916316856310408,0.5911720656897996,3.249387376279456,-0.4614962062343899,14.577556906484151,1882.100279473414
2007-02-13,4.7361234145286035,1.1667840131301517,,4.0832387244475585,3.4919842901413474,0.5912544343062112,3.275464306554037,,14.834800164126895,1880.7929331030664
2007-02-14,4.644278407283795,1.1355701600970391,,4.083668177335124,3.4923293324379423,0.5913388448971815,3.2367920325592414,,14.44462700121299,1883.7958638351108
2007-02-15,5.251998122940747,1.3442087963277283,,4.084092107299457,3.492666810131337,0.5914252971681204,3.4979278055409972,,17.052609954096603,1904.792077841254
2007-02-16,4.5084248416265185,1.089548699473699,,4.084510511690999,3.492996720884431,0.5915137908065677,3.1799325952265547,,14.130641256578764,1915.3284307755418
2007-02-19,4.430608996164982,1.0631500137998509,-0.42456665746676614,4.084923387894721,3.4933190624125237,0.591604325482197,3.1472565796623373,-0.5307083218334576,14.460624827501865,1914.870468093538
2007-02-20,4.273528789246766,1.0095766903571148,,4.085330733330149,3.4936338324833347,0.5916969008468147,3.080604695429728,,15.130291370536067,1934.5862869219657
2007-02-21,4.175141838361343,0.9761284795306597,,4.085732545451376,3.4939410289170167,0.591791516534359,3.0391016283303416,,15.548394005866754,1979.7881568226219
2007-02-22,4.100034001270119,0.950663385487871,,4.086128821747077,3.4942406495861733,0.5918881721609037,3.0075698814460123,,15.866707681401612,1985.948316799843
2007-02-23,4.2236804566885775,0.9933443224122899,,4.086519559740527,3.494532692415869,0.5919868673246578,3.0612130954312313,,15.333195969846377,1988.5334004054264
2007-02-26,4.509176820072332,1.0915183542017515,-0.4056544305321657,4.086904756989615,3.4948171553836485,0.5920876016059662,3.184215098135838,-0.5070680381652072,14.106020572478107,1992.087384779307
2007-02-27,4.650068746391684,1.1401154154197257,,4.087284411086857,3.495094036519547,0.5921903745673105,3.2452383057942042,,14.501442692746572,2016.2248799226275
2007-02-28,4.550110742680021,1.1061370470262595,,4.08765851965942,3.4953633339061065,0.5922951857533132,3.203034642688931,,14.076713087828242,2005.8824968036065
2007-03-01,4.26341433149747,1.0081357667084345,,4.088027080369123,3.4956250456783877,0.5924020346907355,3.080794754063931,,15.14830291614457,2001.3646120422038
2007-03-02,4.845552030769955,1.2080221476823956,,4.0883900909124655,3.4958791700239837,0.5925109208884818,3.330906854626978,,15.350276846029946,1974.3559963367495
2007-03-05,4.7884127345720655,1.1887295206761137,-0.34084698621592424,4.088747549020631,3.4961257051830312,0.5926218438376001,3.3070376060281736,-0.42605873276990525,15.10911900845142,1953.9196980918323
2007-03-06,4.472867381568462,1.080842203109358,,4.089099452459509,3.496364649448224,0.5927348030112851,3.1724174033349217,,14.239472461133026,1945.3214952252606
2007-03-07,4.299344765357747,1.0216500626402347,,4.089445799029702,3.4965960011648245,0.5928497978648779,3.098658579465118,,14.979374216997067,1944.8285491337795
2007-03-08,4.718931465030915,1.165811350499576,,4.089786586566548,3.496819758730675,0.5929668278358733,3.2790839468551454,,14.8226418812447,1976.5355176618757
2007-03-09,4.5918838881093835,1.1225568304983327,,4.090121812940124,3.4970359205962085,0.5930858923439155,3.2252319587191245,,14.281960381229156,1986.5898167473479
2007-03-12,4.018355207585783,0.9262247288701944,-0.5158501807532039,4.090451476055266,3.49724448526446,0.5932069907908062,2.980025396352203,-0.6448127259415047,16.17219088912257,1970.8418810018848
2007-03-13,4.500508464037074,1.0918423692818715,,4.090775573851581,3.497445451291077,0.5933301225605043,3.187248412893416,,14.101970383976607,1958.4610335466089
2007-03-14,4.6151110957538695,1.1314442974489258,,4.09109410430346,3.4976388172843285,0.5934552870191316,3.2369441890954858,,14.393053718111572,1983.338857153068
2007-03-15,4.20759761015685,0.9920366256214697,,4.091407065420087,3.4978245819051157,0.5935824835149717,3.0628703639319528,,15.34954217973163,2004.0521566219652
2007-03-16,4.58802342625253,1.1227812071404932,,4.091714455245458,3.498002743866981,0.5937117113784769,3.2264792527925974,,14.284765089256165,2005.0611485721006
2007-03-19,4.0114730651823844,0.9254213017690653,-0.5163857988206232,4.092016271858386,3.4981733019361165,0.5938429699222691,2.9799499291474483,-0.645482248525779,16.182233727886683,1997.5907314794129
2007-03-20,4.987404022790948,1.2603423320014606,,4.092312513372518,3.4983362549313726,0.593976258441145,3.3987641699331985,,16.004279150018256,2018.4223989574061
2007-03-21,4.9555946054621955,1.249753998207132,,4.092603177936346,3.4984916017242664,0.5941115762120797,3.385684099483181,,15.871924977589147,2000.9584114957113
2007-03-22,4.429499550440392,1.0696979198836443,,4.092888263733219,3.49863934123899,0.5942489224942289,3.160761741093545,,14.378776001454447,2008.532879998023
2007-03-23,4.6441534400749385,1.143614520540689,,4.093167768981348,3.4987794724524175,0.5943882965289307,3.2532976231282786,,14.54518150675861,2050.55087389693
2007-03-26,3.6725308496649705,0.810809364104015,-0.5927937572639901,4.09344169193383,3.4989119943941107,0.594529697539719,2.8374236995241295,-0.7409921965799875,17.61488294869981,2054.8578589590866
2007-03-27,4.110336297862941,0.9612382807681601,,4.093710030878645,3.499036906146329,0.5946731247323163,3.0255847571065293,,15.734521490397999,2041.0741060246519
2007-03-28,4.411285137548197,1.0647465295817444,,4.093972784138677,3.499154206844033,0.5948185772946437,3.1550873688212135,,14.440668380228194,2049.138600932866
2007-03-29,4.137906336188914,0.971344037428777,,4.094229950071717,3.4992638956748907,0.594966054396826,3.0384439424608622,,15.608199532140288,2040.9990772193273
2007-03-30,4.762232164262373,1.185727577915679,,4.094481527070481,3.499365971879286,0.5951155551911946,3.306525444273885,,15.071594723945989,2016.0545111651315
2007-04-02,5.210283064516966,1.3396755836897594,-0.2402162775401605,4.094727513562612,3.4994604347503193,0.5952670788122925,3.4990549143625187,-0.3002703469252006,16.99594479612199,2029.3219314800529
2007-04-03,4.144929781390703,0.9763062336684839,,4.098249158010695,3.5039222836338157,0.5943268743768795,3.027430075719421,,15.939922079143955,2049.7170989010915
2007-04-04,4.309143806549359,1.034504391509777,,4.101765208912268,3.50837651792833,0.5933886909839381,3.0827570073155512,,15.606195106127789,2043.3075398922458
2007-04-05,4.730169416426364,1.1807538041971917,,4.105275664799823,3.512823137085148,0.5924525277146748,3.248140392331638,,14.878172552464896,2035.4665670914046
2007-04-06,5.257155068247702,1.3633339378199547,,4.108780524240825,3.5172621406082927,0.5915183836325326,3.458929562883236,,17.11667422274943,2017.156874400993
2007-04-09,4.310930789388263,1.0408150824952116,-0.4485711950031923,4.112279785837718,3.5216935280545267,0.5905862577831908,3.0383373811735415,-0.5620811812539903,16.708561468809854,2011.7900540935636
2007-04-10,4.871417292438963,1.234884334676833,,4.115773448227927,3.5261172990333547,0.589656149194572,3.263472717379396,,15.423554183460414,1999.3432206481357
2007-04-11,5.467197581287832,1.4410558620975733,,4.119261510083876,3.530533453207028,0.5887280568768483,3.5037282808289945,,17.956948276219663,1979.6973955340604
2007-04-12,4.297111113263938,1.0417889022184879,,4.122743970112993,3.5349419902905463,0.587801979822447,2.9871781180636563,,17.8776387222689,2008.7891494425573
2007-04-13,4.4723319369067225,1.1037716951785002,,4.126220827057715,3.539342910051658,0.5868779170060567,3.0471825290247834,,17.49660381026875,2012.0119522160521
2007-04-16,4.8179187186375,1.2241672072246996,-0.3354510285168671,4.1296920796954995,3.543736212310864,0.5859558673846355,3.1801952213417386,-0.4220481606460838,16.38540990969126,2017.469798518319
2007-04-17,4.8294455003488395,1.2300293904573507,,4.133157726838829,3.548121896941416,0.585035829897413,3.1700336350131044,,16.705882619283116,2027.94821358991
2007-04-18,5.341527866864267,1.4075121545304374,,4.136617767335224,3.552499963869322,0.5841178034659018,3.374390157032369,,17.318901931630467,2037.6435553076617
2007-04-19,5.187159861807982,1.3564991663785007,,4.140072200067245,3.556870413073342,0.5832017869939032,3.293119371046468,,16.637489579731255,2024.4511299402182
2007-04-20,4.526799370264703,1.1320045528429448,,4.143521023952498,3.5612332445849924,0.5822877793675061,2.9949889356386734,,19.11244308946319,2020.2016287715967
2007-04-23,5.37388246616795,1.4243492483480973,-0.2111109177679351,4.146964237943649,3.565588458488542,0.5813757794551075,3.3429000189236637,-0.2679902097099189,17.398115604351215,2009.2418053558088
2007-04-24,5.036798566596804,1.3106953335173221,,4.1504018410284225,3.569936054921013,0.5804657861074096,3.1833052218176654,,17.666308331033477,2008.7462389608756
2007-04-25,5.730437688450498,1.5504336660329487,,4.153833832229612,3.574276034072181,0.5795577981574311,3.465443116613367,,18.88667082541186,2009.4021250707328
2007-04-26,5.1101651588394486,1.3396894956275698,,4.157260210605086,3.5786083961845727,0.5786518144205135,3.184470265719035,,18.09138130465538,1992.9098687141793
2007-04-27,5.152440745754148,1.3561061660277318,,4.160680975247794,3.5829331415534638,0.57774783369433,3.1874408490881287,,18.279922924653352,1959.216921294877
2007-04-30,5.610083136564197,1.514935793296544,-0.1598344711356375,4.1640961252857664,3.5872502705268783,0.5768458547588882,3.368420012147558,-0.20526183891954683,18.311697416206798,1953.8093595699813
2007-05-01,5.733138014821118,1.5590511778804323,,4.167505659882132,3.5915597835055846,0.5759458763765477,3.405998755856125,,18.819389723505406,1942.354241534634
2007-05-02,5.668370907525796,1.5387719236723445,,4.17090957823511,3.5958616809430937,0.5750478972920168,3.3630765855335243,,18.522149045904307,1900.7764692736794
2007-05-03,4.9669951798426375,1.3002283219138229,,4.174307879578024,3.6001559633456557,0.5741519162323687,3.0473163657379345,,20.553395976077212,1895.1559014092404
2007-05-04,5.790680148088781,1.5845641327913902,,4.1777005631793065,3.6044426312722564,0.5732579319070501,3.385147797261494,,19.007051659892376,1902.2532493529034
2007-05-07,5.28576988745791,1.4133830337990723,-0.23665089413395196,4.181087628342493,3.6087216853346136,0.5723659430078798,3.1535754775834537,-0.3026495551674399,19.926462077511598,1931.849580206684
2007-05-08,5.775529730172229,1.5832331333905918,,4.184469074406242,3.6129931261971717,0.5714759482090703,3.3482845429354113,,18.902914167382395,1913.900284889434
2007-05-09,5.240277214402749,1.4016518677521128,,4.187844900744329,3.6172569545771003,0.5705879461672287,3.1036967892672416,,20.86060165309859,1888.5286290236365
2007-05-10,5.9401940002359055,1.6435586577051677,,4.19121510676565,3.6215131712442843,0.5697019355213659,3.388461493375744,,19.569483221314595,1858.6604484015295
2007-05-11,5.547064436104678,1.5107081314831152,,4.194579691914231,3.6257617770213226,0.5688179148929082,3.204771941375217,,20.284898356461056,1847.009569284603
2007-05-14,5.4258405673979935,1.4710838419687373,-0.20729827202084172,4.197938655669229,3.630002772783522,0.5679358828857071,3.1376075752444437,-0.26732596502605216,21.173951975390782,1833.3623135632147
2007-05-15,6.169984239704465,1.728158416377888,,4.201291997544931,3.6342361594588874,0.567055838086044,3.4413091799312476,,20.4957302047236,1808.831733501855
2007-05-16,6.050103142308838,1.6889973426012104,,4.204639717090766,3.6384619380281213,0.5661777790626443,3.374708616279634,,19.96246678251513,1793.0259989259773
2007-05-17,5.7960119341921565,1.6038227838328525,,4.207981813891295,3.642680109524612,0.565301704366683,3.2505835893156774,,20.695965202089344,1745.6335815613788
2007-05-18,6.564188570358372,1.8691414618825277,,4.21131828756623,3.646890675034429,0.5644276125318006,3.564567502387589,,22.126768273531596,1750.7356353199018
2007-05-21,5.94741570418944,1.659621709411631,-0.0907209437255794,4.214649137770422,3.6510936356963146,0.5635555020741077,3.2849957724608534,-0.1229714921569742,20.785978632354613,1722.700696513039
2007-05-22,6.158245752696288,1.733852920876512,,4.217974364193869,3.6552889927016765,0.5626853714921922,3.360105143797317,,20.348161510956402,1707.508279930845
2007-05-23,6.286487741664697,1.7797696137214323,,4.221293966561718,3.659476747294578,0.56181721926714,3.3998137644463684,,20.878370171517904,1671.7710636242248
2007-05-24,6.020840895939226,1.6906400879045664,,4.224607944634269,3.6636569007717332,0.560951043862536,3.2707070106524414,,21.57949890119292,1645.8436229414358
2007-05-25,6.447973599910435,1.8390363552079918,,4.22791629820697,3.6678294544824928,0.560086843724477,3.4384998984924824,,21.531704440099894,1628.0678802518014
2007-05-28,6.1417155032304,1.7359857183402334,-0.04892618777317799,4.2312190271104235,3.671994409828839,0.5592246172815845,3.2919765577541305,-0.07209523471647239,21.800178520747085,1610.4790278452733
2007-05-29,6.2296943594726795,1.768103401334055,,4.2345161312103885,3.6761517682653744,0.5583643629450141,3.3144060199329433,,21.792457483324313,1600.1325125411167
2007-05-30,6.896032680552736,1.9985171167764009,,4.237807610407775,3.6803015312993104,0.5575060791084647,3.584697927269812,,23.39396395970501,1609.7550172493127
2007-05-31,6.100238676407178,1.7276296736985082,,4.2410934646386504,3.6844437004904593,0.5566497641481911,3.2283557926135944,,23.08587907876865,1599.8299915436207
2007-06-01,5.66530278790513,1.5804663602884612,,4.244373693874241,3.6885782774512217,0.5557954164230194,3.0266612278117986,,25.319170496394236,1587.5198752232761
2007-06-04,7.11893204875283,2.0808124394014276,0.1718437096009515,4.2476482981209225,3.6927052638465763,0.5549430342743462,3.634345813098361,0.20249994950118944,24.291405492517843,1597.3214059103802
2007-06-05,7.492693185606836,2.2109193543128405,,4.250917277420235,3.696824661394068,0.5540926160261668,3.7792238542851186,,25.873991928910502,1598.0726615183285
2007-06-06,6.503904583071165,1.8738676881460803,,4.254180631848866,3.7009364718637947,0.5532441599850717,3.3401460820463953,,22.832903898174,1577.923712651482
2007-06-07,6.013172074851932,1.7075794351255777,,4.257438361518666,3.705040697078399,0.5523976644402673,3.1145149909853713,,25.305257060930277,1566.0322390395104
2007-06-08,6.627708717072803,1.9202419228564869,,4.260690466576636,3.7091373389130506,0.5515531276635857,3.3625647424836593,,23.040725964293916,1561.366928831862
2007-06-11,6.681508969883518,1.9406532460191197,0.06928966401274644,4.263936947204932,3.7132263992954373,0.5507105479094951,3.370292956819337,0.07294020501593308,23.179334424761002,1550.4751590585297
2007-06-12,6.760518742859069,1.9697091390773294,,4.267177803620862,3.717307880205748,0.5498699234151134,3.3888193040524097,,23.209885761533382,1510.7999807251776
2007-06-13,6.482607566181155,1.8763934349693785,,4.270413036076886,3.721381783676663,0.5490312524002228,3.254373577388386,,24.770082062882775,1476.0256225459366
2007-06-14,7.12043730060653,2.097047337097177,,4.2736426448606135,3.725448111793338,0.5481945330672757,3.5123822831648095,,24.144341713714716,1456.1067312804257
2007-06-15,7.146462245781878,2.1079408850343304,,4.276866630294801,3.729506866693387,0.5473597636014143,3.5081829729863,,24.23676106292913,1449.607331749442
2007-06-18,6.485132722605572,1.8831713256216833,0.021853800414455435,4.280084992737355,3.7335580505668724,0.5465269421704826,3.2093972075939767,0.012278188018069375,25.86660842972896,1423.7874627206938
2007-06-19,7.298179849832594,2.1639036078033866,,4.283297732581318,3.737601665656287,0.5456960669250313,3.5424811754105203,,24.84879509754233,1422.139468712329
2007-06-20,7.817183338426891,2.343822197833507,,4.286504850254882,3.7416377142565387,0.5448671359983437,3.7495404615484227,,27.05402747291884,1428.4940760542117
2007-06-21,7.2042086266923375,2.1356352398924474,,4.289706346221373,3.745666198714935,0.544040147506438,3.4714602485804944,,24.407940498655588,1424.6630492707625
2007-06-22,7.071233951628235,2.0920209805517795,,4.292902220979252,3.7496871214311667,0.5432150995480849,3.399088347120891,,24.83098774310276,1418.2550276991792
2007-06-25,7.184868231628207,2.1329596142710976,0.17926474284739835,4.296092475062115,3.7537004848572915,0.5423919902048233,3.4324000026961636,0.20767467855924793,24.713004821611282,1384.1866959716579
2007-06-26,7.4951771916747045,2.241330812036227,,4.299277109038685,3.7577062914977155,0.5415708175409693,3.549994806543,,25.59788515045284,1372.65552472136
2007-06-27,6.719366614113479,1.9773194073391338,,4.302456123512814,3.761704543909179,0.5407515796036346,3.2021038030830966,,27.44600740826083,1336.9669397365064
2007-06-28,7.427899179176429,2.222226884357276,,4.305629519123472,3.7656952447007344,0.5399342744227376,3.4903538501473297,,25.271586054465953,1298.0646763381624
2007-06-29,7.2789572303046635,2.1731443260644627,,4.308797296544749,3.7696783965337333,0.5391189000110157,3.411108804114312,,25.785695924194215,1273.0563456794262
2007-07-02,5.086127612176199,1.3217390015547255,-0.2521739989635164,4.0986782064858485,3.489279002121804,0.6093992043640446,3.466452754065211,-0.3152174987043954,16.77173751943407,1288.6474931102298
2007-07-03,4.398833087249958,1.087245712476525,,4.100080957291043,3.4909086743641136,0.6091722829269295,3.16478276429337,,14.342723506038634,1294.1717278788972
2007-07-04,5.070389317908294,1.3188615860191368,,4.101932253068268,3.493136353850149,0.6087958992181193,3.443319495518077,,16.688982143527223,1318.0001468929456
2007-07-05,4.130229083366624,0.9979936232938038,,4.103995209114408,3.4956461960934133,0.6083490130209945,3.0300850914261126,,15.960036116949457,1319.7304604294577
2007-07-06,4.754166289437177,1.2134621486660653,,4.106206508483083,3.498353780288471,0.6078527281946124,3.28644265530889,,15.31079923670149,1348.7551808238702
2007-07-09,4.694218145470373,1.1945146568540088,-0.3428430022222298,4.108533513493,3.5012155913220546,0.607317922170945,3.249125630890739,-0.4294316687965225,15.040966647677456,1350.25805592654
2007-07-10,4.3134906345350075,1.0656349208970404,,4.110955853932409,3.5042044707123474,0.6067513832200615,3.0738473835326303,,16.002776778205316,1349.2851081257609
2007-07-11,4.716201850077035,1.2054052809708689,,4.1134594311760715,3.507301622098239,0.6061578090778323,3.23391103929378,,15.10727164409977,1332.6562324421498
2007-07-12,5.116030090253082,1.344224754267491,,4.11603382101288,3.51049314834282,0.6055406726700596,3.3923709738675605,,16.80600319372439,1345.0147356936195
2007-07-13,4.616821586040073,1.1748367692397894,,4.11867095132038,3.5137682884327264,0.6049026628876533,3.1651995327897366,,15.622605293971716,1336.9915971618002
2007-07-16,4.177335196036516,1.0259555613962978,-0.4627995298292047,4.121364352976652,3.5171184186939697,0.6042459342826825,2.9633240213185053,-0.5805148979005162,17.827854766721337,1326.2463013931335
2007-07-17,4.803546406906598,1.242484469595097,,4.124108701757542,3.5205364419882255,0.6035722597693169,3.2179020180166087,,15.472264327440072,1339.226805167114
2007-07-18,4.534751008645057,1.1521799119285303,,4.126899521503637,3.5240163919354615,0.6028831295681751,3.0886529277165846,,16.958341475225087,1349.9361330582174
2007-07-19,4.772365634706058,1.2355257607840897,,4.1297329828551375,3.527553164560419,0.6021798182947187,3.176202023760837,,16.27957814223338,1360.460542887693
2007-07-20,4.905848201263416,1.283191711755178,,4.132605761696895,3.5311423295526394,0.6014634321442553,3.2189041640998712,,16.052204095701608,1352.6295879493316
2007-07-23,4.380236302219445,1.1049035416389135,-0.41856241052830523,4.135514936547203,3.5347799934515245,0.6007349430956785,2.978932161049197,-0.5264777289035186,18.65429639963103,1346.8619546228033
2007-07-24,4.455099752491069,1.132512515519714,,4.138457912267138,3.538462697925422,0.5999952143417162,2.9961139470273204,,18.687402671362968,1340.660030651682
2007-07-25,5.233191131524095,1.4012469740889213,,4.141432362101267,3.542187342492569,0.599245019608698,3.314497367821398,,17.157089791546866,1346.3518338551203
2007-07-26,4.925895941965108,1.297866652399154,,4.144436182817821,3.545951124707974,0.5984850581098473,3.167543320282522,,17.39000700364968,1360.0757629052337
2007-07-27,4.256031761723636,1.0701938009102043,,4.147467459420105,3.549751493111941,0.5977159663081641,2.8650398418388563,,20.62674773201757,1356.5802930917853
2007-07-30,5.473672676926695,1.4896815490935424,-0.1709935781772807,4.150524436988478,3.5535861096860453,0.5969383273024329,3.3713127151772655,-0.2183591643575472,18.132268701917866,1376.5224364356877
2007-07-31,5.340008931007945,1.4458800599992554,,4.1536054979265105,3.557452819514643,0.5961526784118676,3.298308282805779,,17.54051152657483,1382.2980374331596
2007-08-01,5.040921614901977,1.3453764151821686,,4.156709143365746,3.561349625991219,0.595359517374527,3.1542684023857466,,18.38122617672019,1372.3030515095268
2007-08-02,4.876361778567635,1.291010302771297,,4.159833977814545,3.5652746703501608,0.594559307464384,3.0677501386914248,,19.46554459757022,1374.175982639855
2007-08-03,5.6766174389825075,1.5674512712636524,,4.162978696368824,3.569226214614394,0.59375248175443,3.394597399061545,,18.925255081530825,1389.9302850059673
2007-08-06,5.55353013163026,1.5273301134897657,-0.15525992838000144,4.166142073968559,3.573202627270709,0.5929394466978501,3.3256052206547735,-0.20009691108097857,18.378106321665786,1408.4490711318133
2007-08-07,6.312665010531645,1.78969718229428,,4.169322956304493,3.5772023711453524,0.5921205851591402,3.6345927135479634,,21.611752507748022,1420.1313682210575
2007-08-08,5.673625614233598,1.572701735184769,,4.1725202520682805,3.5812239930708776,0.5912962589974029,3.3442522828796184,,18.85307393146517,1413.1858738045598
2007-08-09,5.710355026171841,1.5874094718624292,,4.175732926305655,3.5852661150236798,0.5904668112819755,3.3434215862129824,,18.990405661002896,1402.814560464023
2007-08-10,5.564613452604053,1.5395662724972885,,4.178959994682265,3.5893274264784347,0.5896325682038306,3.26428823696215,,18.846368136266012,1401.0366175612137
2007-08-13,5.957555759042518,1.6764247792797349,-0.06555136331513929,4.182200518510155,3.5934066777767217,0.588793840733433,3.4159230578568405,-0.08941438656916847,20.009280552957588,1414.8473136727805
2007-08-14,5.939363960704027,1.6723326767961282,,4.1854536004124,3.597502674346526,0.5879509260658735,3.3912654545337495,,19.91085232833573,1412.2065499120838
2007-08-15,6.207829597775138,1.7665323617404998,,4.188718380526475,3.6016142716400426,0.5871041088864324,3.489373022924822,,21.040841119974555,1410.9356288855802
2007-08-16,5.636634593628238,1.5728572355700556,,4.191994033165018,3.6057403706813513,0.5862536624836663,3.227541932885759,,20.13614423602122,1400.1285864248491
2007-08-17,5.716295573881081,1.602341183921521,,4.195279763867067,3.6098799141347135,0.5853998497323532,3.2445687931931193,,20.199012016163906,1384.4591184893898
2007-08-20,5.750800600656243,1.616351169969832,-0.1155412565283693,4.198574806784282,3.614031882819526,0.5845429239647557,3.2421664071827294,-0.15339287613670016,20.45709026116067,1370.494320482553
2007-08-21,6.2452632956308225,1.7880686469381357,,4.2018784223559384,3.6181952926102863,0.5836831297456522,3.4368155507871347,,21.117926985735053,1363.1043647140987
2007-08-22,6.543097049180129,1.8923778573876402,,4.2051898952339295,3.6223691916699257,0.5828207035640038,3.5471253577144357,,22.37329090596542,1376.7582432933548
2007-08-23,5.90843261712942,1.6769804369337435,,4.208508532425168,3.6265526579729874,0.5819558744521807,3.2577265840005927,,21.008673700840546,1360.741623781509
2007-08-24,5.970884738755969,1.7006011110526307,,4.211833661623715,3.6307447970817885,0.5810888645419268,3.267028737912825,,21.152900175567652,1348.1397802772879
2007-08-27,6.280170022329712,1.8088566836945459,0.0026578498765543745,4.215164629709173,3.634944740144257,0.5802198895649164,3.382056323724727,-0.007164678542278369,21.182790004106398,1326.319424359988
2007-08-28,6.13506360598761,1.7613268917953722,,4.2185008013912295,3.639151642086644,0.5793491593045856,3.3022874170847087,,21.276824967988553,1321.6252799805286
2007-08-29,6.6052769576844845,1.9247696503901188,,4.2218415579831445,3.6433646799781583,0.5784768780049863,3.486172727949142,,22.533312599843153,1327.8147655356695
2007-08-30,5.535046530097263,1.5600657337647643,,4.2251862962893485,3.647583051547747,0.5776032447416015,3.0098164579548903,,24.680456022319063,1327.1007283953707
2007-08-31,6.085056220997514,1.7508779042454634,,4.228534427594317,3.651805973835912,0.5767284537584052,3.2278002167983777,,22.740882669130247,1313.3631029903815
2007-09-03,6.151907518889067,1.7760406759787093,-0.029507323936494093,4.231885376741596,3.656032681966733,0.5758526947748632,3.2386702318725162,-0.0489143211089626,22.872930861482995,1303.8228732893228
2007-09-04,5.665086742155068,1.6113776536673434,,4.235238581293314,3.6602624280271874,0.5749761532661264,3.012209026169266,,25.37873777011602,1280.6077149440177
2007-09-05,6.191496052479449,1.7941121653777907,,4.238593490761682,3.664494480042487,0.5740990107191948,3.2199487133871667,,23.542945453573676,1269.3581324447105
2007-09-06,6.260115427100151,1.8198942241203773,,4.24194956590512,3.66872812103755,0.5732214448675701,3.231454703660661,,23.669863753987773,1255.5156288064024
2007-09-07,6.561768893358194,1.9255775222444653,,4.2453062780824675,3.672962648175932,0.5723436299065354,3.3427969499981076,,22.798757789645492,1240.900936195206
2007-09-10,7.073506572820537,2.103293274855237,0.17826454075182396,4.248663108659544,3.6771973719685698,0.5714657366909743,3.5441422557176097,0.20924102956702995,24.366822516050448,1231.3630681898705
2007-09-11,6.650080576555372,1.9603848122195608,,4.25201954846302,3.6814316155455766,0.570587932917443,3.3446725178669716,,23.265511880410504,1220.480855427772
2007-09-12,6.4270134999158275,1.8861739205951134,,4.255375097277074,3.685664713985117,0.5697103832919574,3.231042655944444,,24.64493625068325,1198.5608210677992
2007-09-13,6.8198669321687495,2.023138616739161,,4.258729263378879,3.689896013694026,0.5688332496848534,3.381352832511997,,23.385163428668132,1180.509096549509
2007-09-14,7.2590638627472694,2.1759951155622925,,4.262081563109356,3.6941248718354736,0.5679566912738823,3.551500915051676,,25.074703242055328,1186.8661948512736
2007-09-17,6.602362177498917,1.9531173143673444,0.0676790041301947,4.265431520476037,3.6983506557994303,0.5670808646766066,3.2519568333821947,0.06943887434553828,25.16626194718368,1196.449388810638
2007-09-18,6.677377159037113,1.9811159356519958,,4.268778666785209,3.7025727427121695,0.566205924073039,3.2659865101239522,,25.26971154310787,1164.1876541826225
2007-09-19,7.243730488041544,2.17757532739229,,4.2721225403008,3.7067905189814443,0.5653320213193558,3.490572862872578,,24.94331796170517,1137.111571519535
2007-09-20,7.022883609160853,2.1041391883443206,,4.275462685927745,3.711003379874275,0.56445930605347,3.377772962514655,,24.639539395916366,1110.6204717290332
2007-09-21,7.379240326601025,2.2286028863916827,,4.278798654917757,3.715210729124648,0.5635879257931085,3.5123334327310696,,25.48027427112967,1095.9124336516763
2007-09-24,7.200053990638956,2.1694530652199395,0.2013967642887746,4.282130004595699,3.719411978568645,0.5627180260270546,3.4173649597993503,0.2350101634822905,24.73137699004669,1088.4900090018718
2007-09-25,7.502626367130303,2.2754786851695554,,4.285456298104861,3.723606547804799,0.5618497503000617,3.5288560950182344,,25.965285946122425,1080.4843731035362
2007-09-26,6.9469783830349305,2.0872581358745923,,4.2887771041696405,3.7277938638776607,0.5609832402919799,3.2725321467715647,,26.667292266655654,1061.8179948754544
2007-09-27,7.357229583921829,2.230203621587707,,4.29209199687428,3.73197336098275,0.5601186358915302,3.43016066336451,,25.334664773005393,1050.2585067903658
2007-09-28,7.339907070050717,2.2265527963099343,,4.295400555456399,3.73614448019126,0.559256075265139,3.4045409780367866,,25.834391001879865,1026.445118637529
2007-10-01,7.040256078008387,2.126103820260031,0.16198476234496595,4.298702364114211,3.740306669192996,0.5583956949212152,3.2579230305773765,0.18416828525694925,27.543943697681463,1003.2249333032635
2007-10-02,6.9707440646704955,2.104559617147148,,4.3019970118264075,3.74445938205619,0.5575376297702173,3.209937689875887,,28.26698663071694,980.8841548359958
2007-10-03,7.810085292873486,2.3946220177496933,,4.305284092183742,3.7486020790029473,0.5566820131807946,3.5514644342941466,,27.151944888079328,953.3632371412845
2007-10-04,7.499314203140296,2.290359773003537,,4.308563203231506,3.752734226199183,0.5558289770323226,3.4000913688664864,,26.851169162023908,926.219120075737
2007-10-05,7.316380810743032,2.2299269757819773,,4.31183394732208,3.7568552955580166,0.5549786517640638,3.3035132533109173,,28.059426518267557,897.5335097698116
2007-10-08,7.6924990221486755,2.361168197897201,0.3082048746056339,4.3150959309768755,3.7609647645556645,0.554131166421211,3.4465379240171647,0.3653700046581674,26.871365108665007,887.5789065252584
2007-10-09,8.172896818356692,2.5281614100402874,,4.318348764756981,3.765062116058963,0.5532866486980179,3.6342649446613584,,28.62001975760766,877.7245551137399
2007-10-10,7.03170088224665,2.139178425385627,,4.321592063141941,3.7691468381637203,0.552445224978221,3.127036161357932,,30.549776436360464,858.5655063102495
2007-10-11,7.357939405750472,2.253314433424558,,4.324825444416112,3.7732184240431637,0.551607020372948,3.2487226205576647,,29.574068796984555,823.8413739850618
2007-10-12,7.6104860404462915,2.342183068689754,,4.328048530562056,3.7772763718057956,0.5507721587562608,3.3388434055215055,,28.913624080014763,794.6871044580633
2007-10-15,8.49656644523515,2.648261512768311,0.48916183676617897,4.3312609471605565,3.781320184362047,0.5499407627985096,3.7004970143700966,0.5900004201958196,29.920968787699206,789.2867694292563
2007-10-16,8.135635750827886,2.5267913392241144,,4.334462323296772,3.785349369299146,0.5491129539976258,3.5277374167370406,,28.35268948711693,755.9795541206339
2007-10-17,8.356781491254045,2.6048880900733535,,4.337652291472168,3.7893634387636688,0.5482888527084988,3.604461024832853,,29.279076072871906,752.0524613432106
2007-10-18,7.740562785035084,2.3958861378618037,,4.340830487521839,3.7933619093512827,0.5474685781705566,3.3223377714823483,,30.03729586025886,721.5445160789517
2007-10-19,7.799083559031612,2.418220933804174,,4.34399655053689,3.797344302003238,0.5466522485336518,3.329413920712659,,30.204956201272157,708.907894781676
2007-10-22,8.398856188187764,2.626125112804735,0.46404304741169716,4.3471501227915414,3.801310141909164,0.5458399808823775,3.568482199417571,0.5570477550959027,29.39559524306416,690.4429750402145
2007-10-23,8.313610886404684,2.5991631417243277,,4.350290849674704,3.8052589584158056,0.5450318912588985,3.514000108056123,,29.009113716523906,682.8748514434654
2007-10-24,8.536255142439506,2.677760268800962,,4.3534183796257055,3.8091902849413146,0.5442280946843909,3.5915011077709336,,29.942224333668857,690.0516430015244
2007-10-25,8.32937662892868,2.609089235286342,,4.356532364073953,3.813103658894781,0.543428705179172,3.4849530102555133,,29.59760402837024,661.2429575315268
2007-10-26,8.543155008329068,2.684640037455951,,4.359632457382276,3.8169986216006704,0.5426338357816052,3.5587201805688644,,29.929843492495895,652.0775199667048
2007-10-29,8.551763034595732,2.6898431614448057,0.4962632668740169,4.3627183167937424,3.820874718227894,0.5418435985658485,3.5445925809636605,0.5957842574791433,29.945867339919587,628.1794309162198
2007-10-30,8.819125168096095,2.7837582511943717,,4.365789602381737,3.8247314977232283,0.5410581046585086,3.6413966060859675,,31.07091272866919,619.1929667213383
2007-10-31,8.879708476577706,2.8067738459050418,,4.368845977003116,3.828568512748836,0.54027746425428,3.649619755040507,,31.30984094363376,606.8164912012019
2007-11-01,8.080508375855658,2.5350024911081532,,4.371887106254261,3.8323853196236515,0.5395017866306091,3.289404520464886,,32.72367929593931,589.0335177601809
2007-11-02,7.910981844378235,2.47911498364043,,4.37491265842986,3.8361814782684136,0.5387311801614465,3.1990911949672856,,33.85877493582461,564.3998082302718
2007-11-05,9.098048567709164,2.888340764019607,0.6184634972316727,4.377922304484287,3.8399565521541312,0.5379657523301562,3.6902183618018576,0.7470148197223812,32.18393125949152,558.2470813632987
2007-11-06,9.212898218667581,2.9299446981896007,,4.380915717995386,3.843710108253798,0.5372056097415876,3.7218688722430886,,32.65576450987459,541.612184882849
2007-11-07,8.489573433416847,2.684169812163504,,4.383892575130574,3.8474417169971713,0.5364508581334024,3.394348264070171,,32.59738027432105,531.9406978972585
2007-11-08,8.245281863699564,2.602629995632032,,4.386852554615116,3.8511509522284473,0.5357016023866685,3.272175641246603,,34.047855553993514,512.2430243307264
2007-11-09,8.980150370770517,2.856797154155094,,4.3897953377024415,3.8548373911666705,0.534957946535771,3.5696926143177508,,31.597681987853097,493.94646300476137
2007-11-12,9.320372136881208,2.9756516473719774,0.6666895294761189,4.392720608146413,3.8585006143687384,0.5342199937776746,3.698126348321318,0.805800176529369,33.03576794162493,491.44847886986133
2007-11-13,9.672649581296463,3.0986341459091205,,4.395628052175425,3.8621402056948475,0.5334878464805777,3.831779384059995,,34.5256198158215,483.9319087178619
2007-11-14,9.272926110004132,2.96378223126919,,4.398517358468251,3.865755752276263,0.5327616061919875,3.643200388091481,,32.79271158432233,481.5123459064905
2007-11-15,9.01066488576044,2.876054545550331,,4.4013882181315145,3.8693468444852805,0.5320413736462339,3.5135893399974263,,32.764180536284684,473.6440695961893
2007-11-16,8.876522711859328,2.8322475515857897,,4.404240324678751,3.8729130759072667,0.5313272487714844,3.4389434826695373,,33.73392819413702,456.0133292310899
2007-11-19,9.241283666347133,2.95948706466551,0.6461046150202325,4.407073374010919,3.8764540433146673,0.5306193306962514,3.5781717370652655,0.7785977545617746,32.598306034156295,444.05299435237583
2007-11-20,9.180490625811471,2.9408162035409866,,4.40988706439832,3.879969346642884,0.5299177177554357,3.5350796410600958,,33.216176735900056,432.3072862914773
2007-11-21,8.977713057071917,2.8734586332827803,,4.412681096463855,3.8834585889679225,0.5292225074959322,3.4311984031086005,,34.47526967829561,424.3078420710211
2007-11-22,10.097596601373926,3.259578422711187,,4.415455173167527,3.886921376485706,0.5285337966818213,3.894234724115199,,36.21041092237085,419.8877753738579
2007-11-23,10.052673897426695,3.246329469431096,,4.418208999792136,3.8903573184930003,0.5278516812991358,3.8581325788038203,,35.998845214932594,413.82053311335176
2007-11-26,9.872598181023257,3.1867355911241724,0.7879893785517897,4.420942283930116,3.8937660273698267,0.5271762565602893,3.7641733299031412,0.9545115708600886,35.20817051630836,404.79472343691253
2007-11-27,9.19957888997938,2.958125590093696,,4.423654735471441,3.897147118563324,0.5265076169081171,3.459019558891955,,35.0675519750216,391.43763585305965
2007-11-28,9.867803764854145,3.189363687792185,,4.426346066592548,3.900500210572959,0.5258458560195889,3.728753109217551,,35.150142675211036,387.29520365148437
2007-11-29,9.838857715658996,3.1815645648312376,,4.429015991746234,3.903824924937034,0.5251910668092004,3.6997688863617193,,35.007533571161744,378.1478272859732
2007-11-30,9.816087856446895,3.1758756585507117,,4.431664227652464,3.9071208862204156,0.524543341432048,3.6735027298510237,,34.89152027276833,367.356371271406
2007-12-03,10.144551069094653,3.2906020420259705,0.8478344644776556,4.4342904932900575,3.910387722003429,0.5239027712866284,3.7978375120599956,1.0279080460661212,36.28092000037284,358.08645234977234
2007-12-04,9.97527839409671,3.23466850090803,,4.436894509889206,3.9136250628718545,0.5232694470173516,3.7089307343010463,,35.53729635193868,347.64472159895564
2007-12-05,10.057388716225894,3.2649156542184645,,4.439476000924766,3.916832542407974,0.5226434585167921,3.7278346778536244,,35.871160813075946,335.0962931884976
2007-12-06,10.066537214490934,3.2701394229035623,,4.442034692110309,3.920009797182615,0.5220248949276942,3.7155457396884466,,35.89246611404728,324.6146960669988
2007-12-07,10.007880434867499,3.2521076261968838,,4.444570311392878,3.9231564667481384,0.5214138446447398,3.6742751779484544,,35.623313684369464,320.19627518802963
2007-12-10,9.309066252109385,3.0145851113810442,0.65465898603041,4.447082588948417,3.9262721936323244,0.5208103953160927,3.358730524175197,0.7850640693044698,37.96160116403873,306.5946805153706
2007-12-11,10.00706367352221,3.2559611150798093,,4.449571257177844,3.929356623333115,0.5202146338447289,3.641899784944699,,35.584697474021254,299.615502243524
2007-12-12,9.827330899038595,3.196392598139565,,4.452036050703724,3.9324094043141633,0.5196266463895611,3.5489806104867947,,36.46564427028829,283.23086548392376
2007-12-13,9.617987403751352,3.1266632453537895,,4.454476706367529,3.9354301880011517,0.5190465183663768,3.443454044355149,,37.72220303916595,273.7588390577016
2007-12-14,10.698229333798315,3.4990687440512316,,4.4568929632274354,3.9384186287788463,0.5184743344485891,3.89069112167397,,38.495232426302564,268.1897081930826
2007-12-17,10.758128076972541,3.521633436875873,0.9837812500037495,4.459284562556653,3.941374383988835,0.517910178567818,3.9007236851216907,1.1951304063176622,38.73503297102443,262.0246057116577
2007-12-18,10.671813840472407,3.4940589770151007,,4.461651247842239,3.9442971139279352,0.5173541339143037,3.8481802039722774,,38.348355950239686,256.8315438762628
2007-12-19,10.328235331548063,3.3782705044211356,,4.463992764784381,3.9471864818472158,0.5168062829371651,3.685468494375597,,36.85926906926812,248.23926421060506
2007-12-20,10.754166897218479,3.5263048079997295,,4.466308861296131,3.950042153951618,0.5162667073445131,3.8526359220945166,,38.66823561628309,238.23178659048045
2007-12-21,10.327914063572786,3.382152224799401,,4.468599287503548,3.952863799400135,0.5157354881034131,3.6546717764904093,,36.82513820217455,232.71343502539358
2007-12-24,10.436628162185265,3.421407369068393,0.9083266110621931,4.470863795746263,3.955651090306527,0.515212705439736,3.686070681841194,1.0995165185802314,37.274912873753266,226.19515424156248
2007-12-25,10.024590594062232,3.2821094513227465,,4.47310214057839,3.9584037017405374,0.5146984388378524,3.49438299617124,,38.77346721347482,216.67242483594993
2007-12-26,10.58760828734689,3.477106435274418,,4.475314078769831,3.961121311729591,0.5141927670402398,3.7206700074044172,,37.89016174409383,208.52788588700204
2007-12-27,10.510847997378661,3.4527410835668184,,4.477499369307889,3.963803601260942,0.5136957680469472,3.6728614905246046,,37.54552661419551,199.2485715831949
2007-12-28,10.074528674809496,3.3050883411300265,,4.4796577733992295,3.9664502542842537,0.5132075191149759,3.4710524367590843,,39.56804412675332,191.32969991582434
2007-12-31,10.552970919477236,3.471058005081434,0.9330801639605992,4.481789054472125,3.96906095771458,0.5127280967575447,3.6613813909420907,1.1292064290366954,37.84881225271915,187.7214766240127
2008-01-01,10.583103182899462,3.4833111370106873,,4.483892978178997,3.971635401435732,0.5122575767432656,3.6596759668572107,,38.048381192520246,181.77902505688792
2008-01-02,11.27995584911917,3.724143747842535,,4.4859693123992335,3.9741732783040082,0.5117960340952252,3.9438074533007046,,40.780705828418746,175.9601254048475
2008-01-03,11.003263996550345,3.6311791733283227,,4.488017827242247,3.9766742841522618,0.5113435430899855,3.8108062834292733,,39.580055731837255,171.60941478381127
2008-01-04,10.733450828776586,3.5405623931786647,,4.490038295050793,3.9791381177942906,0.5109001772565023,3.6808549336580105,,38.40905756351408,165.79914926302706
2008-01-07,10.855348533548781,3.5842357541501664,1.0004924530819819,4.492030490404503,3.9815644810295376,0.5104660093749658,3.7188825774997003,1.2122658588997584,38.91699373444198,161.77345840129635
2008-01-08,10.822244599024126,3.5747548499007267,,4.493994190123634,3.9839530786480655,0.5100411114755685,3.6905849353636953,,38.760812212438516,157.20050724592278
2008-01-09,10.773913721517985,3.5600423179350407,,4.495929173273025,3.986303618435809,0.5096255548372155,3.655866520716477,,39.14829093829838,147.58253419002767
2008-01-10,10.503910352360277,3.4693167128146065,,4.497835221166231,3.988615811180071,0.5092194099861604,3.5262517315718283,,40.615720561094435,142.0168705729736
2008-01-11,10.867377754544636,3.595769897011055,,4.49971211736985,3.9908893706752604,0.50882274669459,3.668231589034221,,39.365539039649256,135.72438196671422
2008-01-14,10.696254257953196,3.5389234712711977,0.962568224381892,4.501559647708,3.99312401372885,0.5084356339791505,3.581209275230973,1.163703167007529,40.403700005673755,128.58999735566036
2008-01-15,10.556574583447325,3.4928463714504754,,4.503377600266957,3.9953194601675377,0.5080581400994197,3.507772129329066,,41.304315669597244,122.66877151862565
2008-01-16,11.209559643732074,3.7185285145260316,,4.50516576539994,3.9974754328435997,0.50769033255634,3.77415870502573,,40.33865168962457,119.2904708553975
2008-01-17,11.203669244270959,3.718298867484262,,4.506923935732026,3.999591657641428,0.5073322780905976,3.7582813566314135,,40.30036807282259,113.75298072280255
2008-01-18,10.477118244663473,3.470973845509911,,4.5086519061651895,4.001667863484225,0.5069840426809646,3.433661736779013,,42.53384873579292,108.83448037608426
2008-01-21,11.094907236051947,3.684553544242447,1.052277810667687,4.51034947388346,4.00370378234086,0.5066456915425999,3.6853010867165916,1.2747335805105173,40.17678396366131,105.57265612496991
2008-01-22,11.521362156404383,3.832521036447095,,4.5120164383581844,4.005699149232862,0.506317289125322,3.8550543571178513,,41.62392078024092,102.66353526398795
2008-01-23,11.578250752226253,3.8537680160329972,,4.513652601353382,4.007653702241541,0.5059988991118409,3.866537263075989,,41.85544728199886,99.05303375010958
2008-01-24,11.60085423659102,3.863247937952117,,4.515257766931196,4.009567182515234,0.5056905844159623,3.8634427089480194,,41.94023043238674,95.43329783907755
2008-01-25,11.28935018543474,3.7581644397887257,,4.516831741457423,4.011439334276652,0.5053924071807714,3.717276315311871,,40.59331835995769,92.84383092397644
2008-01-28,11.013511473178228,3.665296691118372,1.0324163221544698,4.518374333607114,4.013269904830336,0.5051044287767779,3.5865131056349635,1.2488531819044204,41.93458929670042,87.62139500490089
2008-01-29,10.963154339238598,3.6497244448860995,,4.5198853543702455,4.015058644570184,0.5048267098000618,3.552503820466475,,42.423231282727755,84.44462572455284
2008-01-30,11.49585434703813,3.8340449376409214,,4.521364617057444,4.016805306987071,0.5045593100703734,3.768496042699625,,41.44383084783433,81.44215050306371
2008-01-31,11.540403782007568,3.8509868545684043,,4.522811937305772,4.018509648676536,0.5043022886292352,3.775401653831311,,41.62365255599359,78.60547809044398
2008-02-01,11.890251596609483,3.972589739215873,,4.524227133084543,4.020171429346523,0.50405570373802,3.913271096087283,,43.11209672564025,75.34140814916739
2008-02-04,11.856322713296848,3.96259918308113,1.2239617861124115,4.525610024701198,4.021790411825177,0.5038196128760211,3.8867873593764894,1.4872865822492631,42.95598572591392,73.10864534215847
2008-02-05,11.456305549940303,3.8270796914761736,,4.526960434807192,4.023366362068688,0.5035940727385038,3.7035320635890123,,41.6278142873959,70.66940795400356
2008-02-06,11.097978340296489,3.7058408505478733,,4.528278188403926,4.024899049169168,0.5033791392347577,3.538268167340038,,43.41776437840308,66.47184343122093
2008-02-07,11.452234472369842,3.8289031575763954,,4.529563112848684,4.02638824536255,0.503174867486134,3.678522255810915,,42.150619387693375,64.06146483068449
2008-02-08,11.67002817233293,3.905165112608015,,4.530815037860601,4.027833726036518,0.5029813118240831,3.760418405258097,,42.1168204845233,61.78741155824859
2008-02-11,11.552945237732152,3.866598898414321,1.1536858397906877,4.532033795526633,4.029235269738447,0.5027985257881866,3.698922782930036,1.398500285865531,42.211613746694596,58.976973310883785
2008-02-12,11.450687792331237,3.8331022964415515,,4.533219220307526,4.030592658183343,0.502626562124183,3.643908541971695,,42.89133705622518,56.8615120331319
2008-02-13,11.770333632703966,3.944244748502497,,4.5343711490438,4.031905676261795,0.5024654727820046,3.76983839850728,,42.518312929515936,53.715503423436964
2008-02-14,11.533906473091314,3.8647200121590686,,4.535489420961716,4.033174112047912,0.5023153089138042,3.6575804508363206,,43.00788602339934,51.56757988022514
2008-02-15,11.518528496702071,3.8609698925997797,,4.536573877679245,4.034397756807247,0.5021761208719973,3.6401878442484414,,43.3054773520563,50.01211095557891
2008-02-18,11.875009993741601,3.984700689966843,1.226537298535142,4.537624363212003,4.0355764050047105,0.5020479582072923,3.7822943301502265,1.4886821489525148,42.94044274995945,48.82319128560177
2008-02-19,11.652541664342605,3.909920560363977,,4.538640723979195,4.036709854312452,0.5019308696667428,3.6764109672930716,,43.18458556998862,46.9076288629693
2008-02-20,11.905498650410422,3.9981294696348755,,4.539622808809514,4.037797905617715,0.5018249031917987,3.7744135639644685,,43.054526013042256,45.04043320801322
2008-02-21,11.942089875452734,4.012141824164901,,4.540570468947028,4.038840363030657,0.501730105916371,3.7798209664584754,,43.20337944850464,43.12296578281759
2008-02-22,11.47365583550077,3.85298857062842,,4.541483558057024,4.039837033892122,0.5016465241649017,3.5689226837283865,,44.60634400923145,40.880501452877574
2008-02-25,11.729588169075184,3.9421753342657206,1.1927081114761502,4.542361932231833,4.040787728781386,0.5015742034504465,3.6686015602015747,1.4455738226400383,43.721104377093816,39.277669790795585
2008-02-26,12.4263880529578,4.182502440293353,,4.5432054499966,4.041692261523826,0.5015131884727744,3.9573588025112953,,45.25635748490846,37.9319652969994
2008-02-27,11.541156802102666,3.8804045481622205,,4.544013972315033,4.042550449198556,0.5014635231164766,3.568238522288413,,44.94166016600477,36.27747730152003
2008-02-28,11.231347023190335,3.7755796184933135,,4.544787362595084,4.04336211214599,0.5014252504490937,3.425863944800411,,46.470763197153566,34.8157723871498
2008-02-29,11.344392696111575,3.815719226732096,,4.5455254866946015,4.04412707397535,0.5013984127192517,3.4648503009889735,,46.18417418107575,32.82962131722908
2008-03-03,12.029658434902931,4.052034024043499,1.2608830128566757,4.546228212926922,4.0448451615720975,0.5013830513548241,3.749211653558598,1.5300328155949967,43.52907322440797,31.13354990214398
2008-03-04,12.05328958742003,4.061488057202673,,4.546895412066407,4.045516205105297,0.5013792069611096,3.7501537968102023,,43.62415575543653,29.521692356476535
2008-03-05,12.023868592585178,4.052738091082635,,4.547526957353931,4.046140038034902,0.501386919319029,3.728498409721134,,43.84493022047418,28.48998582442967
2008-03-06,12.51212611664474,4.2214631410880825,,4.548122724502295,4.046716497118961,0.5014062273833337,3.9288449714582363,,45.57888835955937,27.624674069786874
2008-03-07,11.17335654407609,3.763764070040462,,4.54868259170159,4.0472454224207395,0.5014371692808508,3.346320257455299,,47.85429366978256,26.048309108317312
2008-03-10,12.268674242136845,4.14059430745465,1.3152834713736261,4.54920643962449,4.047726657315751,0.5014797823087385,3.807116738480375,1.597337429177612,44.52472323687576,24.953478969257155
2008-03-11,12.697407689901006,4.288866408068253,,4.549694151431472,4.048160048498705,0.5015341029327676,3.982375778769241,,46.3570955412236,24.46335117960228
2008-03-12,11.776544433855696,3.974404608048788,,4.550145612775976,4.048545445990347,0.5016001667856296,3.57937833125659,,45.789054145695516,23.174898332405004
2008-03-13,12.05825359515695,4.072238256055375,,4.550560711809478,4.048882703144216,0.5016780086652624,3.6919117263757317,,44.74786014238647,21.99262859604076
2008-03-14,11.94714504270964,4.0353763868686485,,4.550939339186499,4.049171676653287,0.5017676625332124,3.6362378890689935,,45.38657204520375,20.856804044608243
2008-03-17,11.9166590152223,4.026141306097755,1.2347751591040181,4.551281388069527,4.049412226556523,0.501869161513004,3.615260319644894,1.4960710921358502,45.676147385386884,19.609627618525494
2008-03-18,12.134061371926405,4.101881247572263,,4.5515867541338695,4.0496042162453065,0.501982537888563,3.7006649154918505,,44.89971988928484,19.073688551023036
2008-03-19,12.765994371832589,4.319730640518129,,4.551855335572409,4.049747512469768,0.5021078231026408,3.9638703050224438,,46.625551990286645,18.512062224917603
2008-03-20,12.927128331437098,4.376147820773698,,4.552087033100289,4.049841985345007,0.5022450477552818,4.025449986668136,,47.31269421038324,18.156852152664882
2008-03-21,12.183678314790626,4.122406467387062,,4.552281749959501,4.049887508357183,0.5023942416023184,3.699496624601161,,45.13110058147901,17.256371446445623
2008-03-24,12.98478633095264,4.398212356031244,1.47905770294338,4.552439391923394,4.049883958369504,0.5025554335538898,4.035642990479174,1.8008595485176082,47.55364162453178,16.677693076475627
2008-03-25,12.346768022745076,4.1805879380077124,,4.552559867301083,4.049831215628087,0.5027286516729959,3.755167687175781,,44.81655232317251,15.947441992926196
2008-03-26,12.963950561115904,4.393302475458936,,4.552643086941773,4.049729163767694,0.5029139231740789,4.012782817772856,,47.45913206259968,15.68965232355287
2008-03-27,12.332886761073357,4.1780311668336925,,4.55268896423899,4.049577689817348,0.5031112744216415,3.7355828923693246,,45.03221802240135,14.942684915812936
2008-03-28,12.426332985139002,4.211147570930235,,4.552697415134709,4.049376684205821,0.5033207309288876,3.769035358112743,,45.1507930571162,14.21610509558671
2008-03-31,12.522837905808966,4.245296896885053,1.3737979354058778,4.552668358123394,4.049126040766985,0.5035423173564091,3.80394721166341,1.6687874198797235,45.56261131064338,13.680245266831326
2008-04-01,13.521516160994713,4.58874697175457,,4.55260171425593,4.048825656745043,0.5037760575108869,4.2256537086501735,,49.84112582135596,13.570052796792538
2008-04-02,12.720398133229585,4.3151081648165075,,4.552497407143463,4.048475432799622,0.504021974343841,3.87616826902634,,46.40646732061852,13.295243952680078
2008-04-03,12.187970554756603,4.133575880744744,,4.552355362961136,4.048075273010721,0.5042800899504156,3.641985593518001,,46.245373038316394,12.680870019949015
2008-04-04,12.787260411771003,4.340045041065781,,4.552175510451719,4.0476250848835384,0.5045504255681807,3.8929747654249174,,46.691149771740555,12.325517117427045
2008-04-07,12.3335997901896,4.185486602710039,1.3310633073108427,4.551957780929136,4.047124779353149,0.504833001575987,3.6928498987904983,1.6149399699641762,45.83181387722811,11.832582642646095
2008-04-08,12.300489620577125,4.1751008419883835,,4.551702108281894,4.046574270789043,0.505127837492851,3.673111743353862,,46.0733339137171,11.154728363332357
2008-04-09,12.80110366986143,4.347690151753327,,4.55140842897639,4.045973476999524,0.5054349519768655,3.8822636809833413,,46.74948192550091,10.67834597454425
2008-04-10,12.504693215394687,4.246997786793116,,4.551076682060121,4.045322319235958,0.5057543628241632,3.7499851574016314,,45.47930354426251,10.123060397186858
2008-04-11,12.60156304175971,4.281128205595496,,4.55070680916479,4.0446207221968855,0.5060860869679047,3.7864071093736564,,45.8948548303085,9.597977768810548
2008-04-14,12.518731783548866,4.253630616444906,1.3740920370235759,4.550298754509285,4.043868614031981,0.5064301404773044,3.7459663973117747,1.6683657901885156,45.540501731008646,9.251400892994186
2008-04-15,12.640942968871675,4.296417049483741,,4.5498524649025605,4.043065926345862,0.5067865385566988,3.793553395336677,,46.06514543281904,8.904647999993454
2008-04-16,12.680704490311976,4.310918746756247,,4.549367889746401,4.042212594201752,0.5071552955446492,3.8059574788171746,,46.23667723679331,8.561700894250746
2008-04-17,11.862380419271917,4.031203355699299,,4.548844981038075,4.0413085561249975,0.5075364249130772,3.4507635162191854,,48.541844275297606,7.850491707530402
2008-04-18,12.781495838348684,4.347165157387192,,4.54828369337287,4.04035375410642,0.5079299392664502,3.84033965439785,,46.671623374454775,7.701263410762614
2008-04-21,12.211888612773064,4.152691388169014,1.3048636630971913,4.54768398394652,4.039348133605524,0.5083358503409956,3.5920452206309794,1.5815399895191666,47.17836631523195,7.237461681935378
2008-04-22,12.057713508503406,4.1006350801592335,,4.547045812557506,4.038291643553555,0.508754169003951,3.521946773219644,,47.900558467602735,6.952157554076725
2008-04-23,12.548519238258862,4.269698619878854,,4.546369141609254,4.037184236356389,0.5091849052528659,3.7284225497775862,,45.85469655720697,6.560104684747116
2008-04-24,12.604323080923574,4.289602189195111,,4.545653936112202,4.036025867897273,0.509628068214929,3.748623018394441,,45.921216192945444,6.234306362972973
2008-04-25,12.337690170410339,4.1989395215043706,,4.544900163685761,4.034816497539414,0.5100836661463468,3.6307905728535723,,46.86186185938886,5.805734590928007
2008-04-28,12.876286608689856,4.384338969057461,1.4578285683156706,4.54410779456015,4.0335560881284,0.51055170643175,3.858210866778596,1.7725260987361935,47.09269924787499,5.61724870888274
2008-04-29,12.120192339756215,4.125827916891637,,4.543276801578112,4.032244605994462,0.5110321955836499,3.5309183310388264,,47.882152118117816,5.248793776918531
2008-04-30,12.451571147720317,4.240148210749235,,4.54240716019652,4.030882020954595,0.5115251392419253,3.669840458638711,,46.50023022917826,4.95150125794029
2008-05-01,12.39286254665895,4.220707662169624,,4.541498848487844,4.0294683063144845,0.5120305421733597,3.6417371860745344,,46.786236786015344,4.650078797177342
2008-05-02,12.584348842261884,4.287031612483272,,4.540551847141521,4.028003438870311,0.5125484082712104,3.72101534831941,,45.99610175474894,4.476176910874241
2008-05-05,12.700861311675682,4.327633623044641,1.419029716520701,4.539566139465181,4.02648739891036,0.5130787405548212,3.768317041607446,1.7238782408245177,46.35999551584058,4.320140974550555
2008-05-06,12.252618946974632,4.1745887587086035,,4.5385417113857685,4.024920170216494,0.5136215411692744,3.5737362277729625,,47.4671985510696,4.157210293749744
2008-05-07,12.860521072516745,4.383633913781673,,4.537478551450535,4.023301740065445,0.5141768113850897,3.8319441416838798,,47.05362394105361,3.9796919437419596
2008-05-08,12.630231392510186,4.305282342616772,,4.536376650827909,4.021632099229958,0.5147445515979507,3.731082454480163,,46.07172413666814,3.8155521985833163
2008-05-09,11.946675395310006,4.071508483944024,,4.535236003308244,4.019911241979756,0.5153247613284879,3.4361193039829696,,48.8233397233824,3.538988817721287
2008-05-12,11.923543049191201,4.06414888513624,1.242851354884172,4.534056605304445,4.018139166082356,0.5159174392220889,3.424350450022802,1.503577008324217,48.92968574043438,3.3085377652816303
2008-05-13,12.604449112679267,4.298157165751202,,4.532838455852477,4.016315872803718,0.5165225830487588,3.714467978864321,,46.014833748421154,3.148633875226666
2008-05-14,12.530650388635184,4.273392790361111,,4.531581556611733,4.014441366908715,0.5171401897030181,3.681296269240762,,46.33053966163426,3.0167810615097164
2008-05-15,12.570537234558458,4.287589586371045,,4.530285911865304,4.012515656661463,0.5177702552038417,3.6970026396252678,,46.15513017036195,2.9082728550798347
2008-05-16,12.595202982524174,4.296550973711847,,4.528951528520107,4.010538753825466,0.5184127746946405,3.706341385345934,,46.04106236975006,2.805131587242323
2008-05-19,12.68172263819367,4.326702661643941,1.4178397451685938,4.527578416106891,4.008510673663612,0.519067742443279,3.7423446495901396,1.7223053770716374,46.33469456829246,2.6681240076493293
2008-05-20,12.931751271172011,4.41289781116568,,4.526166586780133,4.006431434937989,0.519735151842144,3.848578876415234,,47.41327299461128,2.59892375336415
2008-05-21,12.208001881060392,4.165209446231347,,4.524716055317793,4.004301059909548,0.5204149954082444,3.537635324771915,,47.65207769479087,2.4568134581989054
2008-05-22,12.183030853548564,4.157085467268513,,4.523226839120961,4.002119574337604,0.5211072647833577,3.5263238354024846,,47.73517797351728,2.315242552593223
2008-05-23,12.206407688972083,4.16552112954044,,4.5216989582133715,3.999887007479154,0.5218119507342176,3.5358884287960466,,47.60718571170034,2.1760513914926185
2008-05-26,12.685560038580752,4.330205912723673,1.420602284246675,4.520132435240795,3.9976033920880596,0.5225290431527352,3.740940892163366,1.7258226066729778,46.388734127387345,2.076472283736319
2008-05-27,13.015057252004045,4.443563594324546,,4.518527295470312,3.9952687644140377,0.5232585310562743,3.882010871211005,,47.80912015683939,2.0423682445761995
2008-05-28,12.422761926665405,4.240861352335251,,4.516883566789464,3.992883164201505,0.5240004025879594,3.6281822484655786,,46.573230006599196,1.950190457139523
2008-05-29,11.6920597756166,3.9906885770624254,,4.515201279705275,3.990446634688254,0.5247546450170213,3.3151916580643057,,49.66147534985532,1.8219927505442859
2008-05-30,11.964700511593344,4.084502317088697,,4.513480467343157,3.987959222603966,0.5255212447391915,3.43236029321241,,48.44580389993499,1.709146787503018
2008-06-02,12.262498161989749,4.186924530120624,1.3259820891579006,4.511721165445692,3.9854209781685612,0.5263001872771311,3.56046546974916,1.607682471808999,47.11844445275547,1.657227851035898
2008-06-03,12.35133905908657,4.217687679637878,,4.509923412371296,3.982831955090388,0.5270914572809078,3.599172621966106,,46.68274479261585,1.594893888594091
2008-06-04,12.395611939063107,4.233153625982477,,4.508087249092751,3.9801922105642493,0.5278950385285013,3.6189339164760406,,46.43418555341253,1.5094681946941737
2008-06-05,12.543576292154864,4.284154203555087,,4.506212719195631,3.9775018052692728,0.5287109139263579,3.6832889737164107,,45.853116372445136,1.4408254003922487
2008-06-06,12.412008329487739,4.239298409443202,,4.5042998688766005,3.9747608033666113,0.5295390655099892,3.6279988537432444,,46.23469918765262,1.3713157979047579
2008-06-09,12.878957351368863,4.399631729691572,1.4691595930833012,4.502348746941587,3.9719692724969944,0.5303794744445929,3.8293702140785055,1.7868602573474652,47.311119180078734,1.3272517381143087
2008-06-10,12.26517429643592,4.189411641866886,,4.5003594048038496,3.9691272837781124,0.5312321210257371,3.5677246879259075,,46.719363144008554,1.2532821795938265
2008-06-11,12.189584520290628,4.163698282016982,,4.498331896481915,3.9662349118018496,0.5320969846800652,3.536887217880518,,46.96524131075379,1.193502253932678
2008-06-12,12.648141984263393,4.321104452246404,,4.496266278597402,3.9632922346313557,0.5329740439660466,3.7351235654094253,,46.35470718402017,1.162364754896313
2008-06-13,11.931725584455553,4.075645790672775,,4.49416261037273,3.9602993337979617,0.5338632765747686,3.429953023309044,,47.90269149552827,1.0825110067893173
2008-06-16,12.59378296529181,4.302790078929489,1.4064405657143373,4.492020953628709,3.957256294297941,0.5347646593307678,3.7157100500959412,1.7087377841071238,46.144808300890894,1.029261716182077
2008-06-17,12.48100164782235,4.2642587718682226,,4.489841372782009,3.954163204589116,0.5356781681928928,3.6695461821480566,,45.67335367380011,0.9816005168453756
2008-06-18,12.380747778282258,4.230005997063899,,4.487623934842529,3.951020156587316,0.5366037782552127,3.628903783099591,,45.69815469341805,0.9342914312976129
2008-06-19,12.97502223648103,4.433860649118489,,4.485368709410634,3.9478272456626717,0.5375414637479619,3.8860686617350613,,47.81508932332967,0.9246576723777864
2008-06-20,12.187655193426705,4.163993095130908,,4.48307576867429,3.944584570635772,0.5384911980385181,3.5512534538415643,,46.31989105360482,0.8875357382257827
2008-06-23,13.112364564628255,4.481106644399419,1.5276262146062236,4.480745187406088,3.9412922337736607,0.5394529536324271,3.9503369593522724,1.860566036008772,48.42915589515141,0.8741962081236001
2008-06-24,12.297722799190403,4.201854733252788,,4.478377042960148,3.937950340785694,0.5404267021744542,3.6041356234014796,,45.62721224544375,0.8329478830606539
2008-06-25,11.91456387452667,4.070523323236251,,4.475971415268921,3.9345590008192435,0.5414124144496775,3.4430065340737093,,47.153177633782114,0.7854449467030591
2008-06-26,12.370420592458453,4.226837974058299,,4.473528386839876,3.931118326455257,0.5424100603846185,3.6416062636044813,,45.28935561488144,0.7426784857027234
2008-06-27,11.953226411487384,4.08380447179688,,4.471048042752084,3.9276284337036746,0.5434196090484096,3.4661916536558595,,46.74390675882948,0.7086085664985703
2008-06-30,12.050296695614103,4.117073828492845,1.287707080429557,4.468530470652695,3.924089441998706,0.5444410286539889,3.5113260648266813,1.5610825297520952,46.200479074024905,0.6765300297909005
2008-07-01,12.435408596900707,4.249083956169772,,4.4659757607533015,3.9205014741939594,0.545474286559342,3.680056469196283,,45.609949551702364,0.6578881026473125
2008-07-02,12.473474267667733,4.262090482442713,,4.463384005826211,3.9168646565574403,0.5465193492687708,3.7002019698549593,,45.787579451022175,0.6322167478779543
2008-07-03,12.043374573709006,4.114566880761601,,4.460755301200603,3.913179118766405,0.5475761824341978,3.5198539637282664,,45.8255215983025,0.6010978419330302
2008-07-04,12.588378217106689,4.301348169660374,,4.458089744758592,3.909444993902084,0.548644750856508,3.757555765659044,,46.309703240117656,0.5821324593488238
2008-07-07,12.629109008247243,4.315219691732094,1.423029923574567,4.455387436931189,3.905662418444272,0.5497250184869169,3.7792885821474425,1.7307199238311846,46.49944924472727,0.5684094701636241
2008-07-08,12.707424862708075,4.341961341131102,,4.452648480694162,3.90183153226578,0.5508169484283818,3.817276795750274,,46.850503938280006,0.5448287592374483
2008-07-09,12.370296358645376,4.226248783246966,,4.4498729815638,3.8979524786267667,0.5519205029370333,3.6773644896956252,,45.42131185460737,0.5281305850111093
2008-07-10,12.642030017310983,4.31927286516548,,4.447061047592587,3.8940254041689384,0.553035643423649,3.7985397109817933,,46.601757265280504,0.512580707189182
2008-07-11,11.485926159788589,3.9227365951191016,,4.444212789364775,3.890050458909622,0.5541623304551528,3.307930694713513,,47.305521706720974,0.47789675404322823
2008-07-14,12.011862789903185,4.102883902339611,1.2851483632081762,4.441328319991866,3.886027796235717,0.5553005237561495,3.5383418139414475,1.5589193182574856,44.88718670469297,0.4481363780319466
2008-07-15,11.798153072006649,4.029422200868248,,4.438407755108009,3.8819575728975297,0.556450182210479,3.451906784449016,,45.63513620075573,0.42549041812987765
2008-07-16,12.121360712237893,4.140030520271369,,4.4354512128653045,3.877839949002486,0.5576112638628183,3.5957238281715953,,44.436072961051906,0.4136829819761705
2008-07-17,11.857204699646877,4.0492411311665535,,4.432458813929022,3.8736750880087323,0.5587837259202901,3.487957705129222,,45.035324203496735,0.4004524065494974
2008-07-18,11.976192095807075,4.089799358801826,,4.429430681472735,3.869463156718617,0.5599675247541183,3.544539480426157,,44.34661976128254,0.38458163423076963
2008-07-21,12.669800778548854,4.32735480947631,1.4389142663329746,4.426366941173374,3.865204325272071,0.5611626159013028,3.8475305573026786,1.7517444919185339,46.83820055882431,0.38203407226914676
2008-07-22,11.92788838983521,4.072715866952507,,4.423267721206196,3.8608987671398753,0.5623689540663208,3.5354407976768187,,44.185402119860086,0.3656569709868214
2008-07-23,12.107928632991564,4.13415928007564,,4.420133152239682,3.8565466591168285,0.5635864931228536,3.618615506695361,,44.46573049591347,0.35510554784001974
2008-07-24,11.857180087197838,4.047888042025755,,4.41696336743035,3.852148181314808,0.5648151861155419,3.517307781826173,,44.10600761105297,0.3385248237508559
2008-07-25,11.939910868243432,4.07593698828847,,4.4137585024175054,3.8477035171557397,0.5660549852617658,3.5590605103492647,,43.782083869271744,0.3234992048354886
2008-07-28,11.890019595972811,4.0584999854910775,1.2642314503441816,4.410518695317908,3.8432128533644656,0.5673058419534422,3.5441153554298763,1.534074031932747,43.58680485904159,0.3085274855367025
2008-07-29,12.018897272950865,4.102339718371077,,4.407244086720384,3.8386763799615284,0.5685677067588557,3.6059249898575025,,44.157894403502716,0.2918334493829084
2008-07-30,12.243481041667906,4.178977549386858,,4.403934819680362,3.8340942902558655,0.5698405294244968,3.708890420587942,,45.13936775453274,0.28639974917495903
2008-07-31,12.385422265193354,4.227265432082176,,4.400591039714351,3.829466780837413,0.5711242588769383,3.7765758804779126,,45.766872520102766,0.27747988779750077
2008-08-01,11.88998574344684,4.057008499519434,,4.397212894794356,3.8247940515696386,0.572418843224717,3.571237063856014,,43.6629710197671,0.2652174880658182
2008-08-04,11.960319874387208,4.08071483382765,1.2840214301034982,4.393800535342235,3.8200763055819933,0.5737242297602418,3.6085083384873338,1.5595585187621326,43.984012404087174,0.2533115482641137
2008-08-05,11.32311308434253,3.8618205280273026,,4.390354114224008,3.8153137492622884,0.57504036496172,3.3426840728844534,,44.725539455074056,0.24028393582411345
2008-08-06,11.666675531965364,3.9791748416695345,,4.386873786744109,3.810506592249011,0.5763671944950985,3.497325080886668,,43.02901562121752,0.2342789437305449
2008-08-07,11.997632080993599,4.0921920772086775,,4.383359710639589,3.805655047423567,0.5777046632160223,3.6466984671561056,,44.204007611551845,0.23126777457620493
2008-08-08,11.942301965656938,4.072753179567532,,4.379812046074281,3.800759330902473,0.5790527151718075,3.6306546266650463,,43.987322387200464,0.22058848874724052
2008-08-11,11.683544504202422,3.983552837914888,1.2246435929870627,4.376230955632913,3.7958196620294853,0.5804112936034276,3.527561121948743,1.486145746390399,42.89901129898739,0.21167584396187
2008-08-12,11.889575338623708,4.053693624998584,,4.372616604315196,3.7908362633676846,0.5817803409475113,3.623795357302878,,43.802854437856226,0.20312942959866545
2008-08-13,11.720552607195613,3.995229827726083,,4.368969159529869,3.785809360691511,0.5831597988383583,3.559424367040584,,43.09952828995897,0.19783875637905016
2008-08-14,11.937930992267443,4.069231692119461,,4.365288791088715,3.7807391829787607,0.5845496081099544,3.6607851217176592,,44.0524087986724,0.19270288758250279
2008-08-15,11.587734105095466,3.948621669540963,,4.361575671200554,3.77562596240255,0.5859497087980041,3.5190298359461165,,42.57302444249676,0.18468366599006786
2008-08-18,11.330195995828173,3.8597657915423462,1.1479220287979315,4.357829974465211,3.7704699343232404,0.587360040141971,3.4171151869875853,1.39111426116287,42.558043367465245,0.1771546491648725
2008-08-19,11.540066645929683,3.931149838693013,,4.354051877867464,3.7652713372803523,0.5887805405871118,3.515647525820306,,42.41225076401003,0.17014635900580088
2008-08-20,10.364248186870627,3.527426044128419,,4.350241560770985,3.7600304129844497,0.590211147786535,3.0204412566065337,,46.18686525608668,0.1618880242379745
2008-08-21,11.491004903568243,3.913142237583909,,4.346399204912263,3.754747406309017,0.5916517986032459,3.5121802667667747,,42.246288096754604,0.15703596098624703
2008-08-22,10.046696234867234,3.417336016985403,,4.342524994394529,3.749422565282332,0.5931024291121973,2.9021606415001147,,47.024074797933935,0.14731848277748366
2008-08-25,10.68668402790331,3.636131521371264,1.0050306881787683,4.338619115681679,3.744056141079331,0.594562974602348,3.1855366299685186,1.2134298113131494,44.01466641370727,0.13638732463993258
2008-08-26,11.41388294803825,3.8848138571529978,,4.334681757592198,3.73864838801349,0.5960333695787075,3.506413678154638,,41.98366915181227,0.1317101440903087
2008-08-27,11.38838172772638,3.8754135262952807,,4.330713111293105,3.7331995635287143,0.5975135477643905,3.5048289641187336,,41.89739406413285,0.12972739479694034
2008-08-28,10.77949633051542,3.665981796827793,,4.326713370293902,3.72770992819125,0.599003442102652,3.2533456111702606,,42.79837567465574,0.12517926811123295
2008-08-29,10.90183070455502,3.707240104045407,,4.3226827304405475,3.7221797456816255,0.600502984758922,3.3153644393997848,,41.9950765535272,0.11786206066126746
2008-09-01,11.595098535130564,3.944233222802762,1.2170129501842304,4.318621389909467,3.7166092827866226,0.6020121071228441,3.6221904310787427,1.4793948079776464,42.85349452461186,0.11451859108862367
2008-09-02,10.909966882255139,3.7086185146859485,,4.314529549201577,3.7109988093913024,0.6035307398102745,3.338394289655401,,41.39306650210571,0.10870517112308847
2008-09-03,11.827995993616911,4.0226452924489084,,4.3104074111363655,3.7053485984710726,0.6050588126652929,3.7417866453315205,,43.89932901820998,0.10837237222916019
2008-09-04,11.005529388286487,3.739917134424727,,4.30625518084601,3.6996589260838215,0.6065962547621888,3.3993709481073697,,40.4043549478234,0.10467693297704207
2008-09-05,11.111875260249192,3.7756255085911907,,4.302073065769552,3.6939300713621206,0.608142994407431,3.455135497894311,,40.87866593897628,0.1005475234051005
2008-09-08,11.497466552461473,3.9070617979589377,1.1991831913331348,4.297861275647118,3.688162316505501,0.6096989591416166,3.6306934762802925,1.4581502880704953,42.55568029913896,0.09826275382463145
2008-09-09,10.939557448023155,3.714998954685073,,4.293620022514228,3.6823559467728257,0.6112640757414018,3.402010014201839,,40.189297681708744,0.09266035828916946
2008-09-10,10.504657446779097,3.565097469191185,,4.289349520696155,3.6765112504747566,0.6128382702213986,3.2261596533711367,,41.357303439777006,0.08779205089182125
2008-09-11,10.778498493442896,3.658179814088958,,4.285049986802386,3.6706285189663235,0.6144214678360629,3.35416940121218,,39.878062260464155,0.08464852420175326
2008-09-12,10.765512956687994,3.6529086084375164,,4.280721639721153,3.6647080466396256,0.6160135930815276,3.359366436211112,,39.6252350720884,0.08227964991038378
2008-09-15,10.261042104486235,3.479115237857065,0.9211930506420793,4.276364700614079,3.658750130916647,0.617614569697432,3.1540388830864123,1.1117587471132047,41.47595483951487,0.07719214750938297
2008-09-16,10.609539817805585,3.5977554135086005,,4.2719793929109136,3.6527550722422273,0.6192243206686863,3.3143802615411038,,39.668300727706225,0.07410918645955447
2008-09-17,10.399350629221905,3.524833071044194,,4.2675659423044,3.6467231740771786,0.6208427682272215,3.235394359977563,,40.25224936423502,0.07178635384686662
2008-09-18,10.942340455132587,3.710130907363694,,4.263124576745256,3.6406547428915688,0.6224698338536876,3.479308406469684,,40.37861640079316,0.06892062397169019
2008-09-19,10.590290463590499,3.5885454210127374,,4.2586555264372885,3.634550088158185,0.6241054382791034,3.3397418692859735,,38.89583777238295,0.06672635920431272
2008-09-22,10.438225714782831,3.535513874630515,0.9664416076153197,4.254159023832657,3.6284095223461907,0.6257495014864665,3.2859901599740553,1.1694668631983962,39.11868726900359,0.06436273786614813
2008-09-23,10.458738516223313,3.5416394452993276,,4.249635303627294,3.6222333609149833,0.6274019427123103,3.306306071321597,,38.70308566567424,0.0631103725063319
2008-09-24,10.532366134034158,3.5659635826964284,,4.24508460275648,3.6160219223082812,0.6290626804481985,3.3494902250692062,,38.72657243248613,0.060974976441099685
2008-09-25,10.628206160213383,3.597891277869487,,4.24050716039061,3.6097755279484405,0.6307316324421697,3.4022976579019075,,39.16395703860181,0.05913101374828988
2008-09-26,10.020149487714137,3.3884709404048525,,4.235903217931134,3.6034945022310203,0.6324087157001137,3.153537667930613,,39.583932421455856,0.05718589956953196
2008-09-29,9.962903807249614,3.367888168758952,0.8626672495191446,4.2312730190067125,3.5971791725196316,0.6340938464870809,3.140941027626441,1.0409453324509073,39.49116829566696,0.05422714616535748
2008-09-30,10.67119439839191,3.6097631643477293,,4.226616809469576,3.5908298691410505,0.6357869403285252,3.45653175145143,,39.42903540809805,0.05278466321398748
2008-10-01,10.097025826481682,3.4119261704855957,,4.221934837392118,3.5844469253806523,0.637487912011466,3.2225963945499427,,38.23257125980872,0.050709794474430955
2008-10-02,9.701929334553755,3.2754737210442637,,4.217227353063726,3.5780306774781585,0.6391966755855676,3.0655043635886274,,39.580210860454194,0.04850904928151318
2008-10-03,10.309335569946857,3.4827250038605304,,4.21249460898787,3.571581464623727,0.6409131443641432,3.338153371031193,,37.960393851420235,0.04747050913980882
2008-10-06,10.272057801957224,3.4689303925021067,0.9383154683578435,4.207736859879463,3.565099628954407,0.6426372309250565,3.33460509985931,1.1367486164507705,37.82831486683087,0.04634737848242986
2008-10-07,9.529708976389724,3.213385864969855,,4.202954362662509,3.5585855155509734,0.6443688471115356,3.0289782269624674,,39.26678984429166,0.0440967468134795
2008-10-08,10.101066097641631,3.4082436489828143,,4.198147376468054,3.55203947243517,0.6461079040328839,3.286461729754711,,37.15128100446722,0.04283816631869449
2008-10-09,10.233200561283969,3.4524997645768156,,4.193316162632458,3.545461850567377,0.647854312065081,3.3557993144316334,,37.74567257349667,0.04228605925554184
2008-10-10,10.061495117184283,3.3925712686031826,,4.188460984696008,3.5388530038447374,0.6496079808512709,3.2950109716006772,,37.0380286215437,0.04078226538814716
2008-10-13,10.10608478538929,3.406790283030995,0.9054693027519521,4.183582108401896,3.532213289099756,0.6513688193021396,3.3270105116639654,1.0969779955496335,37.25749727543837,0.039759032523535624
2008-10-14,9.347550174775966,3.1456417041986993,,4.178679801695555,3.5255430660994085,0.6531367355961466,3.0149027013857963,,38.24794360683202,0.03811071969232709
2008-10-15,9.90878688248651,3.336975568334677,,4.173754334724424,3.5188426975447777,0.6549116371796462,3.268498720794207,,36.46906772984563,0.03702349727140672
2008-10-16,9.640613478527015,3.243929789134138,,4.16880597983811,3.5121125490712584,0.6566934307668517,3.1667195851506915,,36.25637124191158,0.035318444775157526
2008-10-17,9.530894253586114,3.205200814154502,,4.16383501158901,3.5053529892493493,0.658482022339661,3.132934465440653,,36.35554157010156,0.034593629576920866
2008-10-20,9.957642318507515,3.35039325892091,0.8767281532607584,4.158841706733392,3.4985643895860723,0.6602773171473193,3.3291477309990314,1.0623800886729708,36.76509927203501,0.03353572380710261
2008-10-21,10.123511424749964,3.406131388227654,,4.15382634423297,3.4917471245270493,0.6620792197059204,3.413638301128184,,37.5050962354788,0.03318182340460199
2008-10-22,10.18635664503124,3.426537063788674,,4.1487892052570094,3.4849015714592726,0.6638876337977369,3.454057079649327,,37.803681654266846,0.032421096846165606
2008-10-23,9.9708198252801,3.3514876134796054,,4.14373057318497,3.478028110714608,0.6657024624703625,3.3752492914404937,,36.90931849624783,0.0315820709694995
2008-10-24,9.424292121756347,3.1629458440663227,,4.13865073360973,3.4711271255740623,0.6675236080356672,3.154666998329535,,34.92574073106472,0.03099575942868537
2008-10-27,9.537969165570287,3.200750383327838,0.7860810926597382,4.133549974341413,3.4641990022728666,0.6693509720685467,3.217107026726818,0.9504384913908497,35.11331988218628,0.03045857841446273
2008-10-28,9.634483113413516,3.2326609545948264,,4.128428585411868,3.457244130006409,0.6711844554054589,3.2722675607740457,,35.55665640748354,0.029805387702946922
2008-10-29,9.359849366587984,3.137311537562161,,4.123286859079806,3.4502629009370707,0.6730239581427351,3.16843959333199,,34.40946876041144,0.029198294692661792
2008-10-30,9.314314533357386,3.1205010982408745,,4.118125089836658,3.443255710202002,0.6748693796346563,3.1628703383887338,,34.244240238782204,0.02834327931752427
2008-10-31,9.507742716522836,3.185611744701654,,4.112943574413179,3.436222955921897,0.6767206184912817,3.2597859257033246,,35.10324338657939,0.02770852640747567
2008-11-03,9.149338410341354,3.06151372030768,0.7026104345977456,4.1077426117868345,3.429165039210821,0.6785775725760135,3.1202726423069316,0.847503236406076,33.77520034734681,0.026788884074517336
2008-11-04,8.865275413483444,2.962895316732682,,4.102522503190017,3.4220823641871387,0.6804401390028785,3.01268932373109,,34.59802789553571,0.026167049052558976
2008-11-05,8.92568321870692,2.982372493282138,,4.097283552119137,3.414975337985605,0.6823082141335322,3.0528043781102263,,33.9428022105782,0.025250284433930008
2008-11-06,9.242629009216252,3.0897969899356417,,4.0920260643446325,3.407844370770682,0.6841816935739504,3.2029309274307436,,34.08814301267654,0.025011433696611244
2008-11-07,8.971612469884992,2.9956259769142326,,4.086750347921941,3.4006898757511492,0.6860604721707921,3.101138869431143,,32.95715775650231,0.02429100458041786
2008-11-10,9.039239859679247,3.017553165231418,0.6828762801535266,4.081456713203504,3.393512269196072,0.6879444440074316,3.144543765726323,0.8242714756917957,33.27759464537468,0.02371587001415714
2008-11-11,9.104097046744538,3.0385224187292943,,4.076145472851826,3.386311970452197,0.6898335023996287,3.1868238567825253,,33.5862479599536,0.023359042501677755
2008-11-12,8.687583456655698,2.89444225062826,,4.070816941853689,3.3790894019628643,0.6917275398908247,3.0228631825282233,,32.95649445610614,0.022724130924909082
2008-11-13,9.03248354603859,3.0114103287761917,,4.065471437535539,3.371844989288509,0.6936264482470298,3.18528221383298,,33.34097773685086,0.02219120201933982
2008-11-14,8.84922476741538,2.9472876350320236,,4.060109279580146,3.3645791611288405,0.6955301184513059,3.1214055516476,,32.58652913135775,0.021681744960111275
2008-11-17,8.233097307784709,2.7347452327876254,0.504109029856646,4.0547307900445855,3.357292349346787,0.6974384406977983,2.8720703863100656,0.6022781185205417,33.681447662537245,0.021174820158604817
2008-11-18,9.118563912465754,3.0370276351522643,,4.049336293379614,3.349984988994314,0.6993513043853001,3.266330707672251,,33.80296778887851,0.02070224192988796
2008-11-19,8.386799722575422,2.7848236063833993,,4.043926116450534,3.3426575183402014,0.7012685981103322,2.967545806776664,,32.20024687197767,0.020127510098338738
2008-11-20,7.930912478930256,2.6271988032352853,,4.038500588559606,3.3353103788999148,0.7031902096596916,2.7870460774221373,,33.74074545895285,0.019477008639763295
2008-11-21,8.09240288900039,2.681239329354748,,4.033060041470117,3.327944015467654,0.7051160260024631,2.871187459029709,,32.63401130943049,0.019061923455693793
2008-11-24,8.048616179810454,2.6648922677167697,0.4674888360822037,4.027604809432174,3.320558876150731,0.7070459332814427,2.8674021020489833,0.5579951437434083,32.405744610999164,0.01850296027553049
2008-11-25,8.371902530155408,2.7743921145403303,,4.02213522921035,3.3131554124063944,0.7089798168039554,3.0209814102050245,,30.759573141000562,0.018380113722884273
2008-11-26,8.205304817347281,2.7159251496157855,,4.01665164011326,3.3057340790812404,0.7109175610320193,2.964656503249305,,30.89864786113269,0.01791276134424916
2008-11-27,8.130627369710073,2.688967294318295,,4.011154384025193,3.2982953344533645,0.7128590495718288,2.947770539307276,,30.79911925581255,0.017444002287257756
2008-11-28,8.412640480804301,2.784297087929603,,4.005643805439925,3.290839640277409,0.7148041651625157,3.083794935099781,,31.028881468940778,0.01708472273292385
2008-12-01,8.26179234332022,2.7312112078473043,0.5218047464290174,4.000120251496809,3.283367461832671,0.7167527896641381,3.034348766011577,0.6274055242158941,30.414074686830855,0.016542101287302442
2008-12-02,8.200413641957562,2.7087946157335066,,3.994584072019331,3.2758792679744624,0.7187048040448687,3.0232864485711053,,30.182760518528347,0.016059319048814392
2008-12-03,8.18007235900225,2.700442205160839,,3.989035619556213,3.2683755311889056,0.7206600883673073,3.0298497997882095,,30.127370588806993,0.0156729358876502
2008-12-04,8.19899451977311,2.7055459143580247,,3.9834752494252683,3.260856727651372,0.7226185217738963,3.053276927851708,,30.24029954398092,0.015546236690249595
2008-12-05,7.192163102222686,2.358957209523974,,3.977903319760152,3.2533233372887858,0.7245799824713663,2.6371303360221696,,32.28104611803883,0.0150676446581384
2008-12-08,7.748882132029315,2.5484376317403385,0.41019068970063466,3.9723201915601827,3.2457758438460327,0.72654434771415,2.8911101060063635,0.4894232024068547,29.46835959851743,0.014669270716410743
2008-12-09,7.059745113612372,2.310762259059273,,3.9667262287434353,3.238214734956715,0.7285114937867201,2.6111832252832943,,31.99418976471431,0.014386735498465926
2008-12-10,7.781722140404442,2.556892430052373,,3.9611217982032976,3.2306405022185425,0.7304812959847551,2.936049491238212,,28.579742278563067,0.014299923924181623
2008-12-11,7.713666658832092,2.5321494914900295,,3.9555072698687184,3.2230536412736255,0.7324536285950929,2.922358695439974,,28.33400393990603,0.014177192286055608
2008-12-12,8.027321164459476,2.6382738941927677,,3.9498830167683723,3.2154546518940124,0.7344283648743599,3.0722844931124644,,29.69639862436458,0.013859280814372878
2008-12-15,8.023068388386271,2.635397028400333,0.47850625838420124,3.9442494150990077,3.2078440380727793,0.7364053770262284,3.0859891969809476,0.5763690588978486,29.710260601819666,0.013603538691659447
2008-12-16,7.624299136922573,2.497253054552156,,3.93860684429823,3.200222308121061,0.7383845361771693,2.930638565358916,,28.033363059997264,0.013578217771260273
2008-12-17,7.324058318145687,2.3928861124295584,,3.932955687122032,3.192589974771387,0.7403657123506449,2.8175358131618524,,28.279836033267213,0.013326387369106485
2008-12-18,7.614778533426254,2.491130409718446,,3.927296329727374,3.184947555287768,0.742348774439606,2.957721722169629,,28.05685243094818,0.01307712134610646
2008-12-19,7.205924409970012,2.349516850351341,,3.921629161760164,3.1772955715829694,0.7443335901771948,2.7981079259843225,,27.92054612428905,0.012896439797418979
2008-12-22,7.335873001247481,2.3926320289851697,0.32708810816111594,3.9159545764489945,3.1696345503434724,0.7463200261055221,2.8694256526269704,0.3886601485270455,26.930080448748736,0.01278255519367348
2008-12-23,7.627119862494123,2.491046028363294,,3.9102729707050488,3.1619650231626526,0.7483079475423962,3.009885470706768,,28.206301178721166,0.012543629395758977
2008-12-24,7.032316301069577,2.2856680480609257,,3.9045847452285964,3.1542875266827437,0.7502972185458527,2.7706218247843304,,27.362663114780695,0.012325124916727145
2008-12-25,7.455045891989462,2.4291554955787946,,3.898890304622551,3.1466026027462277,0.7522877018763232,2.967454398632603,,27.533258547560692,0.012255812148843066
2008-12-26,7.355634552722093,2.39362029775981,,3.8931900575136003,3.1389107985573066,0.7542792589562937,2.9405210038611522,,27.139423388205792,0.011957104749655813
2008-12-29,6.729821944811298,2.1776019528356922,0.19421620075594154,3.8874844166814535,3.1312126668542124,0.7562717498272411,2.687993894284589,0.224142485774749,27.353957434610138,0.011720795231234989
2008-12-30,7.3502920873434405,2.388878026538616,,3.881773799196816,3.123508766093139,0.7582650331036773,2.969592885325749,,27.180948503851376,0.011457799148460223
2008-12-31,7.199338294925012,2.335663559478094,,3.8760586265687347,3.1157996606446807,0.760258965924054,2.9205846124504067,,26.566205498392392,0.011205281322862968
2009-01-01,6.935911816289602,2.2438848861670184,,3.870339324902039,3.108085921003725,0.7622534038983142,2.8233748041096236,,25.469426627881987,0.010979324183523835
2009-01-02,6.578814924489403,2.119988694596152,,3.864616325065649,3.1003681240138357,0.7642482010518132,2.686019605309688,,26.258160282636176,0.010829567695673387
2009-01-05,6.490295121873724,2.088174325169739,0.1451079826757834,3.8588900628726064,3.0926468531072664,0.76624320976534,2.663765950320931,0.16433374322912297,26.201599501851426,0.010605319585150298
2009-01-06,6.548229224033761,2.1065711710070123,,3.8531609792727637,3.0849226985618543,0.7682382807109094,2.7042733120264013,,25.51740066770828,0.010369907531492762
2009-01-07,6.871724054563875,2.216016059101581,,3.8474295205591527,3.077196257776147,0.7702332627830057,2.858585427269941,,25.3229389300034,0.01024331882199549
2009-01-08,6.292769262569467,2.0160485021438497,,3.8416961385891577,3.0694681355642794,0.7722280030248783,2.62612436045407,,25.740672973422267,0.009964017737361986
2009-01-09,6.725812974482718,2.163050922113768,,3.83596129102174,3.06173894447224,0.7742223465495002,2.827365781765221,,24.761762895723646,0.00987750949018321
2009-01-12,6.083544816972905,1.9413742582571634,0.05775107615867435,3.8302254415720625,3.0540093051173454,0.7762161364547171,2.5677459757855865,0.05671408079642776,25.76648251054329,0.009805293786592952
2009-01-13,6.392247260557478,2.045744142168472,,3.824489060285035,3.046279846552942,0.7782092137320928,2.715669558887115,,24.008426599669605,0.009661964210237286
2009-01-14,6.447603034290028,2.0632520115382125,,3.818752623829439,3.0385512066605425,0.7802014171688967,2.754998369846644,,23.665414441754322,0.00952183868427153
2009-01-15,7.210626659725349,2.3233887790918537,,3.8130166158144747,3.030824032571861,0.7821925832426135,3.097593554330699,,26.96742683443621,0.009499385756094164
2009-01-16,5.818431946457058,1.8445936883652079,,3.8072815271307783,3.0230989811234807,0.7841825460072975,2.5165016327954257,,25.164689153557067,0.00917525014176392
2009-01-19,6.761422271797249,2.166433838341261,0.21826921614808592,3.8015478563181877,3.0153767193471737,0.786171136971014,2.936178904320694,0.2589335187731943,25.10594275335965,0.00914467183840065
2009-01-20,6.24445721297062,1.9877184575344788,,3.7958161099627845,3.0076579249992705,0.788158184963514,2.730134287097363,,22.92213729954097,0.00929535625947838
2009-01-21,6.281795316811806,1.9990507109486406,,3.7900868031260484,2.999943287132833,0.7901435159932153,2.761619074835228,,23.11385868489119,0.00918713023686636
2009-01-22,6.125264537812286,1.9439147076284733,,3.784360459809279,2.99223350671686,0.7921269530924189,2.7099856937250912,,22.47465145030119,0.009075881517676618
2009-01-23,6.185547018079793,1.963115996885476,,3.778637613456841,2.9845292973072532,0.7941083161495879,2.7512383200365385,,22.764578014313326,0.009045806216227055
2009-01-26,5.922252486715536,1.8713781626302397,0.0319791526749844,3.7729188075022098,2.976831385774849,0.7960874217273606,2.653778620120547,0.02763299748195427,22.128731408079844,0.009078173989766618
2009-01-27,6.431216942821344,2.0444166578289775,,3.7672045959613105,2.969140513096513,0.7980640828647974,2.887248040315132,,23.880381632727012,0.009093584128468541
2009-01-28,5.708906894792151,1.7953059725685239,,3.761495544078216,2.9614574352160417,0.8000381088621742,2.5929867635823336,,22.185531815091984,0.008818049098377558
2009-01-29,6.211449635467187,1.9661471573005596,,3.755792229028935,2.9537829239825215,0.8020093050464134,2.823618109809409,,23.001141944659366,0.00879721851066756
2009-01-30,5.536266300738751,1.7331991575877699,,3.7500952406898107,2.9461177681748283,0.8039774725149824,2.549462700142875,,22.07178280045286,0.008903197560847603
2009-02-02,5.687473807082362,1.7835880502287662,-0.016234869826335235,3.7444051824779225,2.9384627746221454,0.8059424078557771,2.6294249976619524,-0.031087622779745867,20.998560487571133,0.008867720328258052
2009-02-03,5.2802907132277985,1.642531910555344,,3.7387226722719684,2.9308187694317698,0.8079039028401986,2.470024386588237,,22.31961799673703,0.008676252646946488
2009-02-04,5.761808863245888,1.8061768048295046,,3.733048343423295,2.9231865993371313,0.8098617440861635,2.6914401573892595,,21.198275164399302,0.008629097526161852
2009-02-05,6.055583945376549,1.9054564109428442,,3.7273828458682123,2.915567133180852,0.8118157126873604,2.8323360267198323,,22.488101896506404,0.00848101359075021
2009-02-06,5.470130136949636,1.7032901829735296,,3.721726847354414,2.907961263549941,0.8137655838044733,2.596357836576813,,20.2417635152516,0.008502947041174786
2009-02-09,5.375894951486043,1.6695461565521874,-0.08209135817319348,3.7160810347963382,2.9003699085829218,0.8157111262134165,2.5708370537773355,-0.11188251709768958,20.22705295202243,0.008359122215932092
2009-02-10,5.002484220922158,1.5400895149111185,,3.7104461157766884,2.8927940139718307,0.8176521018048577,2.425601469511642,,21.410360949394587,0.008282982774866627
2009-02-11,5.260348182272198,1.6270749622485194,,3.7048228202142086,2.8852345551858884,0.8195882650283202,2.550840657153042,,19.88983978707643,0.008154230018535286
2009-02-12,4.731338831873129,1.444280674639947,,3.699211902221197,2.87769253994816,0.8215193622730368,2.3387734009899313,,21.743351247647592,0.008033935198555726
2009-02-13,4.917752387451193,1.5067800023064175,,3.6936141421784057,2.87016901100206,0.8234451311763458,2.433237312994236,,20.532570587205008,0.008073330160923105
2009-02-16,5.265315601540583,1.6245367781794466,-0.10211323669769719,3.688030349059961,2.8626650492112224,0.8253652998487384,2.596682956127593,-0.1354122091947207,19.313403595627207,0.0080293696829464
2009-02-17,5.596525585896747,1.7366932589446082,,3.6824613630470466,2.85518177704438,0.8272795860026667,2.7530337567055896,,20.7626365487685,0.007953145541525711
2009-02-18,6.067287147781652,1.8967029274578564,,3.6769080584765836,2.8477203625069127,0.8291876959696709,2.969101991691338,,22.809792532947412,0.007854464379680532
2009-02-19,4.828225595200236,1.4704948847024792,,3.671371347180367,2.8402820235930055,0.8310893235873613,2.4522942608323706,,19.288728576716224,0.007671242859915847
2009-02-20,5.4856404426366945,1.6945151221352293,,3.665852182281613,2.832868033347682,0.8329841489339311,2.748163056844498,,20.375741268345923,0.007556611476492702
2009-02-23,5.018655734340657,1.533035206020389,-0.1533707906085106,3.6603515625302325,2.8254797256471416,0.834871836883091,2.562042597707389,-0.19802262745395371,18.403477804324385,0.007525594823937593
2009-02-24,4.830779331670298,1.4672583211729495,,3.6548705372762615,2.8181185018299737,0.8367520354462878,2.4954313548180176,,18.08095185794471,0.007551755060344341
2009-02-25,4.985829867078574,1.5190656579130706,,3.6494102122039282,2.810785838342558,0.8386243738613701,2.575675006101481,,18.32043491464855,0.0074806528220036994
2009-02-26,4.8071469259299136,1.4564599061398817,,3.643971755978406,2.8034832956013704,0.8404884603770357,2.5127707681533646,,17.5831740065028,0.007552391411439395
2009-02-27,4.7755349443446065,1.4442888811400136,,3.638556407995571,2.7962125283259662,0.8423438796696048,2.512771887167799,,17.4760075290838,0.007471648726178445
2009-03-02,4.545784573101066,1.3641957098271462,-0.2564940777575638,3.633165487475208,2.788975297663233,0.8441901898119752,2.427725323239233,-0.32551127984330386,17.74445663790347,0.007421785171031301
2009-03-03,4.151571797497018,1.227727105524704,,3.6278004042044203,2.781773485511902,0.8460269186925182,2.2720570365420745,,19.052167136703936,0.007311927261883267
2009-03-04,4.053275881095288,1.1927280976260226,,3.6224626713267942,2.774609111574751,0.8478535597520431,2.2430653311964392,,19.095069023069843,0.007340625368293484
2009-03-05,4.775263407891099,1.438982281933263,,3.617153920693475,2.7674843538266716,0.8496695668668033,2.5654710863188557,,17.585796284317,0.007458982559319301
2009-03-06,4.403339030029829,1.3101949430155728,,3.611875921458306,2.760401573308164,0.8514743481501421,2.418896559795307,,16.849039673387153,0.007316846317717417
2009-03-09,4.245609835576199,1.2548608482794559,-0.3203418840885083,3.6066306028315935,2.7533633444636614,0.8532672583679322,2.3639500095152366,-0.4039647225518571,17.158048511866205,0.007269653274870266
2009-03-10,4.41180516090221,1.3106024827675544,,3.6014200822380276,2.746372492685403,0.8550475895526244,2.4476483366938764,,16.10857651569249,0.007333111710767921
2009-03-11,4.64220506549186,1.3883741144672685,,3.596246700605189,2.739432141364746,0.8568145592404428,2.5586719793020904,,17.122220820547373,0.007223885888904879
2009-03-12,4.382856880441157,1.2982503465869228,,3.5911130672232883,2.7325457717051242,0.858567295518164,2.459600363159084,,16.036612648777147,0.007245344942936126
2009-03-13,4.046502550232557,1.1817440909067156,,3.5860221177043616,2.7257173000009525,0.8603048177034092,2.3273090595048074,,16.588789237997766,0.0073083448409596696
2009-03-16,4.66240526415089,1.3917471634502643,-0.22056355861361449,3.5809771902728555,2.7189511793583745,0.8620260109144811,2.6028951227057173,-0.2779636984040867,17.285359521197325,0.0073045077595718134
2009-03-17,4.743741558013085,1.4184933396544652,,3.575982128376733,2.712252536510052,0.8637295918666812,2.6491303619572966,,17.65868904743914,0.007333967620163776
2009-03-18,4.322751753465546,1.273038572392924,,3.571041422242355,2.705627360554974,0.8654140616873809,2.4798108588534022,,15.878752720526096,0.007442387478106131
2009-03-19,4.4499512878788074,1.31556211520899,,3.566160410139525,2.699082771311826,0.8670776388276988,2.54513229801344,,16.447720205493127,0.007567703339549861
2009-03-20,4.504340706918601,1.3331529468320937,,3.561345575214414,2.692627415096197,0.8687181601182172,2.578921414618269,,16.70411746736508,0.007558898605047817
2009-03-23,4.426763012467401,1.3055325086093563,-0.2702617224521807,3.5566050035922516,2.686272075524138,0.8703329280681138,2.555786972984815,-0.33891966229398857,16.394354881014916,0.007519109867348674
2009-03-24,4.2089721029028,1.2298785264525767,,3.5519491334653517,2.680030672296177,0.8719184611691748,2.472145548863071,,15.483015017659554,0.007453887007752542
2009-03-25,4.167703346627295,1.2147926942987157,,3.5473920774185097,2.6739220242978132,0.8734700531206965,2.463674081359046,,15.327431057109623,0.0075176541729891164
2009-03-26,4.106131521565656,1.192801775829225,,3.542954219601282,2.6679733124958713,0.8749809071054107,2.445922398497847,,15.0839159302962,0.007424456647503301
2009-03-27,3.508336917084322,0.9870345517391493,,3.538668211610949,2.6622280744490885,0.8764401371618606,2.1976274232670323,,15.833157238668509,0.007407025774802116
2009-03-30,4.1088963442755215,1.1922332193562704,-0.3393597746513532,3.534597384287956,2.656770753368675,0.877826630919281,2.461879226897613,-0.42432700644752147,15.13254914062058,0.007415011052747861
2009-03-31,3.3667857279545284,0.9373023234648137,,3.530978636207484,2.651917216107054,0.8790614201004301,2.148545120438071,,16.03372095668983,0.007383364607312271
2009-04-01,3.5625324755967878,1.0046480653849934,,3.5288852771115735,2.649098544400661,0.8797867327109126,2.2299086261319028,,15.191899182687582,0.007403832902796477
2009-04-02,4.296217041601101,1.2564278081369706,,3.526789862483752,2.6462781476360915,0.8805117148476604,2.5418129078073046,,15.95534760171213,0.007578599695274954
2009-04-03,4.133378633680791,1.2008264195233038,,3.5246924054203532,2.643456045345168,0.8812363600751851,2.4694890697492977,,15.260330244041295,0.00757220312281343
2009-04-06,4.35922862276634,1.2784877947623037,-0.28100813682513104,3.5225929190304774,2.640632257071524,0.8819606619589533,2.5637420005244036,-0.3512601710314137,16.231097434528795,0.007544474249803053
2009-04-07,3.7428961772912603,1.067399073957525,,3.520491416435908,2.637806802370469,0.8826846140654387,2.2970556448173753,,14.407511575530938,0.00761563517787277
2009-04-08,3.4340434626265943,0.9617301390467881,,3.518387910771029,2.634979700808852,0.8834082099621772,2.162142374617337,,15.728373261915152,0.007633982386481223
2009-04-09,3.7525312485164686,1.071147536351559,,3.5162824151827436,2.6321509719649274,0.8841314432178162,2.2960853924043763,,14.360655795605513,0.007735450073990376
2009-04-10,3.8717543064293736,1.112243755668869,,3.514174942830394,2.629320635428219,0.8848543074021751,2.344625330014305,,14.153046945860861,0.0077488609439818204
2009-04-13,3.8630538719856995,1.1094786459608013,-0.39368090269279926,3.5120655068856736,2.626488710799384,0.8855767960862897,2.3383370182503858,-0.492101128365999,14.118483074510015,0.007733488455636961
2009-04-14,4.231565851071843,1.2360416574508042,,3.509954120532551,2.6236552176900774,0.8862989028424737,2.4937072895035826,,15.700520718135053,0.007612232742702056
2009-04-15,3.7077082996864212,1.0566475489995866,,3.5078407969671845,2.620820175722816,0.8870206212443685,2.2666296119722995,,14.541905637505169,0.0075039452268565515
2009-04-16,3.956745690431242,1.142244136616351,,3.5057255493978388,2.6179836045308438,0.887741944866995,2.3707887753012824,,14.528051707704387,0.007382834358298932
2009-04-17,3.486900220954232,0.9813647420678474,,3.503608391044805,2.615145523757994,0.8884628672868109,2.166851451342803,,15.48294072415191,0.007409935069856509
2009-04-20,3.989922298702719,1.1540380733652575,-0.363974617756495,3.501489335140315,2.6123059530585544,0.8891833820817605,2.3798535447651266,-0.4549682721956187,14.67547591706572,0.007321472225467467
2009-04-21,3.832796211259364,1.1003730260222766,,3.499368394928461,2.60946491209713,0.8899034828313312,2.3099311946249754,,14.004662825278455,0.007406526920466376
2009-04-22,3.568675965698375,1.010022399405858,,3.4972455836651144,2.6066224205485087,0.8906231631166057,2.194150419805831,,15.124720007426776,0.007410395760271278
2009-04-23,3.7479782296768773,1.0717004765390177,,3.495120914617837,2.6037784980975243,0.8913424165203128,2.2684040937712964,,14.35374404326228,0.007395976710243364
2009-04-24,3.765470333193698,1.0778989104181735,,3.492994401065804,2.600933164438919,0.8920612366268852,2.2733068024616356,,14.276263619772832,0.007341854510914964
2009-04-27,3.7347963616162425,1.0675813844795485,-0.4216124103469677,3.4908660562997182,2.598086439277207,0.8927796170225113,2.2575631698766427,-0.5270155129337096,14.405232694005644,0.00738493266112696
2009-04-28,4.448744387059805,1.3125609490721222,,3.4887358936217274,2.595238342326541,0.8934975512951864,2.560939528666694,,16.657011863401525,0.007333488453636318
2009-04-29,3.7937486383282666,1.0881864797230545,,3.4866039263453414,2.592388893310573,0.8942150330347682,2.2776219929643915,,14.14766900346182,0.00727055707529977
2009-04-30,3.74227638736698,1.0707324667787195,,3.4844701677953487,2.589538111962318,0.8949320558330305,2.2529536954357177,,14.365844165266006,0.00735057149397167
2009-05-01,3.092972985835372,0.8483058850867831,,3.482334631307733,2.5866860180240177,0.8956486132837154,1.9720683743824967,,17.146176436415214,0.007375912732674701
2009-05-04,3.51355455942508,0.9926951177624628,-0.4715365881583582,3.4801973302295908,2.583832631247003,0.896364698982588,2.1497015284500813,-0.5894207351979477,15.341311027969216,0.007362174151051805
2009-05-05,3.733903270416897,1.0684311890652378,,3.4780582779190468,2.580977971391559,0.8970803065274877,2.2415169577231064,,14.394610136684529,0.007406649567625126
2009-05-06,3.5853879015221874,1.017697678858803,,3.475917487745171,2.5781220582267874,0.8977954295183834,2.175244156800291,,15.028779014264964,0.007409097031586755
2009-05-07,4.308496905949373,1.2658049112053358,,3.473774973087895,2.5752649115304687,0.8985100615574262,2.4825210505371382,,16.072561390066696,0.00743654003897329
2009-05-08,3.7666394857824486,1.080207466952454,,3.471630747337928,2.572406551088925,0.8992241962490031,2.2476658847794924,,14.247406663094328,0.007383915555798943
2009-05-11,4.274797210020365,1.2546133099181904,-0.2969244600545398,3.469484823896675,2.5695469966968862,0.8999378271997887,2.4628136340946245,-0.37115557506817476,15.932666373977378,0.0075246752120200384
2009-05-12,3.8449179247291565,1.1074045560860442,,3.4673372161761495,2.566686268157348,0.9006509480188014,2.2759419632649034,,14.092556951075553,0.00748739596460176
2009-05-13,3.835836197774837,1.1044673403705894,,3.465187937598893,2.5638243852814395,0.9013635523174535,2.2694085607446763,,14.055841754632365,0.007594886681135328
2009-05-14,3.791218430322957,1.0893444262745,,3.4630370015978897,2.560961367888281,0.9020756337096087,2.247641900731406,,14.133194671568752,0.007583883443515438
2009-05-15,3.823122194397721,1.1004555501945752,,3.4608844216164827,2.5580972358048535,0.9027871858116292,2.2586666735480727,,14.005694377432189,0.007641082412261242
2009-05-18,4.422873671469259,1.3062554003659832,-0.26249639975601124,3.45873021110829,2.555232008865854,0.903498202242436,2.513051259323333,-0.32812049969501406,16.57819250457479,0.0076936651436475545
2009-05-19,3.008939182242325,0.8216467127898539,,3.45657438353712,2.552365706913563,0.9042086766235573,1.9044240979008802,,17.479416090126826,0.007775431441767616
2009-05-20,3.1197750516722573,0.8598145106673587,,3.4544169523768886,2.5494983497977057,0.9049186025791829,1.9492664881319042,,17.00231861665802,0.007718756948696616
2009-05-21,3.629725013596073,1.0348195002732665,,3.4522579311115327,2.5466299573753135,0.9056279737362192,2.1651543327168965,,14.814756246584171,0.007795791623735049
2009-05-22,3.8244439291223427,1.1017433458325083,,3.450097333234928,2.54376054951059,0.9063367837243379,2.2459397318012257,,14.021791822906353,0.007928406037414317
2009-05-25,4.06042571586464,1.1828125309716815,-0.344791646018879,3.4479351722508054,2.5408901460747684,0.907045026176037,2.3444058097893703,-0.43098955752359874,15.035156637146018,0.00791194604192616
2009-05-26,3.984005320987157,1.1567704637632972,,3.445771461672663,2.538018766945978,0.907752694726685,2.3089818466500995,,14.709630797041212,0.007916396612493779
2009-05-27,3.6834800112462136,1.0538904904543316,,3.443606215023685,2.535146432009103,0.9084597830145822,2.1775095450770174,,14.576368869320856,0.007881160064505536
2009-05-28,4.174178303848274,1.2222852431890117,,3.4414394458366564,2.5322731611556493,0.9091662846810071,2.3851297151419137,,15.528565539862644,0.007858589858833975
2009-05-29,4.177633990860932,1.2236234483783277,,3.439271167653877,2.5293989742836027,0.9098721933702745,2.3839282847565126,,15.545293104729097,0.007982566595531435
2009-06-01,3.8810440939494226,1.1220869397525879,-0.3852753734982748,3.4371013940270787,2.526523891297293,0.9105775027297858,2.254132565988028,-0.48159421687284343,14.276086746907348,0.007912722265702474
2009-06-02,4.153117927859454,1.215518908698421,,3.43493013851734,2.523647932107255,0.911282206410085,2.368046567980281,,15.443986358730262,0.007847875106887227
2009-06-03,3.911183221863591,1.1327174316118556,,3.4327574146949997,2.520771116630093,0.9119862980649067,2.2616679061449125,,14.408967895148193,0.007964474113875231
2009-06-04,3.618813606517046,1.0326220367860541,,3.430583236139576,2.51789346478834,0.9126897713512356,2.133671010770908,,14.842224540174325,0.008011370558648668
2009-06-05,4.059149536107931,1.1837380206800006,,3.428407616439676,2.515014996510322,0.913392619929354,2.319687522360323,,15.046725258500008,0.008167763979011441
2009-06-08,3.8532149084640688,1.1132735747094413,-0.3911509501937058,3.426230569192917,2.5121357317300173,0.9140948374628999,2.228727700116819,-0.4889386877421322,14.165919683868017,0.008136753250667903
2009-06-09,3.814561637680228,1.1001607816105385,,3.4240521080058377,2.5092556903869214,0.9147964176189163,2.2094566674000946,,14.00200977013173,0.008148042929998009
2009-06-10,4.329224526018096,1.276754428662749,,3.421872246493812,2.506374892425908,0.9154973540679041,2.4273179282543444,,16.20943035828436,0.00810176285674452
2009-06-11,2.9554893298247515,0.8058953445751897,,3.4196909982809682,2.50349335779709,0.9161976404838783,1.8358625385160772,,17.67630819281013,0.008114246834617698
2009-06-12,3.316714634807373,0.9298778995808518,,3.4175083770001002,2.500611106455681,0.9168972705444194,1.9879584809317457,,16.126526255239355,0.007987713230538186
2009-06-15,3.397044690945368,0.9575515488350756,-0.49496563410994965,3.4153243962925846,2.4977281583618587,0.9175962379307259,2.0196675944057034,-0.618707042637437,15.780605639561555,0.008039115831091091
2009-06-16,3.6849990912958486,1.0564087222917433,,3.413139069808292,2.4948445334806273,0.9182945363276649,2.1403554363453066,,14.544890971353208,0.008064569832925556
2009-06-17,3.7226541738575403,1.0694470196280765,,3.410952411205508,2.4919602517816766,0.9189921594238313,2.1537690263167724,,14.381912254649045,0.008062408882603378
2009-06-18,3.2838355149699496,0.9191209222672344,,3.40876443415084,2.489075333239244,0.919689100911596,1.962976486073287,,16.260988471659573,0.008036141875236583
2009-06-19,3.4662323873177345,0.981781036122701,,3.406575152319138,2.4861897978319782,0.9203853544871596,2.0384160929853543,,15.47773704846624,0.007973681579887213
2009-06-22,3.509387071952387,0.9966989985771717,-0.46886733428188565,3.404384579393407,2.483303665542801,0.9210809138506058,2.0541774137642657,-0.5860841678523571,15.291262517785356,0.008028082697993898
2009-06-23,4.670429811611261,1.3948908910491071,,3.4021927290647196,2.4804169563587664,0.9217757727059532,2.5490305701701503,,17.686136138113838,0.007945898806843299
2009-06-24,4.440596545366865,1.3162090337296577,,3.399999615032134,2.4775296902709227,0.9224699247612111,2.447790982432995,,16.70261292162072,0.007984586417624707
2009-06-25,3.665535821154382,1.050590069877842,,3.3978052510026053,2.474641887274177,0.9231633637284284,2.11287947462148,,14.617624126526973,0.008137093464169015
2009-06-26,3.682060993854291,1.0563700051631841,,3.395609650690902,2.4717535673671516,0.9238560833237504,2.117216073821132,,14.545374935460199,0.00824867631959702
2009-06-29,3.4067665539180583,0.9620955203374049,-0.4919363197750636,3.3934128278195184,2.468864750552053,0.9245480772674655,1.996484150973809,-0.6149203997188294,15.723805995782442,0.008139726580899715
2009-06-30,3.140820899972158,0.8710243504129681,,3.3912147961185903,2.4659754568345247,0.9252393392840657,1.879755894850735,,16.862195619837898,0.00810252666783124
2009-07-01,3.767442859974362,1.0859743776309772,,3.3890155693258093,2.4630857062235143,0.925929863102295,2.1455536782622358,,14.175320279612786,0.008135351954812249
2009-07-02,3.458792905316505,0.980257762010717,,3.3868151611863353,2.460195518731134,0.9266196424552011,2.0105177212445304,,15.496777974866038,0.008132240474422715
2009-07-03,3.7780393858062205,1.089817936200559,,3.384613585452712,2.4573049143725214,0.9273086710801905,2.14457733462322,,14.127275797493015,0.008032467896022041
2009-07-06,3.2473667998575997,0.9079752981147828,-0.5280164679234782,3.3824108558847805,2.4544139131657,0.9279969427190804,1.9143830358091787,-0.6600205849043478,16.400308773565214,0.008062386937782147
2009-07-07,3.5404553688596083,1.008563065002769,,3.380206986249594,2.4515225351314434,0.9286844511181505,2.037226366384905,,15.142961687465387,0.008063675796765491
2009-07-08,3.858879306305761,1.1178352514363399,,3.378001990321329,2.4486308002931314,0.9293711900281978,2.170924864588556,,14.222940642954246,0.00820585919777035
2009-07-09,3.9347523915316436,1.1439451517340726,,3.3757958818812046,2.4457387286766195,0.9300571532045852,2.2006701683442103,,14.549314396675905,0.008189225911523833
2009-07-10,3.952419247054092,1.1500966350490418,,3.3735886747173907,2.4428463403100915,0.9307423344072991,2.205467134121394,,14.626207938113021,0.00827783455954829
2009-07-13,3.3438637701237814,0.9415413219011556,-0.5056391187325631,3.3713803826249245,2.4399536552239267,0.9314267274009977,1.9418803076003712,-0.6320488984157038,15.980733476235557,0.008186018286481335
2009-07-14,4.104911601089243,1.2025622876162676,,3.3691710194056252,2.437060693450558,0.9321103259550672,2.2652635529708927,,15.282028595203343,0.00811265775906722
2009-07-15,3.5254400144681433,1.003974596407778,,3.366960598868005,2.434167475024336,0.9327931238436693,2.0141357205340586,,15.200317544902775,0.008167562248058239
2009-07-16,4.0267627267112625,1.1759429497528768,,3.3647491348271856,2.4312740199813874,0.9334751148457983,2.2262027071724835,,14.94928687191096,0.00824967712257395
2009-07-17,3.801293107407827,1.098723358805817,,3.3625366411048097,2.4283803483594784,0.9341562927453313,2.1267845468667494,,14.015958014927289,0.008180943844637184
2009-07-20,3.3230410501142478,0.9348335001106464,-0.5101109999262359,3.3603231315289563,2.4254864801978737,0.9348366513310826,1.9190283553361818,-0.6376387499077948,16.06458124861692,0.008184762754858674
2009-07-21,3.6938733552471357,1.0620562754502576,,3.358108619934052,2.4225924355372004,0.9355161843968518,2.0751627798500225,,14.474296556871781,0.0080856429403636
2009-07-22,3.9321915885869316,1.1438436490476522,,3.3558931201607884,2.4196982344193083,0.9361948857414801,2.174502795728874,,14.54804561309565,0.008074484548338437
2009-07-23,4.018629742376638,1.173555845656952,,3.353676646056031,2.416803896887129,0.9368727491689022,2.2087487039583187,,14.919448070711898,0.008137567798548302
2009-07-24,3.7545295320729792,1.0830814523066699,,3.351459211472736,2.4139094429845396,0.9375497684881964,2.0927612583678767,,14.211481846166627,0.008107801227007261
2009-07-27,4.339787204682565,1.2838134668721264,-0.2774576887519158,3.3492408302698626,2.411014892756223,0.9382259375136397,2.340781726346381,-0.3468221109398947,16.29766833590158,0.008091672126632417
2009-07-28,4.156088522553743,1.220901292518387,,3.3470215163122856,2.40812026624753,0.9389012500647556,2.259246881895514,,15.511266156479838,0.008011814315117253
2009-07-29,3.713431837677544,1.0692015060320297,,3.3448012834707104,2.405225583504339,0.9395756999663716,2.066727466044376,,14.384981174599629,0.007967191254652495
2009-07-30,4.065610307290559,1.1900146174564334,,3.342580145621585,2.402330864572917,0.940249281048668,2.214849136393459,,15.125182718205417,0.008096282568824067
2009-07-31,4.47970815925641,1.3320552182225824,,3.340358116647013,2.3994361294997826,0.9409219871472305,2.389505152278011,,16.90069022778228,0.008103623750475193
2009-08-03,4.488868690654993,1.3352581520939633,-0.24316123193735786,3.3381352104346695,2.396541398331567,0.9415938121031027,2.3906140884490212,-0.3039515399216973,16.94072690117454,0.008032859513261584
2009-08-04,3.3727236402587404,0.9526400143013004,,3.3359114408777097,2.3936466911148724,0.9422647497628374,1.909446708991498,,15.841999821233745,0.008012137831497393
2009-08-05,3.4780674076284686,0.988816026661142,,3.333686821874687,2.3907520278961365,0.9429347939785506,1.951772061222564,,15.389799666735726,0.007899747304565887
2009-08-06,4.321911852207254,1.278190254408062,,3.3314613673294633,2.3878574287214915,0.9436039386079718,2.3105952467315696,,16.227378180100775,0.007829928159810234
2009-08-07,3.4316340741261318,0.9730062738994836,,3.3292350911511215,2.3849629136366266,0.9442721775144949,1.9262207560109812,,15.587421576256457,0.007928361490094855
2009-08-10,3.338991097422913,0.9412950640049986,-0.5058032906633343,3.327008007253881,2.3820685026866495,0.9449395045672313,1.8836873326928978,-0.6322541133291679,15.983811699937519,0.007920180934260147
2009-08-11,3.6315664898205733,1.0416567043161145,,3.324780129557008,2.3791742159159446,0.9456059136410633,2.006245096311088,,14.729291196048571,0.008058122769529025
2009-08-12,3.948673616866754,1.1504272051369504,,3.3225514719847316,2.376280073368038,0.9462713986166937,2.139314079789226,,14.630340064211879,0.008053223868662324
2009-08-13,3.765621147790818,1.0877123952066685,,3.3203220484661546,2.373386095085456,0.9469359533806987,2.058026589093792,,14.153595059916645,0.00805262949611017
2009-08-14,3.573634350071733,1.021932365551329,,3.318091872935166,2.370492301109589,0.947599571825577,1.9729077580487502,,14.975845430608388,0.008101236715905734
2009-08-17,3.5652347751731135,1.019094504593059,-0.45393699693796075,3.315860959330356,2.367598711480549,0.9482622478498071,1.9664668422218727,-0.5674212461724509,15.011318692586764,0.007910677607376158
2009-08-18,3.5517745830610976,1.014519552270475,,3.3136293215949273,2.364705346237034,0.9489239753578933,1.957854786575128,,15.068505596619064,0.007927263520196308
2009-08-19,3.4931535053941936,0.994458844560927,,3.3113969736766085,2.361812225416188,0.9495847482604205,1.9298857811173469,,15.319264442988414,0.007925750521282263
2009-08-20,4.599448604918425,1.3737959452731274,,3.3091639295275668,2.3589193690534622,0.9502445604741045,2.4011643006448717,,17.422449315914093,0.00803447267328328
2009-08-21,3.9049070994113926,1.1357013285422666,,3.3069302031043213,2.3560267971824764,0.9509034059218449,2.10065345786031,,14.446266606778332,0.008106558965771376
2009-08-24,4.111050925803038,1.2064110865285687,-0.32905927564762094,3.3046958083676543,2.3531345298348803,0.9515612785327741,2.1861483879955914,-0.4113240945595261,15.330138581607107,0.008026272775104856
2009-08-25,3.6294210822002344,1.0413107038257292,,3.3024607592825257,2.350242587040214,0.9522181722423118,1.9768809668223755,,14.733616202178386,0.008118533263365093
2009-08-26,3.7354322066106445,1.0776851987376743,,3.3002250698179854,2.3473509888257706,0.9528740809922147,2.0194574872478634,,14.278935015779073,0.00810141448764353
2009-08-27,3.550697907233946,1.0143735222355574,,3.297988753947084,2.344459755216458,0.9535289987306261,1.9374266580109047,,15.070330972055533,0.00803774519520389
2009-08-28,2.8722745511966217,0.7817949998096958,,3.2957518256467906,2.341568906234657,0.9541829194121334,1.6438126559967772,,17.977562502378802,0.008054029496449639
2009-08-31,3.318005800868949,0.9346388867782561,-0.5102407421478293,3.293514298897898,2.3386784619000864,0.9548358369978116,1.8319770703729068,-0.6378009276847867,16.0670139152718,0.008041354993790604
2009-09-01,3.166535001700686,0.8827257584023527,,3.2912761876849417,2.3357884422296618,0.9554877454552799,1.7641956402326027,,16.71592801997059,0.008155510130045243
2009-09-02,3.0127756227703557,0.8300259466458072,,3.28903750599611,2.332898867237359,0.9561386387587509,1.695431300544618,,17.37467566692741,0.008182595402340648
2009-09-03,3.381778623603382,0.9565569230842278,,3.2867982678231553,2.3300097569340728,0.9567885108890826,1.8507059107893575,,15.793038461447154,0.00819980453612089
2009-09-04,4.263848986816039,1.2589946815257957,,3.284558487161309,2.327121131327481,0.9574373558338283,2.2258644832347256,,15.987433519072447,0.00826860771085638
2009-09-07,3.784527990219393,1.0946676598754776,-0.40355489341634837,3.2823181780091937,2.324233010421904,0.9580851675872895,2.017567585266251,-0.5044436167704355,14.066654251556532,0.00835242557945156
2009-09-08,4.251750031571217,1.254867651478541,,3.280077354368733,2.3213454142181686,0.9587319401505643,2.214929978566345,,15.93584564348176,0.00841364195756001
2009-09-09,3.943874598889666,1.1493179092281052,,3.277836030245069,2.3184583627134665,0.9593776675316024,2.080105749248598,,14.616473865351313,0.008523947902356385
2009-09-10,4.073910184888592,1.1939070590858192,,3.275594219646469,2.3155718759012176,0.9600223437452513,2.1329556997584915,,15.173838238572738,0.008572914393534165
2009-09-11,3.4846904633821647,0.9918923605634511,,3.2733519365842425,2.312685973770931,0.9606659628133114,1.877551424475245,,15.351345492956863,0.008588006245388642
2009-09-14,3.9833829786438875,1.1628741145031205,-0.35808392366458636,3.271109195072651,2.309800676308067,0.961308518764584,2.088393319436968,-0.44760490458073293,14.785926431289006,0.008686491829881135
2009-09-15,4.055051776690489,1.1874457080889216,,3.2688660091288217,2.3069160034938982,0.9619500056349235,2.1162231386050503,,15.093071351111519,0.008681558736926918
2009-09-16,3.598182809696611,1.030802324931957,,3.2666223927726596,2.3040319753053726,0.962590417467287,1.9175348814703188,,14.86497093835054,0.008686328120468448
2009-09-17,3.9958619759219745,1.16714484447394,,3.2643783600267593,2.3011486117149724,0.9632297483117869,2.0850796673073977,,14.83931055592425,0.008824169594397222
2009-09-18,3.9982079627499285,1.16794253102898,,3.262133924916319,2.2982659326905774,0.9638679922257416,2.0831940964768023,,14.84928163786225,0.008956162282890723
2009-09-21,3.60772414742314,1.0340536854643902,-0.4439642096904067,3.2598891014690494,2.295383958195328,0.9645051432737213,1.9129510650258157,-0.5549552621130083,14.824328931695124,0.008957742448159544
2009-09-22,3.407129847246743,0.9652677881274807,,3.257643903715091,2.2925027081874854,0.9651411955276057,1.8240874433468361,,15.684152648406492,0.008923482383416904
2009-09-23,3.3856910317910716,0.9579046001722074,,3.255398345686922,2.2896222026202917,0.9657761430666305,1.8120029528355508,,15.776192497847408,0.009044029657309754
2009-09-24,3.8304559521832617,1.1103806650305754,,3.2531524414192727,2.286742461441835,0.9664099799774379,1.999718292730054,,14.129758312882192,0.009111693593299726
2009-09-25,3.9146814456466514,1.1392411842547179,,3.250906204949038,2.2838635045949105,0.9670427003541273,2.0329149849133077,,14.490514803183972,0.009139894384968733
2009-09-28,3.522898843749579,1.0048969003450503,-0.4634020664366332,3.2486596503151874,2.280985352016881,0.9676742982983066,1.8621064774481937,-0.5792525830457914,15.188788745686871,0.009115734403457774
2009-09-29,3.8096485596812353,1.1031902409591319,,3.2464127915586816,2.278108023639539,0.9683047679191428,1.9820958248384535,,14.039878011989147,0.00914527401682045
2009-09-30,4.000098370741123,1.1684644443366183,,3.244165642722379,2.2752315393889693,0.9689341033334098,2.060812094809742,,14.855805554207729,0.009145773580641184
2009-10-01,4.0168497871824105,1.1741828857598362,,3.241918217850953,2.2723559191854124,0.9695622986655406,2.0650845263852076,,14.927286071997951,0.009093526849697569
2009-10-02,4.343719618056289,1.2862256144146986,,3.239670530990802,2.269481182943124,0.9701893480476778,2.2022632009614975,,16.327820180183732,0.009106370341725806
2009-10-05,4.247589315091736,1.2532376998637653,-0.29784153342415653,3.2374225961899614,2.266607350570238,0.9708152456197232,2.158154475399945,-0.37230191678019564,15.915471248297065,0.009130432114563953
2009-10-06,3.45028437776255,0.9798450280692148,,3.2351744274980168,2.26373444196863,0.9714399855293867,1.8135407270551485,,15.501937149134816,0.009101911687154974
2009-10-07,4.390087814229866,1.3020303451445627,,3.232926038966015,2.260862477033776,0.9720635619322389,2.213400408464479,,16.525379314307035,0.009178546861690135
2009-10-08,3.6150930307965874,1.0362828194533142,,3.230677444646376,2.2579914756546198,0.9726859689917564,1.8783449999712625,,14.796464756833572,0.009287954909695447
2009-10-09,4.1667483615736405,1.2253847374945315,,3.228428658592809,2.2551214577134298,0.973307200879379,2.111852379581594,,15.567309218681642,0.00937172773139634
2009-10-12,3.824952167881285,1.1081583951261307,-0.3945610699159129,3.2261796948602175,2.252252443085666,0.9739272517745516,1.962450436993329,-0.49320133739489114,14.101979939076633,0.009350793756829009
2009-10-13,3.6570244378916215,1.050542074585164,,3.223930567504618,2.249384451639838,0.9745461158647801,1.8875620448712929,,14.618224067685452,0.009416972318633532
2009-10-14,3.168708589284587,0.8830763768270081,,3.22168129058305,2.2465175032373725,0.9751637873456773,1.6753629742711325,,16.7115452896624,0.009425938270168192
2009-10-15,3.741486577889942,1.0794122587740382,,3.2194318781534865,2.243651617732471,0.9757802604210157,1.9179169412000185,,14.257346765324522,0.009324017199160031
2009-10-16,3.2558875848264264,0.912874011763327,,3.217182344274748,2.2407868149719734,0.9763955293027746,1.706879329676132,,16.33907485295841,0.009382986759490404
2009-10-19,4.1403699028690415,1.2160759083011328,-0.32261606113257824,3.214932703006413,2.237923114795224,0.9770095882111893,2.0830180001716396,-0.40327007641572277,15.450948853764158,0.009397684366685385
2009-10-20,4.3328419437643575,1.28201511885671,,3.2126829684087337,2.2350605370339287,0.977622431374805,2.162579435604816,,16.275188985708873,0.00962202986384794
2009-10-21,3.523200899044981,1.0043706812843973,,3.2104331545425424,2.232199101512023,0.9782340530305196,1.8126624531175193,,15.195366483945035,0.009751495762157898
2009-10-22,3.9079706225090973,1.1362364891023127,,3.2081832754691697,2.22933882804553,0.9788444474236395,1.9746344394234208,,14.452956113778907,0.009816562755146653
2009-10-23,3.5485608306650303,1.012953017359043,,3.205933345250352,2.226479736442427,0.9794536088079249,1.8176710081412306,,15.088087283011962,0.009841061395769091
2009-10-26,3.5826510895019315,1.0245818323835854,-0.4502787784109432,3.203683377948145,2.223621846502505,0.98006153144564,1.8293491369819865,-0.5628484730136789,14.942727095205184,0.009858037092600079
2009-10-27,4.073872651468773,1.1929393644638446,,3.201433387624838,2.2207651780172353,0.9806682096076029,2.036939383597041,,15.161742055798058,0.009771831072291487
2009-10-28,3.7894957492765062,1.0953754085787906,,3.1991833883428638,2.2179097507696284,0.9812736375732354,1.9121290114931164,,14.057807392765119,0.009622489175781457
2009-10-29,4.412051464411789,1.3087577650317215,,3.1969333941647093,2.2150555845341002,0.9818778096306091,2.176002790823752,,16.60947206289652,0.009549606498585161
2009-10-30,3.6345896611943997,1.0421321025556496,,3.1946834191528315,2.212202699076333,0.9824807200764987,1.8398678272708946,,14.723348718054382,0.009547892945244362
2009-11-02,4.153340991396222,1.2199203598969388,-0.3200530934020409,3.1924334773695664,2.2093511141531406,0.9830823632164258,2.059251564024314,-0.4000663667525511,15.499004498711734,0.009371007763857814
2009-11-03,3.8378760801485385,1.111689609554934,,3.1901835828770433,2.206500849512329,0.9836827333647142,1.9211128614559962,,14.146120119436674,0.00932754402959797
2009-11-04,4.082517660821842,1.1954933611693082,,3.187933749737095,2.2036519248925623,0.9842818248445329,2.0230186263541974,,15.19366701461635,0.009309107566830859
2009-11-05,3.6477100071935458,1.0463410811204066,,3.1856839920111715,2.2008043600232234,0.984879631987948,1.8337307114237313,,14.67073648599492,0.009293399251231666
2009-11-06,3.787095278761346,1.09405293949381,,3.1834343237602516,2.1979581746242784,0.9854761491359731,1.890524348991541,,14.074338256327374,0.009240526622864688
2009-11-09,3.764247800254323,1.086140134484128,-0.4092399103439148,3.1811847590447546,2.1951133884061433,0.9860713706386113,1.877788556511303,-0.5115498879298934,14.173248318948403,0.009214471649115534
2009-11-10,3.5122898019515674,0.9996731462185057,,3.1789353119244517,2.192270021069541,0.9866652908549107,1.7668614538426728,,15.25408567226868,0.009360889312259793
2009-11-11,4.036881557912347,1.1794497841498104,,3.176685996458381,2.1894280923053695,0.9872579041530116,1.9887403224926323,,14.99312230187263,0.009419194783754643
2009-11-12,4.032989242346745,1.1780298806694038,,3.1744368267047567,2.1865876217945646,0.9878492049101921,1.984124972631319,,14.975373508367547,0.009374159350079132
2009-11-13,4.013401140436838,1.171226563388668,,3.172187816720882,2.183748629207964,0.9884391875129181,1.972781833443799,,14.89033204235835,0.009370737187188028
2009-11-16,4.343855716385819,1.2844358784701175,-0.27704274768658843,3.1699389805630624,2.1809111342061693,0.9890278463568931,2.111455982293816,-0.34630343460823554,16.305448480876468,0.009370692020148076
2009-11-17,4.313454987854184,1.2739213761483565,,3.1676903322865164,2.178075156439412,0.9896151758471046,2.0954768766248573,,16.174017201854454,0.009308475688663395
2009-11-18,3.67522606154986,1.055006637218104,,3.165441885945288,2.1752407155474147,0.9902011703978735,1.8189990120700443,,14.562417034773704,0.009246574674931696
2009-11-19,3.9373032316638272,1.1447662782121015,,3.1631936555921607,2.1724078311592603,0.9907858244329004,1.928365678924387,,14.559578477651268,0.009333386274085977
2009-11-20,3.588758713709893,1.0251679172890147,,3.160945655278566,2.169576522893249,0.9913691323853171,1.7760364195045169,,14.935401033887318,0.009300515551955553
2009-11-23,3.815483163650666,1.1028026379337468,-0.3981315747108356,3.1586978990544985,2.1667468103567673,0.9919510886977312,1.8702501077739506,-0.49766446838854445,14.035032974171834,0.009211636915025339
2009-11-24,3.597692152913489,1.0280300661057362,,3.1564504009684273,2.1639187131461517,0.9925316878222756,1.773956295778322,,14.899624173678298,0.0092103633736244
2009-11-25,4.3749305300578225,1.2944084370963262,,3.1542031750672086,2.161092250846551,0.9931109242206575,2.104102797216959,,16.430105463704077,0.009222456110470595
2009-11-26,3.935507536436462,1.1436437780411557,,3.1519562353959967,2.1582674430317934,0.9936887923642033,1.9128221655832378,,14.545547225514444,0.009062427802219063
2009-11-27,3.732216046591913,1.0738365046274694,,3.1497095959981567,2.155444309264248,0.9942652867339086,1.8227399400485849,,14.327043692156634,0.00906137012256224
2009-11-30,4.226611590215023,1.2432342286227653,-0.3045105142514899,3.147463270915178,2.152622869094692,0.9948404018204862,2.0316656548731484,-0.3806381428143623,15.790427857784564,0.009134716507495193
2009-12-01,3.049454331581829,0.8395261508245507,,3.1452172741865856,2.149803142062172,0.9954141321244134,1.5242108305928603,,17.25592311469312,0.009174181867003119
2009-12-02,3.10456423325812,0.8583076886161654,,3.1429716198498507,2.146985147693874,0.9959864721559768,1.5448697584640805,,17.021153892297935,0.009362490893561901
2009-12-03,4.088379863856646,1.195500638626373,,3.1407263219403068,2.1441689055049826,0.9965574164353241,1.9635447037879488,,15.193757982829661,0.009470875583031562
2009-12-04,3.831342256084299,1.1072562137740842,,3.1384813944910572,2.1413544349985485,0.9971269594925087,1.8504247022161537,,14.090702672176052,0.009597587528287651
2009-12-07,3.8981822356340796,1.1300535560312914,-0.37996429597913917,3.136236851532892,2.138541755665353,0.997695095867539,1.876108700704467,-0.47495536997392396,14.375669450391142,0.009844988472381147
2009-12-08,3.3466408871230637,0.9408324676017743,,3.133992707094197,2.1357308869837746,0.9982618201104225,1.6367714714859922,,15.989594154977823,0.009914872945677253
2009-12-09,3.8031069734416434,1.0972119546979562,,3.131748975200868,2.1329218484196515,0.9988271267812165,1.8294367917920966,,14.03485056627555,0.009931917681549822
2009-12-10,4.512832065733105,1.3404211292481611,,3.1295056698762216,2.1301146594261477,0.9993910104500738,2.130641070986349,,17.005264115602014,0.01002184531673607
2009-12-11,4.100444384373797,1.1989039543755036,,3.127262805140909,2.1273093394436184,0.9999534656972906,1.9509392824129979,,15.236299429693794,0.009974024007677868
2009-12-14,3.871748293612696,1.1203647854171375,-0.38642347638857505,3.1250203950128275,2.1245059078994775,1.00051448711335,1.8499618896708991,-0.4830293454857188,14.254559817714219,0.009986191522772645
2009-12-15,3.6590643540890007,1.0473135307874075,,3.1227784535070335,2.1217043842080594,1.0010740692989741,1.7558462976923188,,14.658580865157406,0.009930628233157261
2009-12-16,3.6750206730758785,1.0526512577756728,,3.1205369946356534,2.1189047877704854,1.001632206865168,1.7597188599900764,,14.59185927780409,0.009968754020076569
2009-12-17,3.0682955816671402,0.844496253295998,,3.118296032407798,2.1161071379745326,1.0021888944332655,1.49672745459453,,17.193796833800025,0.009912914693153056
2009-12-18,3.904088379095536,1.1309168505105394,,3.1160555808294745,2.1133114541944944,1.0027441266349801,1.8519575173326683,,14.386460631381741,0.009854281836709698
2009-12-21,4.110238419948654,1.2014579730178225,-0.3323613513214517,3.1138156539034973,2.1105177557910517,1.0032978981124456,1.9373402220633298,-0.41545168915181463,15.268224662722782,0.009893493556855912
2009-12-22,3.2632633730054583,0.9109256807395263,,3.1115762656294024,2.1077260621111353,1.003850203518267,1.571383163035543,,16.36342899075592,0.00988370974584046
2009-12-23,3.5836507299942513,1.0206299729231822,,3.1093374300033596,2.1049363924877924,1.0044010375155672,1.70572385864177,,14.992125338460223,0.00971615759743621
2009-12-24,3.4104562188963916,0.9611042441319895,,3.1070991610180845,2.1021487662400533,1.0049503947780312,1.62852907140504,,15.736196948350134,0.009592103607534857
2009-12-25,3.4781238067159403,0.9841578566229485,,3.1048614726627504,2.099363202672798,1.0054982699899524,1.6545605234514835,,15.448026792213145,0.009495944575704794
2009-12-28,3.8351488595224095,1.106417795218628,-0.395721469854248,3.1026243789229024,2.0965797210766226,1.0060446578462798,1.8046019650999077,-0.49465183731781,14.08022244023285,0.00942313724055698
2009-12-29,3.087328775225655,0.8498717414013832,,3.1003878937803697,2.093798340727703,1.0065895530526667,1.4811380174794317,,17.12660323248271,0.009460714261153766
2009-12-30,4.032309089836994,1.1737124526028477,,3.098152031213176,2.091019080887665,1.0071329503255106,1.8831596466412248,,14.921405657535596,0.009481744640382497
2009-12-31,4.081614278851279,1.190462608392042,,3.095916805195456,2.08824196080345,1.0076748443920058,1.9013202212935025,,15.130782604900524,0.009575481753435103
2010-01-01,3.7303353208809105,1.0698676894355705,,3.0936822296973645,2.085466999707181,1.0082152299901836,1.747801611501644,,14.376653882055368,0.009642988431819903
2010-01-04,2.9504351181266077,0.8023149788018551,-0.5984566807987634,3.091448318684991,2.0826942168160274,1.0087541018689636,1.4105879403183461,-0.7480708509984542,17.721062764976814,0.00973890015149967
2010-01-05,3.4704040882233684,0.9804297648797133,,3.089215086120273,2.079923631332077,1.0092914547881962,1.6304608374317184,,15.494627939003584,0.0097948208002968
2010-01-06,4.251139428822967,1.2479482320923236,,3.0869825459609057,2.077155262442197,1.0098272835187085,1.9620905525576016,,15.849352901154045,0.009815775830485941
2010-01-07,2.8478045250554804,0.7666406863125714,,3.0847507121602584,2.0743891293179084,1.01036158284235,1.3576899872086226,,18.16699142109286,0.009915855440651947
2010-01-08,3.6989537202444365,1.0582971905367777,,3.082519598667285,2.0716252511152455,1.0108943475520396,1.7194967392862177,,14.52128511829028,0.010000746605919483
2010-01-11,3.4080766458630043,0.958399906583929,-0.49440006227738076,3.0802892194264375,2.0688636469746284,1.011425572451809,1.5918635302045396,-0.618000077846726,15.770001167700888,0.010037164048832349
2010-01-12,4.103172133059735,1.1965484361901804,,3.0780595883775788,2.066104336020728,1.011955252356851,1.8867898812584534,,15.206855452377255,0.010155183410221797
2010-01-13,3.5857838514659615,1.0189863257427847,,3.075830719455896,2.0633473373623348,1.0124833820935613,1.6620802445408156,,15.012670928215192,0.009945519634418006
2010-01-14,3.9639644398031018,1.1484744824882736,,3.073602626591812,2.060592670092227,1.0130099564995851,1.8211857732025685,,14.605931031103417,0.009922034521834464
2010-01-15,4.02100406020562,1.1678552503002912,,3.0713753237109005,2.057840353287036,1.0135349704238643,1.8426594161624001,,14.84819062875364,0.009897239491389815
2010-01-18,4.466289913894486,1.3203471007676024,-0.25310193282159843,3.0691488247337975,2.055090406007117,1.0140584187266803,2.03052428196662,-0.316377416026998,16.75433875959503,0.010002949754040757
2010-01-19,3.753104714074817,1.0756469667589557,,3.0669231435761137,2.0523428472964156,1.0145802962796981,1.72190155574511,,14.304412915513055,0.010147958780297511
2010-01-20,3.956279008236569,1.1451253243547135,,3.064698294148349,2.049597696182335,1.0151005979660144,1.8060043516257265,,14.564066554433918,0.010018876519240676
2010-01-21,3.305428697990068,0.9217933425047078,,3.062474290355806,2.0468549716756055,1.0156193186802005,1.52409664980649,,16.227583218691155,0.010149469824756764
2010-01-22,4.242383044053234,1.2428496275952494,,3.0602511460985005,2.0441146927701546,1.016136453328346,1.922676727264216,,15.785620344940616,0.010045537071972827
2010-01-25,3.560105917700101,1.0087389382314362,-0.4608407078457092,3.0580288752710767,2.0413768784429704,1.0166519968281063,1.6273005512322658,-0.5760508848071365,15.140763272107048,0.00994537407746187
2010-01-26,3.6305713030551874,1.0327095003094706,,3.05580749176272,2.038641547653977,1.017165944108743,1.654528423040815,,14.841131246131619,0.009926907056878698
2010-01-27,3.819605298431144,1.097330264618095,,3.053587009457071,2.035908719345896,1.0176782901111752,1.7325715501185142,,14.033371692273816,0.009900993411031641
2010-01-28,3.2809447838473638,0.9124538785592181,,3.051367442232136,2.0331784124441206,1.0181890297880156,1.4987457606431431,,16.344326518009773,0.009765534910189335
2010-01-29,3.908591596557143,1.1274524034714726,,3.0491488039602035,2.030450645856582,1.0186981581036214,1.7647661501959226,,14.343155043393407,0.009825275940411488
2010-02-01,4.167708558900108,1.2160959527510014,-0.3226026981659992,3.0469311085077555,2.027725438473621,1.0192056700341343,1.8728453794123727,-0.40325337270749895,15.451199409387517,0.009888009532097933
2010-02-02,3.9322009652929593,1.135152058819675,,3.0447143697353805,2.025002809167853,1.0197115605675275,1.7689428826924467,,14.439400735245938,0.009984753096161753
2010-02-03,3.2741442214855407,0.9093322922985531,,3.042498601497689,2.0222827767940403,1.0202158247036488,1.4839481421672316,,16.383346346268088,0.009948364254457857
2010-02-04,3.787514827355914,1.085142884680441,,3.040283817643226,2.019565360188962,1.0207184574542643,1.7009939660395128,,14.18571394149449,0.009947307352266916
2010-02-05,4.091153368657798,1.189043468357539,,3.0380700320143825,2.0168505781712818,1.0212194538431008,1.8281549136182054,,15.113043354469236,0.009947070166682472
2010-02-08,3.1747478087867593,0.8746413480840911,-0.5502391012772727,3.0358572584473116,2.0141384495414183,1.0217188089058933,1.432440134646532,-0.6877988765965908,16.81698314894886,0.010101864504070603
2010-02-09,3.456481839429684,0.9710280783418744,,3.033645510771841,2.0114289930814144,1.0222165176904268,1.5502140910087574,,15.612149020726571,0.00984990497697305
2010-02-10,4.140051707251196,1.2051852324897825,,3.031434802811387,2.008722227554809,1.0227125752565782,1.840203768167037,,15.31481540612228,0.009767878605811957
2010-02-11,3.928411774468348,1.1324114521036746,,3.029225148382867,2.0060181717065033,1.0232069766763638,1.7465324868360963,,14.40514315129593,0.00977080811519178
2010-02-12,3.978690768914025,1.1494365898552106,,3.0270165612966133,2.0033168442626375,1.0236997170339759,1.7651125815816504,,14.61795737319013,0.00967823010772011
2010-02-15,4.485951647295673,1.3231393769147974,-0.2512404153901351,3.0248090553562883,2.0006182639304524,1.024190791425836,1.9795424850739491,-0.3140505192376688,16.789242211434967,0.009658169729182684
2010-02-16,3.9997550840638043,1.1562263334207443,,3.0226026443587974,1.997922449398168,1.0246801949606295,1.7682053661740984,,14.702829167759305,0.009649629119663859
2010-02-17,4.0666609503325635,1.1789465612519816,,3.0203973420942014,1.995229419334848,1.0251679227593533,1.793912620899825,,14.98683201564977,0.009595078458425353
2010-02-18,4.785804994991107,1.4252894632661992,,3.0181931623456326,1.9925391923902755,1.025653969955357,2.0991510214730242,,18.06611829082749,0.009603047795371775
2010-02-19,3.7628617480808466,1.0743434530291411,,3.0159901188892073,1.98985178719482,1.0261383316943873,1.6577811034812464,,14.320706837135736,0.009659905545445957
2010-02-22,3.5590890186531903,1.0042540683657806,-0.46383062108947964,3.0137882254939403,1.9871672223593098,1.0266210031346306,1.5674848078165355,-0.5797882763618495,15.196824145427742,0.009641796712951116
2010-02-23,3.9887367176885746,1.151335567789656,,3.011587495921658,1.984485516474903,1.027101979446755,1.7486549762119727,,14.6416945973707,0.009604951239774182
2010-02-24,3.993320171082688,1.1526789235266675,,3.0093879439269124,1.98180668811296,1.0275812558139525,1.7476553425212942,,14.658486544083342,0.009593030405788686
2010-02-25,3.6559935863797945,1.036794152966455,,3.007189583256897,1.979130755824913,1.028058827431984,1.6001234470329817,,14.790073087919312,0.00959478679026309
2010-02-26,3.4796809998300255,0.9761123576534184,,3.0049924276513584,1.9764577381421378,1.0285346895092207,1.5215981852089107,,15.548595529332271,0.009448037350934541
2010-03-01,4.650146797868129,1.3771813306508094,-0.21521244623279379,3.0027964908425124,1.973787653575827,1.0290088372666855,2.020264316889339,-0.2690155577909922,17.464766633135117,0.009489738125578904
2010-03-02,3.956783058505619,1.139221216446563,,3.0006017865549564,1.9711205206168594,1.029481265938097,1.7201470411750628,,14.490265205582034,0.00945366036197451
2010-03-03,3.5867798442264265,1.012125754231751,,2.9984083285055854,1.9684563577356755,1.0299519707699099,1.5586135505253642,,15.098428072103113,0.009563997823976244
2010-03-04,4.164352497241531,1.209911636273552,,2.9962161304035053,1.9657951833821456,1.0304209470213597,1.8031847287240854,,15.373895453419397,0.009617412939996618
2010-03-05,3.8062785216898365,1.0869025818126399,,2.9940252059499466,1.9631370159854442,1.0308881899645024,1.646765243251244,,14.163717727342002,0.009721655287024726
2010-03-08,3.7566785109927996,1.0696542264418603,-0.4202305157054265,2.9918355688381806,1.9604818739539216,1.031353694884259,1.6225496570062468,-0.5252881446317831,14.379322169476747,0.009636007536283875
2010-03-09,4.042695463548143,1.1674727446297393,,2.9896472327534314,1.9578297756749783,1.031817457078453,1.7421707064621523,,14.84340930787174,0.009606254407094618
2010-03-10,3.3944593438308477,0.9449741278121973,,2.987460211372793,1.955180739514935,1.032279471857858,1.4613983992801813,,15.937823402347535,0.00950180956212593
2010-03-11,3.9707610659527153,1.1423152644700607,,2.9852745183651415,1.9525347838189069,1.0327397345462346,1.7054288644064828,,14.52894080587576,0.009444055914194737
2010-03-12,4.517604350992209,1.3295545769278103,,2.983090167391051,1.9498919269106758,1.0331982404803752,1.9368351480704387,,16.869432211597626,0.0095534704714577
2010-03-15,4.011966179815729,1.1559413194636774,-0.3627057870242152,2.9809071721027083,1.947252187092565,1.0336549850101433,1.7171788364221616,-0.45338223378026893,14.699266493295966,0.009684647539954617
2010-03-16,3.7178687866837543,1.0548545475459843,,2.978725546143827,1.9446155826453104,1.0341099634985165,1.5881837670777907,,14.564318155675197,0.009587485978158452
2010-03-17,3.6728003840877976,1.039147366348611,,2.9765453031495617,1.941982131827935,1.0345631713216266,1.5659163397636988,,14.760657920642362,0.009550411142767544
2010-03-18,3.707417624056027,1.050759203198587,,2.9743664567464245,1.9393518528776224,1.0350146038688022,1.577800856875856,,14.615509960017665,0.009546250352218144
2010-03-19,3.7629042220731166,1.0695244786342664,,2.9721890205521984,1.9367247640095895,1.0354642565426089,1.5986303623024223,,14.380944017071672,0.009599095688217032
2010-03-22,3.7203185685994713,1.0546632160690075,-0.4302245226206618,2.9700130081758522,1.9341008834169633,1.035912124758889,1.5774299035032224,-0.5377806532758272,14.566709799137408,0.009450622407089906
2010-03-23,4.174024694889907,1.2099573729289481,,2.967838433217456,1.9314802292706506,1.0363582039468056,1.7689269454318355,,15.37446716161185,0.009317586181830761
2010-03-24,3.2474624682994007,0.8920149076149221,,2.9656653092680965,1.928862819719216,1.0368024895488805,1.3688814542378684,,16.599813654813474,0.0093610759619435
2010-03-25,4.156560753045338,1.2034400060494561,,2.963493649909791,1.926248672888753,1.0372449770210381,1.7555486804505729,,15.2930000756182,0.009200601754020777
2010-03-26,3.72275063818387,1.0544376169828928,,2.961323468715404,1.923637806882762,1.037685661832642,1.5666848281113777,,14.569529787713842,0.009165970001743363
2010-03-29,3.988357927622744,1.1452337342834447,-0.36984417714437023,2.9591547792485606,1.9210302397820218,1.0381245394665388,1.6775724076363276,-0.46230522143046276,14.565421678543059,0.009181646442479024
2010-03-30,3.4627707971510167,0.9647614507758965,,2.956987595063563,1.918425989644466,1.0385616054190971,1.4493778031143363,,15.690481865301296,0.009218363556005494
2010-03-31,4.323032872965189,1.2594357280219324,,2.954821929705305,1.9158250745050567,1.0389968552002484,1.815119734532472,,15.992946600274154,0.009208915311789533
2010-04-01,4.294784728462461,1.2494761952206248,,2.9526577967091887,1.9132275123756621,1.0394302843335266,1.800072756401443,,15.86845244025781,0.009180946096854752
2010-04-02,4.195474716395507,1.215150863090009,,2.9504952096010375,1.9106333212449291,1.0398618883561084,1.75457190010744,,15.43938578862511,0.0092533106696208
2010-04-05,3.330264436065921,0.9182294269047754,-0.5211803820634832,2.948334181897014,1.9080425190781596,1.0402916628188543,1.3808293027091287,-0.651475477579354,16.27213216369031,0.009279412634105214
2010-04-06,4.151436580916712,1.1994945285279264,,2.946174727103534,1.9054551238171866,1.0407196032863473,1.7298232844770944,,15.243681606599079,0.009227840921237936
2010-04-07,4.003764096340233,1.148582610516285,,2.944016858717184,1.9028711533802491,1.0411457053369348,1.6635994165256054,,14.607282631453563,0.009233282393208087
2010-04-08,3.3010454878305033,0.9073674503440919,,2.9418605902246338,1.9002906256618697,1.041569964562764,1.3594999385919846,,16.407906870698852,0.009267495113156285
2010-04-09,3.855216935488179,1.0970843139475022,,2.939705935102554,1.8977135585327283,1.0419923765698258,1.594068950967106,,14.036446075656222,0.00941427603125264
2010-04-12,3.9921436609856626,1.1437441386839915,-0.37083724087733905,2.9375529068175323,1.8951399698395397,1.0424129369779926,1.649820143194529,-0.46354655109667375,14.546801733549893,0.009483506927492953
2010-04-13,4.0600234678526865,1.1667290328587783,,2.9354015188259894,1.8925698774049295,1.0428316414210599,1.675981168478402,,14.834112910734726,0.00959013713537895
2010-04-14,3.9282840823778606,1.1212713640338627,,2.933251784574092,1.8900032990273128,1.0432484855467794,1.6165925040696412,,14.265892050423284,0.009539964097204635
2010-04-15,3.9690240190070227,1.1349477700216857,,2.931103717497673,1.8874402524807667,1.0436634650169063,1.6311249650078736,,14.43684712527107,0.009497437979831578
2010-04-16,4.383712354217051,1.2768333670703715,,2.928957331022144,1.8848807555149116,1.0440765755072323,1.805922464352876,,16.210417088379643,0.00947970934480073
2010-04-19,4.297920491215585,1.2471240691892818,-0.3019172872071456,2.9268126385624136,1.8823248258547847,1.044487812707629,1.7662299123413865,-0.377396609008932,15.839050864866019,0.009469835175592257
2010-04-20,2.866204544015956,0.7559534055460708,,2.9246696535228036,1.8797724812007202,1.0448971723220835,1.1497142381333085,,18.300582430674115,0.009386657607637149
2010-04-21,3.759440325216349,1.0619073734194782,,2.9225283892969625,1.8772237392282247,1.0453046500687377,1.5296079560025724,,14.476157832256524,0.009496588987319367
2010-04-22,3.8137908749449068,1.080241876694726,,2.920388859267785,1.8746786175878563,1.0457102416799287,1.5499809634562636,,14.246976541315927,0.009574782744162909
2010-04-23,3.259064009970217,0.8897481712727635,,2.918251076807327,1.8721371339050994,1.0461139429022275,1.3093223479960536,,16.628147859090458,0.009550865170442837
2010-04-26,3.9061472042945287,1.1113019669878776,-0.392465355341415,2.916115055276722,1.8695993057802482,1.0465157494964736,1.583726764515095,-0.4905816941767688,14.141274587348468,0.009608586636427227
2010-04-27,4.311137812308524,1.2498509326892608,,2.913980808026097,1.8670651507882787,1.0469156572378184,1.7543788166498546,,15.87313665861576,0.009630288968385019
2010-04-28,3.4946681205651857,0.9696118568491292,,2.911848348394491,1.8645346864787307,1.0473136619157604,1.401549507540142,,15.629851789385885,0.009695304385070169
2010-04-29,3.9936062875968403,1.1403681126427847,,2.909717689709769,1.8620079303755848,1.0477097593341842,1.6124680711790655,,14.504601408034809,0.009581104907820001
2010-04-30,3.5562316245114776,0.9901011827244276,,2.907588845288542,1.8594848999771418,1.0481039453114,1.4221113783826762,,15.373735215944656,0.00957094522824462
2010-05-03,3.642509297292514,1.0193705571584388,-0.4537529618943742,2.90546182843608,1.8569656127559022,1.0484962156801778,1.4561788092039507,-0.5671912023679677,15.007868035519515,0.009568338967325701
2010-05-04,4.39567970961865,1.2772872361004044,,2.9033366524462316,1.8544500861584428,1.0488865662877889,1.776059131283948,,16.216090451255052,0.00962460078724987
2010-05-05,3.68961488725001,1.034893061586581,,2.9012133306013395,1.8519383376052976,1.0492749929960419,1.4705546645885237,,14.813836730167738,0.009572711170572148
2010-05-06,4.042207423041527,1.1554654986812751,,2.8990918761721587,1.8494303844908373,1.0496614916813214,1.618762257842431,,14.693318733515937,0.0093620762524809
2010-05-07,3.226434366181011,0.8754538260726816,,2.896972302417772,1.8469262441831487,1.0500460582346234,1.2662435267740006,,16.80682717409148,0.00927369400300541
2010-05-10,4.534104221798315,1.3234781073673858,-0.2510145950884096,2.894854622585509,1.8444259340239129,1.050428688561596,1.8237735682331448,-0.31376824386051194,16.79347634209232,0.009270917579150962
2010-05-11,4.094158499825916,1.17231829355678,,2.8927388499108613,1.8419294713282879,1.0508093785825734,1.6323273382742627,,14.903978669459748,0.009278568852604797
2010-05-12,3.82029695293843,1.0781000188819687,,2.890624997617402,1.8394368733847855,1.0511881242326164,1.5120618969872461,,14.273749763975392,0.009422599910881319
2010-05-13,4.08655960262095,1.1690655811999875,,2.8885130789167,1.8369481574551556,1.0515649214615443,1.6232801339551397,,14.863319764999842,0.009474516944001794
2010-05-14,3.3926326082514326,0.9308216685262629,,2.886403107008241,1.8344633407742628,1.0519397662339782,1.322990426432091,,16.114729143421716,0.009483842299608202
2010-05-17,4.300910896196714,1.241903689010319,-0.3053975406597874,2.8842950950793425,1.8319824405499685,1.052312654529374,1.709362051812867,-0.3817469258247343,15.773796112628986,0.00948344852451032
2010-05-18,3.7745908231596164,1.0611218269404286,,2.8821890563050716,1.8295054739630128,1.0526835823420588,1.480907757638548,,14.485977163244645,0.009580556393665916
2010-05-19,3.8175261379100003,1.075511658194188,,2.8800850038481647,1.8270324581668929,1.0530525456812718,1.4964220309096277,,14.306104272572652,0.009532191744410314
2010-05-20,3.7178405778513812,1.041001326204142,,2.8779829508589425,1.8245634102877486,1.053419540571194,1.450815068042926,,14.737483422448227,0.009522544769542186
2010-05-21,3.6876662140166507,1.03032183167053,,2.875882910475229,1.8220983474242387,1.05378456305099,1.4350006370124009,,14.870977104118378,0.009432005984527004
2010-05-24,4.135007653501149,1.183360473395409,-0.34442635106972735,2.8737848958222694,1.819637286647426,1.0541476091748434,1.6238378783916871,-0.43053293883715915,15.042005917442612,0.009555615117885625
2010-05-25,3.982423629508277,1.1307088220125068,,2.8716889200126494,1.8171802450006571,1.0545086750119923,1.5555662725162904,,14.383860275156334,0.009591827584129149
2010-05-26,4.12195591754472,1.1782097769683648,,2.869594996146211,1.8147272394994474,1.0548677566467637,1.6124894607099034,,14.97762221210456,0.009533326696002499
2010-05-27,3.8917582917438835,1.0989446372617315,,2.8675031373099706,1.8122782871313592,1.0552248501786115,1.5109590837085234,,14.013192034228357,0.009525892694619273
2010-05-28,4.075453246199409,1.1615839773292618,,2.86541335657804,1.8098334048558864,1.0555799517221538,1.5868133765174635,,14.769799716615772,0.009572079684013619
2010-05-31,3.7502376307088614,1.0497381507289956,-0.4335078995140031,2.8633256670115417,1.807392609604337,1.0559330574072048,1.4445652980155812,-0.5418848743925039,14.628273115887557,0.009552892846582794
2010-06-01,4.678246699024586,1.3675678209691458,,2.8612400816585284,1.804955918279716,1.0562841633788125,1.8394156944911482,,17.344597762114322,0.009509428583546984
2010-06-02,3.3500752420379625,0.9118483500283403,,2.8591566135539024,1.8025233477566067,1.0566332657972957,1.267333785292032,,16.35189562464575,0.00945596090011106
2010-06-03,4.341193739156105,1.2513124788275582,,2.8570752757193314,1.8000949148810559,1.0569803608382755,1.6892355134155035,,15.891405985344477,0.009487223349459383
2010-06-04,4.379652511633216,1.2641488940865167,,2.8549960811631716,1.797670636470456,1.0573254446927156,1.7028567540786015,,16.051861176081456,0.009459064558608529
2010-06-07,3.603652974538808,0.9977409432841289,-0.4681727044772475,2.852919042880381,1.7952505293134289,1.0576685135669521,1.3674267084185898,-0.5852158805965594,15.278238208948391,0.009422869638115672
2010-06-08,4.683182382698548,1.367512833266717,,2.850844173852443,1.79283461016971,1.0580095636827331,1.8272256517531058,,17.34391041583396,0.009312570171743535
2010-06-09,4.252390674835304,1.2194588339534382,,2.848771487047282,1.7904228957700314,1.0583485912772503,1.6397464382118292,,15.493235424417977,0.009321409806846164
2010-06-10,4.244904564143233,1.2165366808187494,,2.846700995419183,1.788015402816007,1.058685592603176,1.6336862538394437,,15.456708510234368,0.00930854572260673
2010-06-11,3.9158548769775345,1.1033626624431052,,2.8446327119087127,1.7856121479800153,1.0590205639286974,1.4898154760338969,,14.042033280538815,0.009283958682464328
2010-06-14,3.831063504315356,1.0739328610137588,-0.41737809265749415,2.8425666494426363,1.783213147905087,1.0593535015375493,1.4506292241722856,-0.5217226158218676,14.325839237328015,0.009302907391988116
2010-06-15,3.8348494513449243,1.074870940755247,,2.840502820933837,1.7808184192047856,1.0596844017290517,1.4494070951488442,,14.314113240559411,0.009368087761394986
2010-06-16,4.045882448050226,1.1468636715583422,,2.838441239281237,1.7784279784630954,1.0600132608181416,1.5370075679110229,,14.585795894479276,0.009429782990510806
2010-06-17,4.400670435947944,1.2681423530040676,,2.8363819173697147,1.7760418422343054,1.0603400751354093,1.6862197834893897,,16.101779412550844,0.009479178346660674
2010-06-18,3.974778002445074,1.1217577061433703,,2.8343248680700253,1.7736600270428957,1.0606648410271295,1.5008571597221085,,14.27197132679213,0.009461033321582065
2010-06-21,3.5933798150411578,0.9906267652235252,-0.47291548985098325,2.8322701042387197,1.7712825493834217,1.060987554855298,1.3345660059128281,-0.591144362313729,15.367165434705935,0.009415230299150801
2010-06-22,4.202005866572872,1.1989312474861977,,2.8302176387180658,1.7689094257204006,1.0613082129976652,1.5925734850781474,,15.23664059357747,0.009329518277061
2010-06-23,4.2369347063807306,1.2105380895673752,,2.828167484335966,1.766540672488197,1.0616268118477692,1.6047132844474157,,15.381726119592189,0.009282166451230067
2010-06-24,4.144742553398715,1.1785591434137344,,2.826119653905879,1.7641763060909095,1.0619433478149696,1.5623752353580773,,14.98198929267168,0.0092861293976608
2010-06-25,4.1776203159472285,1.189459868782998,,2.8240741602267376,1.761816342902258,1.0622578173244797,1.5736411788810054,,15.118248359787474,0.009222952823148757
2010-06-28,3.8229590242166105,1.067488624381063,-0.4216742504126247,2.822031016082871,1.759460799265468,1.062570216817403,1.418821579741797,-0.5270928130157808,14.406392195236712,0.009233237665753435
2010-06-29,3.5937300071741793,0.9885212999443306,,2.819990234243924,1.7571096914931592,1.0628805427507648,1.3177613164235722,,15.39348375069587,0.009155645222588391
2010-06-30,3.6161050194743836,0.9958167883231065,,2.8179518274647757,1.7547630358672315,1.0631887915975442,1.3245340212711145,,15.30229014596117,0.009022051310725577
2010-07-01,3.348661230177456,0.9037444101850571,,2.8159158084854625,1.7524208486387542,1.0634949598467083,1.2071013613700754,,16.453194872686787,0.009091104258072764
2010-07-02,4.005110154246374,1.128433833385514,,2.8138821900310957,1.7500831460278503,1.0637990440032454,1.4856254377597427,,14.355422917318924,0.009054633811013103
2010-07-05,3.894079948929329,1.0899861460128089,-0.40667590265812753,2.8118509848117843,1.7477499442235875,1.0641010405881968,1.4352326267395985,-0.5083448783226594,14.12517317483989,0.008988925746840386
2010-07-06,3.7704043027087697,1.047201475456435,,2.809822205522554,1.7454212593838625,1.0644009461386916,1.3794231037044062,,14.659981556794563,0.00890309280755265
2010-07-07,2.8910504639269865,0.7453257410785917,,2.8077958648432695,1.7430971076352937,1.0646987572079758,0.9997542839835332,,18.433428236517607,0.008939288917664526
2010-07-08,3.4900770516020216,0.9503219036366999,,2.8057719754385526,1.7407775050731045,1.0649944703654481,1.2536798846189792,,15.870976204541254,0.009052855347983266
2010-07-09,4.320057551342437,1.2345008781683802,,2.8037505499577065,1.7384624677610159,1.0652880821966906,1.6065885654714909,,15.68126097710475,0.009022329419793435
2010-07-12,3.6962734078503887,1.0202448799924244,-0.4531700800050505,2.801731601034633,1.7361520117311326,1.0655795893035003,1.336458111721663,-0.5664626000063131,14.996939000094697,0.009007093926309504
2010-07-13,4.056232790034451,1.143271001318821,,2.7997151412877566,1.733846152983833,1.0658689883039236,1.4879349046323591,,14.540887516485261,0.00909665867433819
2010-07-14,3.444422991042986,0.9331177484029693,,2.797701183319944,1.7315449074876599,1.0661562758322842,1.2229420929913715,,16.086028144962885,0.008951876329898235
2010-07-15,4.435850975915226,1.2726446578831079,,2.7956897397184264,1.7292482911792066,1.0664414485392197,1.6450541135330912,,16.158058223538845,0.009114029903605863
2010-07-16,3.8830395016198023,1.082716680793439,,2.793680823054719,1.726956319963009,1.0667245030917103,1.4053521709548074,,14.216041490082015,0.009319061037939601
2010-07-19,4.036112390012187,1.1348048475780244,-0.3767967682813172,2.7916744458845457,1.7246690097114346,1.0670054361731112,1.4681750691839648,-0.4709959603516465,14.435060594725304,0.009097092335157654
2010-07-20,4.749774173062082,1.3790935750258022,,2.7896706207477555,1.7223863762645735,1.067284244483182,1.7712533450468262,,17.48866968782253,0.009091385436163313
2010-07-21,4.467662184770747,1.2819728120707286,,2.78766936016825,1.7201084354301268,1.0675609247381233,1.6475744505185372,,16.274660150884106,0.009035007792365067
2010-07-22,3.8307709776614294,1.063212125445553,,2.785670676653902,1.7178352029832995,1.0678354736706024,1.3718503597902407,,14.459848431930586,0.009015757146784731
2010-07-23,3.731606550669688,1.028813577815557,,2.7836745826964755,1.715566694666689,1.0681078880297865,1.326583666936135,,14.889830277305538,0.008984118207823275
2010-07-26,3.8264613890910324,1.0609345986176564,-0.42604360092156257,2.781681090771552,1.713302926190178,1.068378164581374,1.3644711744622482,-0.5325545011519531,14.488317517279297,0.009052257796108142
2010-07-27,4.1200388980384615,1.1611877898171843,,2.7796902133384496,1.7110439132308244,1.0686463001076252,1.4875286505023047,,14.764847372714804,0.009045352389389293
2010-07-28,3.905922254890224,1.0873731038898955,,2.777701962840146,1.7087896714327533,1.0689122914073925,1.3930060512951226,,14.157836201376307,0.008973743393803111
2010-07-29,3.805595247391467,1.0525707025995834,,2.7757163517031995,1.7065402164070482,1.0691761352961513,1.3472535946565274,,14.592866217505208,0.008962088096208659
2010-07-30,4.458627920158254,1.276061750085085,,2.773733392337674,1.7042955637316433,1.0694378286060306,1.6243727513379995,,16.200771876063563,0.009005957514663317
2010-08-02,3.9063285750464294,1.0862948129866596,-0.40913679134222697,2.771753097137058,1.7020557289512164,1.0696973681858415,1.3849242451845407,-0.5114209891777837,14.171314837666756,0.0089127497917311
2010-08-03,4.752349527414133,1.3759506911644783,,2.7697754784781914,1.6998207275770794,1.069954750901112,1.7447590915326772,,17.44938363955598,0.008783866699441072
2010-08-04,3.9804482851476766,1.110889107650261,,2.7678005487211843,1.6975905750870721,1.0702099736341122,1.411201959649898,,14.136113845628259,0.008945059730584256
2010-08-05,4.574748586419231,1.3142382073069674,,2.7658283202093403,1.6953652869254547,1.0704630332838856,1.6631630460591638,,16.67797759133709,0.008895713703318382
2010-08-06,4.07615140688515,1.1428783307252752,,2.763858805269082,1.6931448785028023,1.0707139267662797,1.4467427919093963,,14.53597913406594,0.008886945280431444
2010-08-09,4.289331952171429,1.2155552687899338,-0.3229631541400442,2.761892016209871,1.6909293651958945,1.0709626510139763,1.5353734511833117,-0.4037039426750552,15.444440859874172,0.008857399565975515
2010-08-10,3.699891690360123,1.0130466738178732,,2.759927965324132,1.6887187623476128,1.0712092029765192,1.280027104619954,,15.086916577276586,0.00890342476843686
2010-08-11,3.6559032837059218,0.9975488932895107,,2.757966664887178,1.686513085266832,1.071453579620346,1.2584492018787201,,15.280638833881117,0.009048881124978467
2010-08-12,4.1168331774994655,1.1551647146017985,,2.7560081271571284,1.6843123492283159,1.0716957779288125,1.4532682424805639,,14.68955893252248,0.009098508709761968
2010-08-13,4.303150420148155,1.218626389095838,,2.75405236437484,1.6821165694726095,1.0719357949022303,1.5303995558424066,,15.482829863697972,0.008977264690233537
2010-08-16,3.9724708453773516,1.1048307802400557,-0.396779479839963,2.752099388763822,1.6799257612059353,1.0721736275578866,1.3859642365060048,-0.4959743497999537,14.060384753000694,0.008868344378796479
2010-08-17,3.509371261029915,0.9456327997899564,,2.7501492125301663,1.677739939600087,1.0724092729300794,1.1847809393375324,,15.929590002625545,0.008838767482711259
2010-08-18,3.484749914816522,0.9367689960452809,,2.748201847862468,1.675559119792324,1.072642728070144,1.171520364848925,,16.04038754943399,0.008819660199127407
2010-08-19,3.462577554821567,0.9287436317376512,,2.7462573069317497,1.6733833168852685,1.0728739900464812,1.1593128565573323,,16.14070460327936,0.008686201930670438
2010-08-20,3.344646028218813,0.8878853464472743,,2.7443156018913863,1.671212545946799,1.0731030559445873,1.1060692290058918,,16.65143316940907,0.008752679218983109
2010-08-23,4.0028756169862305,1.1131382431336505,-0.391241171244233,2.7423767448770278,1.6690468220099466,1.0733299228670812,1.3854696259270096,-0.48905146405529126,14.16422803917063,0.008669689395381803
2010-08-24,4.359566570108656,1.235005270604963,,2.7404407480065234,1.6668861600727898,1.0735545879337336,1.5356427483289936,,15.687565882562037,0.008789191069767676
2010-08-25,3.9623545928933184,1.098390105569023,,2.738507623379849,1.6647305750983539,1.073777048281495,1.3627182070596324,,14.020123680387213,0.008936628317630743
2010-08-26,3.1771573200548255,0.8287502291194578,,2.7365773830790254,1.6625800820145038,1.0739973010645216,1.023517868413826,,17.39062213600678,0.008918913110557153
2010-08-27,3.902792118285859,1.0771087447598542,,2.7346500391680495,1.660434695713842,1.0742153434542074,1.3318206266636596,,14.286140690501822,0.008956458071732601
2010-08-30,3.9138378337584068,1.0804641204040872,-0.4130239197306086,2.7327256036928143,1.6582944310536059,1.0744311726392084,1.3338745815587147,-0.5162798996632607,14.244198494948911,0.008859916315245811
2010-08-31,4.7056796386053374,1.3515198500270529,,2.730804088681034,1.6561593028555648,1.0746447858254693,1.6705591153893806,,17.143998125338157,0.008912015356226223
2010-09-01,3.4633477715435568,0.9251434504496534,,2.728885506142173,1.654029325905916,1.074856180236257,1.1354586389679826,,16.185706869379334,0.008874364032357076
2010-09-02,3.8378781980597316,1.0531186876880967,,2.7269698680673646,1.6519045149551843,1.0750653531121803,1.293302874565305,,14.586016403898794,0.008790148067712009
2010-09-03,4.5729364491523095,1.3047023216653477,,2.7250571864293414,1.6497848847181178,1.0752723017112236,1.6056627867998023,,16.558779020816846,0.008769480263940697
2010-09-06,4.134656397687289,1.1539974009615859,-0.3640017326922762,2.723147473182356,1.6476704498735886,1.0754770233087674,1.4151672010755707,-0.4550021658653452,14.674967512019823,0.008734981359684474
2010-09-07,4.175602817587821,1.167597568821971,,2.721240740262112,1.6455612250644882,1.0756795151976237,1.430058186091952,,14.844969610274637,0.008711634010870335
2010-09-08,4.019830335919303,1.1137501324428656,,2.7193369995856824,1.6434572248976287,1.0758797746880537,1.3606448904512103,,14.171876655535817,0.008788609377352851
2010-09-09,4.096491821085178,1.1395932246388718,,2.717436263051441,1.6413584639436398,1.076077799107801,1.3908499947422295,,14.494915307985897,0.008728894467159718
2010-09-10,4.25446395721645,1.1933131436334243,,2.7155385425389844,1.639264956736868,1.0762735858021164,1.4559063862786483,,15.166414295417804,0.008868484569734837
2010-09-13,3.7002726694713584,1.0028616417328682,-0.46475890551142135,2.71364384990906,1.6371767177752785,1.0764671321337813,1.2157537699413634,-0.5809486318892767,15.21422947833915,0.008765542374800164
2010-09-14,4.292208844451355,1.205367029468984,,2.7117521970034906,1.6350937615203511,1.0766584354831394,1.466802548356581,,15.3170878683623,0.008896138165037756
2010-09-15,3.5056359287944026,0.9352396379737353,,2.7098635956451003,1.633016102396982,1.0768474932481182,1.1270656498641511,,16.059504525328308,0.0088173262070615
2010-09-16,4.1024175809767645,1.1394041567397846,,2.7079780576376415,1.630943754793384,1.0770343028442575,1.3801989507181147,,14.492551959247308,0.008819450388424174
2010-09-17,4.051353077070396,1.1214489155943594,,2.7060955947657215,1.628876733060987,1.0772188617047345,1.355687877553936,,14.26811144492949,0.008782822180156073
2010-09-20,3.7743992328365064,1.026044829416947,-0.4493034470553687,2.704216218794726,1.6268150515143374,1.0774011672803887,1.2343710882855212,-0.5616293088192108,14.924439632288163,0.008757883190035398
2010-09-21,3.9834731461222592,1.0972777669609224,,2.7023399414707496,1.624758724431,1.0775812170397496,1.321355933132153,,14.03402791298847,0.008823480845970259
2010-09-22,3.7748382034386,1.0252951816801337,,2.700466774520519,1.6227077660514584,1.0777590084690605,1.2293267431516255,,14.933810228998329,0.008945627693709117
2010-09-23,3.6189491230163,0.9713958407765908,,2.698596729651321,1.6206621905790182,1.0779345390723027,1.1599069915497564,,15.607551990292617,0.009044253733028588
2010-09-24,3.8715998050734477,1.0575662310063627,,2.696729818550931,1.618622012179706,1.078107806371225,1.2655798009376593,,14.530422112420467,0.00901361220949089
2010-09-27,3.6102923466202155,0.9675213637554008,-0.48831909082973296,2.694866052887537,1.6165872449821725,1.0782788079053642,1.1509889496764232,-0.6103988635371662,15.655982953057492,0.009030829281062445
2010-09-28,4.110993893359806,1.1387356956911898,,2.693005444309667,1.6145579030775956,1.0784475412320715,1.3629775226915828,,14.484196196139873,0.008969729311891658
2010-09-29,3.596814257844059,0.9619897407017165,,2.6911480044461205,1.612534000519581,1.0786140039265395,1.1400211763967265,,15.725128241228546,0.00889226275940209
2010-09-30,4.249868506992161,1.1854372427589261,,2.68929374490589,1.6105155513240668,1.0787781935818233,1.4173121047727244,,15.067965534486577,0.0088031960020794
2010-10-01,3.588494191886239,0.9582225118485417,,2.6874426772780913,1.6085025694692248,1.0789401078088665,1.1312807092799018,,15.772218601893229,0.008770788208096505
2010-10-04,3.805146890738952,1.0320446101302794,-0.4453035932464805,2.6855948131318907,1.6064950688953648,1.079099744236526,1.2215508315582138,-0.5566294915581006,14.84944237337151,0.00879271140197534
2010-10-05,3.786080072866407,1.0250475910141785,,2.683750164016434,1.6044930635048367,1.0792571005115974,1.2108025522725598,,14.93690511232277,0.008644876143516302
2010-10-06,4.469836664576227,1.2590176074649808,,2.6819087414607714,1.602496567161936,1.0794121742988354,1.5012685764931617,,15.987720093312259,0.0086434309852003
2010-10-07,4.122983703460773,1.1396347934739912,,2.6800705569737886,1.600505593692807,1.0795649632809816,1.3500490855352958,,14.495434918424888,0.008764362952335866
2010-10-08,3.934625154001254,1.0745919436946727,,2.6782356220441317,1.5985201568853462,1.0797154651587855,1.266760086503687,,14.317600703816591,0.008855520364019199
2010-10-11,4.1846363810680405,1.1598463329283668,-0.36010244471442215,2.6764039481401385,1.5965402704891083,1.0798636776510302,1.3713481866495667,-0.4501280558930277,14.748079161604585,0.008811206505197525
2010-10-12,3.2739226563263832,0.8471369183204376,,2.6745755467097654,1.5945659482152101,1.0800095984945552,0.9784870961157569,,17.160788520994533,0.008703302241485005
2010-10-13,3.997701412061593,1.0948239692430912,,2.672750429180515,1.5925972037362355,1.0801532254442794,1.2861271652900994,,14.06470038446136,0.008741580376121322
2010-10-14,4.713289090466164,1.3397017013365715,,2.670928606959366,1.5906340506861412,1.0802945562732247,1.5902611773568556,,16.996271266707144,0.00856328724287635
2010-10-15,4.061844114395953,1.115881580768321,,2.669110091432701,1.588676502660162,1.080433588772539,1.3085284786205627,,14.19851975960401,0.008651437803416134
2010-10-18,4.040658884233553,1.1081495803003203,-0.3945669464664532,2.667294893966236,1.5867245732147168,1.0805703207515194,1.296911548590117,-0.4932086830830664,14.101869753754004,0.008636982205723526
2010-10-19,4.210103354503517,1.1657754055570637,,2.6654830259049502,1.5847782758673148,1.0807047500376354,1.3669975328136441,,14.822192569463294,0.008782709357844507
2010-10-20,4.333092091874807,1.2074726291977216,,2.6636744985730125,1.582837624096462,1.0808368744765506,1.4171784105936136,,15.343407864971518,0.008649419886695674
2010-10-21,3.321891417477553,0.8603039968532169,,2.661869323273713,1.580902631341567,1.080966691932146,0.9812826274080881,,16.996200039334788,0.008723369463063414
2010-10-22,3.433567642491677,0.8981208221850769,,2.660067511289391,1.5789733110028485,1.0810942002865425,1.0266243387341945,,16.52348972268654,0.008717661192431055
2010-10-25,4.097363641611504,1.1252349549303378,-0.3831766967131083,2.6582690738813657,1.577049676441244,1.0812193974401216,1.308593370104166,-0.47897087089138535,14.31543693662922,0.008693899173820416
2010-10-26,3.7749372787524216,1.014214812572299,,2.6564740222898657,1.575131740978314,1.0813422813115516,1.1679002566936876,,15.072314842846264,0.008589520760966467
2010-10-27,4.485737889501632,1.2574430314663898,,2.654682367733957,1.573219517896153,1.0814628498378038,1.47002330722914,,15.968037893329871,0.00863785834418275
2010-10-28,3.9176055497081297,1.0621790732137733,,2.6528941214114745,1.5713130204372947,1.0815811009741798,1.224036861954511,,14.472761584827836,0.008692754927136897
2010-10-29,3.352220912721156,0.867856311714426,,2.6511092944989523,1.5694122618046231,1.0816970326943292,0.9792326514476555,,16.901796103569676,0.00883575061962649
2010-11-01,3.5868944084242806,0.9478383299787204,-0.5014411133475198,2.649327898151553,1.5675172551612788,1.0818106429902743,1.0773151676346793,-0.6268013916843997,15.902020875265995,0.008918506629024813
2010-11-02,3.069707785993355,0.770038877644331,,2.647549943502997,1.565628013630569,1.0819219298724283,0.8531766106859826,,18.124514029445862,0.008873181884977936
2010-11-03,3.951548052167108,1.0719049355260506,,2.6457754416654966,1.563744550295876,1.0820308913696206,1.2286257197034391,,14.351188305924369,0.008795574463327543
2010-11-04,3.9689576061588676,1.0773939047282741,,2.6440044037296815,1.5618668782005676,1.082137525529114,1.23360925911091,,14.282576190896576,0.008690081086012191
2010-11-05,3.887732605185286,1.0490644748261724,,2.642236840764533,1.5599950103479052,1.082241830416628,1.1963256038806205,,14.636694064672847,0.00880827208227119
2010-11-08,4.415307141852123,1.2294654846835686,-0.31368967687762095,2.640472763817314,1.5581289597009547,1.0823438041163596,1.4199608155554153,-0.39211209609702613,15.618318558544608,0.008748985237110986
2010-11-09,4.458588746447655,1.2438223803820034,,2.6387121839135004,1.5562687391824985,1.0824434447310018,1.4360467146600024,,15.797779754775041,0.008868536510800868
2010-11-10,3.980880561041205,1.0795533891972668,,2.63695511205671,1.5544143616749415,1.0825407503817686,1.2288560981715249,,14.255582635034166,0.00891277319183594
2010-11-11,3.294785790368306,0.8438367599027774,,2.635201559228636,1.5525658400202267,1.0826357192084095,0.9323617898986982,,17.202040501215283,0.008941510761275518
2010-11-12,4.259391530258678,1.1740737896590712,,2.6334515363889786,1.5507231870197422,1.0827283493692363,1.343315424093581,,14.925922370738387,0.00891907952544321
2010-11-15,4.239135777574297,1.1666432274210292,-0.355571181719314,2.631705054475374,1.548886415434236,1.082818639041138,1.3321904497105224,-0.44446397714914243,14.833040342762864,0.00897451420443081
2010-11-16,4.15446576411248,1.1371269884188335,,2.6299621244033298,1.5470555379837259,1.082906586419604,1.2934642735072677,,14.464087355235417,0.008975508304808248
2010-11-17,4.391117919236641,1.217777569916974,,2.628222757066152,1.5452305673474107,1.0829921897187413,1.392452529743628,,15.472219623962173,0.008947969622958223
2010-11-18,3.6413337200736753,0.9602206284246753,,2.6264869633348815,1.5434115161635837,1.0830754471712978,1.0686873016944276,,15.74724214469156,0.009006447338959092
2010-11-19,4.753513719232704,1.3410506463422167,,2.6247547540582232,1.541598397029546,1.0831563570286773,1.5429117049573167,,17.013133079277708,0.008997033778782389
2010-11-22,3.716077612986349,0.9848686696229759,-0.47675422025134945,2.6230261400624793,1.5397912225015165,1.0832349175609628,1.0958770595302363,-0.5959427753141868,15.439141629712802,0.008934855086710207
2010-11-23,4.315535534785505,1.1899067512641026,,2.621301132151482,1.5379900050945472,1.0833111270569349,1.3503734441746753,,15.123834390801282,0.008985465889830957
2010-11-24,3.464168170904307,0.897518276670398,,2.6195797411065254,1.5361947572824353,1.08338498382409,0.9830926031204326,,16.531021541620028,0.008982538265008395
2010-11-25,3.7305817259041674,0.988368237527594,,2.617861977686297,1.5344054914976382,1.0834564861886586,1.0948657884071304,,15.395397030905077,0.009024406046698928
2010-11-26,4.588340022897764,1.2819642376070404,,2.616147852626813,1.5326222201311852,1.0835256324956277,1.4600775171399856,,16.274552970088003,0.00898986607556875
2010-11-29,3.9677347949324195,1.068692021239898,-0.420871985840068,2.61443737664135,1.530844955532595,1.0835924211087549,1.1917099820824675,-0.526089982300085,14.391349734501276,0.008894791312121005
2010-11-30,4.354463466278568,1.2007907126159358,,2.612730560420376,1.5290737100097862,1.0836568504105897,1.355062100779706,,15.259883907699198,0.00903703853681987
2010-12-01,4.144867825779846,1.1284346466463095,,2.6110274146314882,1.5273084958289949,1.0837189188024934,1.2628518041368817,,14.35543308307887,0.009166000383673866
2010-12-02,4.02664301277629,1.0874050212799793,,2.609327949919342,1.5255493252146897,1.0837786247046521,1.2098056018146637,,14.157437234000259,0.00924150815522133
2010-12-03,4.54217292977861,1.2636620389919229,,2.607632176905586,1.523796210349485,1.0838359665561008,1.4283737590893886,,16.045775487399034,0.009211611395093133
2010-12-06,3.9834436757228593,1.071600941041772,-0.41893270597215204,2.6059401061887955,1.5220491633740592,1.0838909428147363,1.186550339676274,-0.5236658824651901,14.354988236977851,0.009189044274097103
2010-12-07,3.444466853191583,0.8863114270923836,,2.604251748344408,1.5203081963870675,1.0839435519573404,0.9531974802525469,,16.671107161345205,0.00930640508280803
2010-12-08,3.788044041869007,1.0036111889657955,,2.602567113924654,1.5185733214450619,1.083993792479592,1.098087307652306,,15.204860137927557,0.009279135743240465
2010-12-09,4.263549997544209,1.1661430074442034,,2.6008862134584927,1.5168445505624044,1.0840416628960883,1.2995233098676584,,14.826787593052542,0.009228766571402433
2010-12-10,4.210517811884254,1.1474610927635012,,2.5992090574515476,1.5151218957111856,1.084087161740362,1.2744482616655617,,14.593263659543762,0.00938793654775168
2010-12-13,3.525077861396717,0.9119530099717474,-0.5253646600188351,2.5975356563860377,1.5134053688211417,1.084130287564896,0.978346631285826,-0.6567058250235438,16.350587375353157,0.009386255326998081
2010-12-14,3.8214888620937213,1.0130788976710159,,2.595866020720714,1.5116949817795702,1.0841710389411439,1.10304360386834,,15.086513779112302,0.009539225025350354
2010-12-15,3.8728686155540757,1.0301934380957305,,2.5942001608907947,1.5099907464312514,1.0842094144595433,1.1227325440509144,,14.87258202380337,0.00942227644974202
2010-12-16,3.9500209010716736,1.0561436487062932,,2.5925380873078976,1.5082926745783616,1.084245412729536,1.1534722354612277,,14.548204391171337,0.009468688282507224
2010-12-17,3.597831479927108,0.9348903693678139,,2.590879810359977,1.506600777980394,1.084279032379583,1.0002137396901614,,16.063870382902326,0.009649249381859812
2010-12-20,3.860939109025019,1.0245954670256627,-0.4502696886495583,2.589225340411259,1.504915068354078,1.0843102720571811,1.1106594021361562,-0.5628371108119479,14.942556662179218,0.009654246638965906
2010-12-21,3.82732485024596,1.0125667417688569,,2.5875746878021757,1.5032355573732956,1.08433913042888,1.0939439845843664,,15.092915727889292,0.009633743123660641
2010-12-22,4.353846424775716,1.1925839911714304,,2.5859278628492994,1.5015622566690032,1.0843656061802962,1.3172922456332912,,15.157299889642879,0.009535408469298836
2010-12-23,4.368475225265939,1.1970945573188294,,2.584284875845282,1.4998951778291487,1.0843896980161332,1.3212633744776852,,15.213681966485366,0.009631155079481809
2010-12-24,4.035723785646984,1.082502745029342,,2.582645737058786,1.4982343323985918,1.084411404660194,1.1763627636852694,,14.218715687133225,0.009567022340172354
2010-12-27,3.951019872165674,1.0529552244955123,-0.43136318366965853,2.5810104567344236,1.4965797318790277,1.084430724855396,1.1377737624984179,-0.5392039795870731,14.588059693806096,0.009561252515882128
2010-12-28,4.138685318020586,1.1167909174446937,,2.579379045092692,1.4949313877289003,1.0844476573637918,1.2159200345347674,,14.20988646805867,0.00945797418014231
2010-12-29,3.8053901607640164,1.002010987105331,,2.5777515123299084,1.49328931136333,1.0844622009665783,1.0708030452449937,,15.224862661183362,0.009593830788180284
2010-12-30,3.6912814687734103,0.9623801501399072,,2.5761278686181464,1.4916535141540292,1.084474354464117,1.0196287018289132,,15.720248123251162,0.009696492609448833
2010-12-31,3.765078111246593,0.9871734549289141,,2.5745081241051753,1.4900240074292275,1.0844841166759478,1.04899082609037,,15.410331813388575,0.00969616038670681
2011-01-03,3.8734553295637664,1.0238224203234252,-0.45078505311771655,2.5728922889143924,1.4884008024735909,1.0844914864408015,1.0931788278778722,-0.5634813163971457,14.952219745957185,0.009598363645039123
2011-01-04,3.6899100533956752,0.9603831440249275,,2.5712803731447624,1.486783910528144,1.0844964626166185,1.0122628405593033,,15.745210699688407,0.009734397956784324
2011-01-05,4.155334197168754,1.1194471470875451,,2.569672386870754,1.4851733427901936,1.0844990440805602,1.2094822766496247,,14.243089338594313,0.009704817466019373
2011-01-06,4.355502805295466,1.187565880854045,,2.5680683401422755,1.4835691104132485,1.084499229729027,1.2930264614808047,,15.094573510675563,0.009611166164039491
2011-01-07,3.546108359940723,0.9095482039042111,,2.5664682429846137,1.481971224506946,1.0844970184776677,0.9439064793872098,,16.380647451197362,0.009462309651991099
2011-01-10,4.111879715621189,1.103015445345924,-0.39798970310271736,2.564872105398371,1.480379696136971,1.0844924092614001,1.184149002819376,-0.4974871288783967,14.03769306682405,0.009409810510281674
2011-01-11,4.027600473484838,1.0736077045680399,,2.563279937359402,1.478794536324982,1.0844854010344203,1.1458041670350316,,14.329903692899503,0.009289744718095507
2011-01-12,4.225600788464695,1.1409810422644164,,2.5616917488187525,1.4772157560485333,1.0844759927702192,1.2284420588790537,,14.512263028305204,0.00924012751335289
2011-01-13,4.103040315843987,1.0984473478275696,,2.560107549702595,1.4756433662410002,1.0844641834615947,1.173702551025462,,14.019408152155382,0.009304567087630777
2011-01-14,3.600306640180107,0.9255680864082044,,2.5585273499121683,1.4740773777915026,1.0844499721206657,0.956037485801758,,16.180398919897446,0.00927550229509289
2011-01-17,3.6687289822022184,0.9485132841371402,-0.5009911439085732,2.556951159323717,1.4725178015448295,1.0844333577788876,0.9831594067162546,-0.6262389298857165,15.893583948285748,0.009307569587845113
2011-01-18,4.122363659900841,1.1035308290701968,,2.5553789877884268,1.470964648301364,1.0844143394870627,1.17537818463911,,14.044135363377459,0.009249486082530307
2011-01-19,4.473640202806866,1.2234537103694612,,2.5538108451323644,1.4694179288170086,1.0843929163153558,1.323735066778835,,15.543171379618265,0.009257226714553616
2011-01-20,3.3401040520755845,0.8342975154748398,,2.552246741156416,1.4678776538031117,1.0843690873533043,0.8357495481466612,,17.321281056564505,0.009421013003485964
2011-01-21,4.237577942280729,1.1414871895761898,,2.550686685636227,1.4663438339263914,1.0843428517098357,1.2182028208966285,,14.51858986970237,0.009393859636131093
2011-01-24,4.534446582726631,1.2427546406345173,-0.30483023957698857,2.549130688322139,1.4648164798088625,1.0843142085132766,1.343259780602009,-0.38103779947123567,15.784433007931465,0.009428774310952568
2011-01-25,4.066026277578943,1.0816368948552546,,2.5475787589391308,1.4632956020277637,1.0842831569113671,1.1403417205968316,,14.22953881430932,0.009299181313898694
2011-01-26,4.313663850800127,1.1660242995231729,,2.546030907186755,1.4617812111154835,1.0842496960712715,1.2443115855194495,,14.825303744039662,0.009429634349193153
2011-01-27,3.87652760907861,1.0156317102922638,,2.5444871427390807,1.460273317559487,1.0842138251795936,1.0548129554248167,,15.054603621346704,0.009391569836304575
2011-01-28,4.082333572790463,1.0856760560867749,,2.5429474752446306,1.4587719318022454,1.0841755434423852,1.1408670019107139,,14.179049298915315,0.009483156868225347
2011-01-31,3.5583030888800224,0.9054903778030219,-0.5296730814646522,2.541411914326321,1.4572770642411599,1.084134850085161,0.9141400364949371,-0.6620913518308151,16.43137027746223,0.00947501790947983
2011-02-01,3.3066148403445563,0.8186788029897352,,2.5398804695814032,1.4557887252284938,1.0840917443529094,0.8041372289656628,,17.51651496262831,0.009529696357769735
2011-02-02,4.458616284606606,1.2131318961470332,,2.538353150581402,1.4543069250712977,1.0840462255101042,1.2957217952550888,,15.414148701837913,0.009589818543419384
2011-02-03,3.7854143408587015,0.9818006086730671,,2.5368299668720553,1.4528316740313394,1.083998292840716,1.005082434872673,,15.477492391586663,0.009553236563255364
2011-02-04,3.9722431642924203,1.0453366585995885,,2.5353109279732573,1.4513629823250334,1.083947945648224,1.0830338055745188,,14.683291767505146,0.009649992731571628
2011-02-07,3.6479394765609756,0.9336269296075769,-0.5109153802616155,2.533796043378995,1.4499008601233687,1.0838951832556265,0.9419345221328397,-0.6386442253270194,16.07966337990529,0.009586695946164188
2011-02-08,3.6412222125374067,0.930803635629935,,2.532285322557294,1.4484453175518395,1.0838400050054546,0.936949862089258,,16.114954554625815,0.009656465648215247
2011-02-09,4.075386722798282,1.0791394759886461,,2.530778774950153,1.446996364690375,1.0837824102597782,1.1209207096761824,,14.260756550141924,0.009625019043356237
2011-02-10,3.882397152441805,1.0124507367037225,,2.52927640997349,1.4455540115732686,1.0837223984002216,1.0361174324529216,,15.094365791203469,0.009657761380701547
2011-02-11,4.2715591931144345,1.1453565197593638,,2.5277782370170816,1.4441182681891092,1.0836599688279724,1.200813917888314,,14.566956496992049,0.009620093108017836
2011-02-14,4.299178862267535,1.1543046102775512,-0.36379692648163264,2.5262842654445037,1.442689144480713,1.0835951209637906,1.2105699073276517,-0.4547461581020408,14.678807628469388,0.009626827449079898
2011-02-15,4.254609739527025,1.138501957558953,,2.524794504593073,1.4412666503450529,1.0835278542480202,1.1893940972937438,,14.48127446948691,0.009536547127989816
2011-02-16,4.2273454411934575,1.1286320949114133,,2.523308963773791,1.4398507956331903,1.0834581681406008,1.1756409142724569,,14.357901186392665,0.00956020811844566
2011-02-17,4.697577667989491,1.2893321845918264,,2.5218276522712832,1.4384415901502077,1.0833860621210756,1.3751068208899906,,16.36665230739783,0.009566402180262933
2011-02-18,3.7732254172932835,0.9718887477146138,,2.5203505793437406,1.4370390436551401,1.0833115356886005,0.9768999782984071,,15.601390653567329,0.00952238940342864
2011-02-21,4.129181259233606,1.09340781605565,-0.40439478929623346,2.518877754222865,1.4356431658609077,1.0832345883619572,1.12740293593047,-0.5054934866202918,14.082402299304377,0.009520054307617888
2011-02-22,4.546375888719603,1.2359227784623508,,2.5174091861138077,1.434253966434249,1.0831552196795586,1.3041574395121873,,15.699034730779383,0.009533925986621037
2011-02-23,4.594050114552888,1.2517447771205645,,2.515944884195116,1.4328714549956527,1.0830734291994633,1.3225524263963582,,15.896809714007055,0.009483556272720055
2011-02-24,3.655371351789781,0.9293883620786514,,2.5144848576186707,1.4314956411192918,1.0829892164993788,0.9182310937176059,,16.132645474016858,0.009474941274366802
2011-02-25,4.045192367690257,1.0625173470012956,,2.5130291155096343,1.4301265343329592,1.082902581176675,1.0832732180845788,,14.468533162483805,0.00939192789262838
2011-02-28,4.631387971860766,1.2629745315040712,-0.2913503123306192,2.511577666966389,1.428764144117997,1.0828135228483922,1.3324823084980861,-0.36418789041327393,16.037181643800892,0.009594712666830828
2011-03-01,4.3354027413767,1.1609694926238878,,2.510130521060485,1.4274084799092357,1.0827220411512495,1.2036203456890955,,14.762118657798599,0.009689029352045181
2011-03-02,4.2274472094119275,1.123431563777573,,2.508687686836578,1.426059551094926,1.0826281357416518,1.155349005816892,,14.292894547219658,0.009715301314805216
2011-03-03,4.0844462044815355,1.0738778367878412,,2.5072491733123785,1.4247173670166746,1.082531806295704,1.092064663001476,,14.326527040151985,0.009820785550396897
2011-03-04,4.02783680428485,1.0539438889150707,,2.5058149894785906,1.42338193696938,1.0824330525092105,1.0658117981132182,,14.575701388561619,0.009649806292424751
2011-03-07,4.264575641120245,1.134586287570839,-0.3769424749527741,2.5043851442988583,1.4220532702011675,1.0823318740976908,1.1652861296647161,-0.4711780936909676,14.432328594635486,0.009432571228177167
2011-03-08,4.076900403046969,1.069715105001862,,2.5029596467097104,1.4207313759133244,1.082228270796386,1.082875257165652,,14.378561187476725,0.009401084966931199
2011-03-09,4.151861721507447,1.0948905654746668,,2.501538505620501,1.419416263260239,1.082122242360262,1.1130294701035723,,14.063867931566666,0.009287487158117707
2011-03-10,4.195807169747393,1.1094318447338045,,2.5001217299133582,1.4181079413493338,1.0820137885640244,1.1298977472665894,,14.117898059172557,0.009270048185947594
2011-03-11,3.932506440338035,1.0186314165807802,,2.498709328443125,1.4168064192410048,1.0819029092021202,1.0150956899669799,,15.01710729274025,0.009289544193211778
2011-03-14,4.357611055152294,1.1638555248657727,-0.35742965008948496,2.4973013100373067,1.415511705948558,1.0817896040887487,1.1953311120307737,-0.4467870626118562,14.798194060822157,0.009369157877395621
2011-03-15,5.192886123804916,1.4497093578098506,,2.4958976834960125,1.4142238104381464,1.081673873057866,1.5513605077004593,,18.37136697262313,0.00927598536819301
2011-03-16,3.552490296540852,0.8867616032808711,,2.494498457591905,1.4129427416287088,1.081555715963196,0.8463947457297976,,16.665479958989113,0.009311735796189387
2011-03-17,4.289375505387762,1.1388815029027977,,2.4931036410701406,1.4116685083919083,1.0814351326782323,1.1602703870204052,,14.48601878628497,0.009315270337975497
2011-03-18,3.9114404479772795,1.0087771893657314,,2.4917132426483186,1.410401119552069,1.0813121230962497,0.9963726062592331,,15.140285132928359,0.00934678663857422
2011-03-21,4.3811340709348485,1.16928830930231,-0.35380779379846,2.4903272710164246,1.4091405838861168,1.0811866871303077,1.1957509705140044,-0.442259742248075,14.866103866278875,0.00930549105233184
2011-03-22,4.196874784288991,1.1055868967993434,,2.4889457348367765,1.407886910123519,1.0810588247132575,1.114870531122698,,14.069836209991792,0.009424407606283365
2011-03-23,4.448765626642885,1.1914225728850958,,2.487568642743971,1.406640106946221,1.0809285357977498,1.2209183230525906,,15.142782161063696,0.009417986327491967
2011-03-24,4.595080809159024,1.2410607891810537,,2.486196003344829,1.4054001829885894,1.0807958203562396,1.2817261694649063,,15.76325986476317,0.00957196908290648
2011-03-25,4.252538192064466,1.1230905341321817,,2.484827825218343,1.4041671468373496,1.0806606783809936,1.1330303145025766,,14.288631676652273,0.009506496834706788
2011-03-28,4.58294661432594,1.2358462746097014,-0.3094358169268658,2.483464116915621,1.4029410070315287,1.0805231098840922,1.2727488502936555,-0.3867947711585822,15.698078432621267,0.009572657793402562
2011-03-29,3.367761759416798,0.8186842527453588,,2.4821048869598354,1.4017217720623947,1.0803831148974408,0.750077087994093,,17.516446840683017,0.009569910678594048
2011-03-30,4.7464622089546396,1.2908542757499228,,2.48075014384617,1.4005094503733977,1.0802406934727724,1.3390772950608012,,16.385678446874035,0.009544109808125817
2011-03-31,4.322613691117174,1.1450074582270808,,2.4793998960417643,1.3993040503601126,1.0800958456816516,1.1555633731439636,,14.56259322783851,0.009600978575774332
2011-04-01,4.570125273814174,1.229341202689422,,2.4780541519856625,1.3981055803701805,1.079948571615482,1.2597820837319578,,15.616765033617773,0.009577556213863572
2011-04-04,3.7674618552811787,0.9536149106190175,-0.4975900595873217,2.4767129200887608,1.39691404870325,1.0797988713855107,0.9139326869770218,-0.6219875744841522,15.829813617262282,0.009353164908459237
2011-04-05,3.939187256654643,1.0131076142073598,,2.4777762087337543,1.398929463610921,1.0788467451228332,0.9743139813701207,,15.374154822408004,0.009099193061261316
2011-04-06,4.316573527219812,1.143112595297373,,2.4788440262750835,1.4009518332966862,1.0778921929783973,1.1228425774184023,,14.474907441217162,0.009203089192721026
2011-04-07,4.29507030910799,1.1363554532795046,,2.4799163810388865,1.4029811659158757,1.0769352151230107,1.1004254825152562,,14.409556834006194,0.009302837778474314
2011-04-08,4.4356460365828365,1.1851682305611988,,2.4809932813229394,1.4050174695755993,1.0759758117473401,1.1474777577770976,,14.936602882014984,0.009458188276163433
2011-04-11,4.751690789046084,1.294141819311596,-0.2772387871256027,2.482074735396613,1.4070607523346919,1.075013983061921,1.2697380264741867,-0.3475484839070034,16.26677274139495,0.009452601544874354
2011-04-12,3.7898217930857334,0.9649735621636581,,2.4831607515008143,1.4091110222036556,1.0740497292971587,0.8443279749082282,,17.415830472954276,0.009331564010930863
2011-04-13,4.78402394528613,1.3064582886060772,,2.484251337847938,1.4111682871446054,1.0730830507033327,1.2572411479022017,,16.356728607575963,0.009289540111879206
2011-04-14,4.481624228679014,1.2033938291949513,,2.4853465026218164,1.4132325550712157,1.0721139475506007,1.1144748415649046,,15.036422864936892,0.009279470796052793
2011-04-15,4.442940099318404,1.1907461766650542,,2.4864462539776633,1.4153038338486614,1.0711424201290018,1.0847365546799792,,15.457672791686823,0.009182484524602347
2011-04-18,4.034911486950858,1.0514661718738134,-0.44568921875079126,2.487550600042031,1.4173821312935677,1.0701684687484632,0.8967148461358341,-0.559111523438489,17.486672851577335,0.009299833900227037
2011-04-19,4.761406776193902,1.301165840205224,,2.4886595489127505,1.4194674551739528,1.0691920937387978,1.1949247554304825,,16.162573002565296,0.009474873568068162
2011-04-20,3.7759397499301075,0.9639070578762756,,2.4897731086588872,1.4215598132091762,1.068213295449711,0.7594436355545207,,19.157161776546555,0.009486589423547454
2011-04-21,4.883352966758196,1.3442072813486456,,2.4908912873206903,1.4236592130698846,1.0672320742508057,1.2209183147556915,,16.63659101685807,0.00946904969194843
2011-04-22,4.169715372202463,1.100147299743241,,2.4920140929095367,1.4257656623779573,1.0662484305315794,0.9019497870570085,,18.030158753209488,0.00933031028280152
2011-04-25,4.746199799845316,1.2984149495140969,-0.28772336699060214,2.4931415334078895,1.4278791687064563,1.0652623647014332,1.1358978555990773,-0.3626542087382526,16.00018686892621,0.009438227999145867
2011-04-26,4.721317294455073,1.2904997395206497,,2.49427361676924,1.429999739579571,1.064273877189669,1.1121244139803828,,16.226753255991884,0.009419186667436266
2011-04-27,5.207901314708261,1.4579445776752662,,2.495410350918063,1.432127382472569,1.063282968445494,1.3075581045666516,,17.930307220940826,0.009375796705621225
2011-04-28,4.771569925450624,1.3089613797183333,,2.4965517437497664,1.4342621048117417,1.0622896389380247,1.1074638294596582,,16.57198275352084,0.009387166450822644
2011-04-29,4.626686682743236,1.2599033726625204,,2.497697803130641,1.436403913974353,1.0612938891562882,1.032283129802503,,17.473207841718498,0.009303349868232422
2011-05-02,4.727859830460634,1.2952076764834557,-0.29652821567769627,2.4988485368978117,1.438552817288591,1.0602957196092206,1.0625624128929105,-0.3746602695971203,17.319904043956804,0.0092807385669678
2011-05-03,5.386214965672755,1.5215459322505598,,2.5000039528591875,1.440708822033514,1.0592951308256735,1.3316412373467135,,18.597324153131993,0.00913851729229506
2011-05-04,5.163944763321368,1.4459556363017074,,2.501164058793416,1.442871935439002,1.058292123354414,1.223316480816136,,17.62044545377134,0.009198531727608908
2011-05-05,4.876804740311226,1.3481244022172207,,2.50232886244983,1.445042164685706,1.0572866977641242,1.0871976674572317,,17.52244497228474,0.009150965542951733
2011-05-06,4.964552956131534,1.3788264296042585,,2.5034983715484027,1.4472195169049975,1.0562788546434052,1.1117525539103204,,17.42666962994677,0.009207253678596889
2011-05-09,4.534330727535668,1.2319387491297464,-0.3453741672468358,2.504672593779699,1.4494039991789223,1.0552685946007767,0.9143274355911052,-0.4367177090585447,19.55076563587817,0.009137293393916935
2011-05-10,5.254341699821778,1.479416904102185,,2.505851536804825,1.4515956185401462,1.0542559182646787,1.2098667486678774,,17.91071130127731,0.009089432089374922
2011-05-11,4.537972743597408,1.2344221150765444,,2.5070352082553833,1.4537943819719112,1.053240826283472,0.8898220258175913,,20.0957235615432,0.008932452310285933
2011-05-12,5.452568984913968,1.548615575900255,,2.508223615733424,1.4560002964079843,1.0522233193254396,1.2687697662833026,,18.711694698753185,0.00895830286628606
2011-05-13,5.269989205975484,1.486634591098952,,2.5094167668113943,1.458213368732611,1.0512033980787832,1.177506607606301,,17.9049323887369,0.00884522210649271
2011-05-16,6.0959356286834305,1.7704342159488706,0.006956143965913764,2.5106146690320985,1.4604336057804665,1.050181063251632,1.518476375716555,0.0026951799573922686,21.420427699360882,0.008786478265830362
2011-05-17,4.9109853061094135,1.3647837335530835,,2.5118173299086424,1.4626610143366081,1.0491563155720343,0.9976406812779622,,19.618203330586457,0.008727938791801015
2011-05-18,5.295630647343588,1.4972805490751242,,2.513024756924392,1.4648956011364307,1.0481291557879615,1.1494962874803356,,18.24999313656095,0.008688313491599162
2011-05-19,5.99649205941267,1.7381945241107677,,2.5142369575329253,1.4671373728656165,1.0470995846673088,1.436880528004076,,20.921431551384593,0.008527597877675035
2011-05-20,5.8196060560421925,1.6781667568349699,,2.515453939157983,1.4693863361600925,1.0460676029978904,1.3480947822038045,,20.13908446043712,0.008473814404891922
2011-05-23,5.194473092098417,1.4644545538104121,-0.20369696412639193,2.5166757091934278,1.4716424976059812,1.0450332115874466,1.0672106898689961,-0.2616212051579899,19.52431807736985,0.008474936201131017
2011-05-24,5.552062826055834,1.587676091404814,,2.5179022750031916,1.4739058637395568,1.0439964112636348,1.2075009779955739,,18.943951142560174,0.008396379458874526
2011-05-25,5.509900182019228,1.5738399227698106,,2.519133643921235,1.4761764410471998,1.0429572028740353,1.1764763445094628,,18.73899903462263,0.008325898595107687
2011-05-26,5.643410384609183,1.6202347040872989,,2.520369823251499,1.4784542359653516,1.0419155872861474,1.2207476160744752,,19.286933801091237,0.00828686057159302
2011-05-27,5.335712322206866,1.5153583476818206,,2.521610820267858,1.4807392548804705,1.0408715653873875,1.075937189482746,,20.040020653977244,0.008212666120730013
2011-05-30,5.584512175115799,1.601281551675912,-0.11914563221605876,2.5228566422140783,1.483031504128987,1.0398251380850914,1.1696334437238767,-0.1569320402700734,19.2539806040511,0.008079338975559711
2011-05-31,5.091979000910877,1.4330337149667944,,2.5241072963037667,1.4853309899972595,1.0387763063065072,0.9456231337057525,,21.64507856291507,0.0079983249477279
2011-06-01,5.734112709015598,1.65381481422417,,2.5253627897203335,1.4876377187215324,1.037725070998801,1.2079062365017446,,19.578685177802125,0.008013245052150278
2011-06-02,5.879848035053566,1.7044024808106202,,2.52662312961694,1.489951696487891,1.0366714331290492,1.2574547975011656,,20.17903101013275,0.007884661234320127
2011-06-03,5.678264410810446,1.635909670482734,,2.527888323116459,1.49227292943222,1.035615393684239,1.1581600175356372,,19.973129118965822,0.007794970055589621
2011-06-06,5.2281128843055535,1.4821938931298257,-0.20520407124678303,2.529158377311427,1.4946014236401601,1.0345569536712667,0.952343790052442,-0.2655050890584788,22.18257633587718,0.00761627105830431
2011-06-07,6.174885401199558,1.8074238235421756,,2.530433299264,1.4969371851470668,1.0334961141169334,1.345216964574786,,21.37079779427719,0.007633513495747014
2011-06-08,5.992000605643463,1.7453430045591363,,2.531713096005915,1.4992802199379678,1.0324328760679473,1.253958975636888,,20.562787556989203,0.007569994242540403
2011-06-09,5.645828168798621,1.6272781882758829,,2.5329977745384373,1.501630533947521,1.0313672405909162,1.0927282692923745,,21.233022646551465,0.007439149748481479
2011-06-10,5.837238902317123,1.6935279463794326,,2.5342873418323224,1.5039881330599763,1.0302992087723462,1.1618980660342666,,20.692900670257096,0.007377737167469909
2011-06-13,5.4457293461016105,1.5599196716661796,-0.16005355222254708,2.5355818048277707,1.50635302310913,1.0292287817186407,0.9812526126918542,-0.21006694027818384,22.651004104172756,0.007212987596973415
2011-06-14,5.647583620961146,1.6297507846666517,,2.536881170434386,1.50872520987829,1.028155960556096,1.0549136907116043,,22.066115191666857,0.007067875484712846
2011-06-15,5.853755650920472,1.7010626384371432,,2.538185445531129,1.511104699100231,1.0270807464308978,1.13043299714666,,21.46271701953571,0.006904615411242668
2011-06-16,6.507448268385894,1.925810497473618,,2.5394946369662765,1.513491496457157,1.0260031405091194,1.3977546182991798,,22.626631218420226,0.006793072393007352
2011-06-17,5.8891850423425085,1.7144595930935032,,2.5408087515573787,1.5158856075806628,1.024923143976716,1.1199600989475413,,21.871255086331214,0.006802349301871463
2011-06-20,6.372595115765512,1.8808256391194513,0.0472170927463007,2.5421277960912163,1.5182870380516924,1.023840758039524,1.3143190869510062,0.04802136593287591,22.000320488993136,0.006702150487317527
2011-06-21,5.99561760830423,1.7522020556566107,,2.543451777323757,1.520695793400503,1.022755983923254,1.139948362971266,,21.97547430429237,0.00665646551990919
2011-06-22,6.306316686060451,1.859353707302225,,2.544780701980115,1.5231118791066245,1.0216688228734907,1.2603040132344057,,21.66792134127781,0.006544449256584373
2011-06-23,6.20555216833032,1.8254325397427438,,2.5461145767545075,1.5255353005988237,1.0205792761556838,1.2043259752772533,,21.6360932532157,0.006520395377164961
2011-06-24,6.596114730021826,1.9599667920111294,,2.547453408310213,1.5279660632550647,1.0194873450551485,1.3589245532689762,,22.861584900139114,0.006406997101989072
2011-06-27,6.138864026858631,1.803822639413773,-0.01078490705748466,2.5487972032795323,1.5304041724024724,1.01839303087706,1.1501824716696887,-0.025481133821855767,22.482217007327836,0.006333862213936469
2011-06-28,5.8111649100822635,1.6920966099997075,,2.5501459682637417,1.5328496333172972,1.0172963349464446,0.996970395816931,,24.16679237500366,0.006245235714208951
2011-06-29,5.913368143840086,1.7277661162363642,,2.551499709833058,1.535302451224875,1.0161972586081829,1.02801009652033,,24.00892354704545,0.006286672407823651
2011-06-30,6.246392371861054,1.8425747007268691,,2.552858434526592,1.537762631299595,1.0150958032269972,1.1579810072081813,,22.861816240914138,0.006244339654228979
2011-07-01,3.8548763554394467,0.9501128035186337,,2.400622148852312,1.3354301786648601,1.065191970187452,0.8480711830631522,,15.87358995601708,0.006212660722682472
2011-07-04,4.46769192041751,1.1607356088321705,-0.36070856983590965,2.4017490155902412,1.3375826401307105,1.0641663754595307,1.0991144424826431,-0.4510655586534906,14.73041969302557,0.006251726064372982
2011-07-05,4.202254261873267,1.0705489235013739,,2.403522279142025,1.3405976713265924,1.0629246078154329,0.9707324465978806,,14.963063280130546,0.006372174980014829
2011-07-06,5.241878729525776,1.4279584514842871,,2.4056068565119455,1.3440284913427343,1.0615783651692112,1.4002194738466989,,17.991966479850802,0.006279174295644911
2011-07-07,3.851124041647083,0.9521986686309254,,2.4079128603029445,1.34775524672486,1.0601576135780846,0.7870980574542901,,17.21381609317951,0.0062259277000243024
2011-07-08,4.58155801630374,1.2037849408880035,,2.410393720452853,1.351715840455848,1.058677879997005,1.0822608172623183,,15.098939362492972,0.006207604238405735
2011-07-11,4.168455002948093,1.0633688304115352,-0.43470444568733235,2.413020176325315,1.3558712547436529,1.0571489215816623,0.8866783012178026,-0.5449231070034187,16.67916146758066,0.006175161011305488
2011-07-12,4.445200775391306,1.1595300266788473,,2.415771809104639,1.360194260881118,1.0555775482235212,0.9861840598237162,,15.927483885821703,0.006146834973505163
2011-07-13,4.723525206137893,1.2562829459157254,,2.418633375072133,1.3646645302811176,1.0539688447910156,1.0858774512821991,,15.605255301159417,0.006065104087070895
2011-07-14,3.9176008311980053,0.9813382075157515,,2.4215929394220637,1.3692661462311844,1.0523267931908793,0.7204604400000414,,19.09188478731809,0.0061227813283550704
2011-07-15,4.873000371372201,1.3103161381455837,,2.424640819557907,1.3739861949551921,1.0506546246027149,1.1095101124733961,,16.174209216492248,0.00603176501365891
2011-07-18,5.515822733558767,1.5321610932043181,-0.13312304179414397,2.4277689392159267,1.3788139044448253,1.0489550347711014,1.3642500237859505,-0.16958836783223333,18.89248317072543,0.006012457914457684
2011-07-19,4.751761390616057,1.2716789879013188,,2.4309704102279324,1.3837400868099294,1.047230323418003,1.0157243420546405,,16.94107328460839,0.006049625247674697
2011-07-20,5.062938126461634,1.3798801606369713,,2.434239249149676,1.3887567604497342,1.0454824886999416,1.1277279389705606,,16.876743963411364,0.006029591096460128
2011-07-21,5.393074581573261,1.4946095223501743,,2.4375701781300614,1.393856884545152,1.0437132935849094,1.2475951385139619,,18.25357173143936,0.005960563187961525
2011-07-22,5.040053983339333,1.375139081112853,,2.44095848070751,1.3990341667872832,1.0419243139202268,1.0744411417832336,,17.19406526120142,0.005864868298715123
2011-07-25,4.957865981160413,1.3485489774541182,-0.2674532025387021,2.444399894717782,1.404282920587867,1.0401169741299148,1.0171388923081446,-0.33928938129959474,18.054082283576186,0.005824694981971345
2011-07-26,4.429082061785755,1.168861873783213,,2.447890531040066,1.4095979567407524,1.0382925742993134,0.7682374961824896,,20.83310702788086,0.00574484455605091
2011-07-27,5.514896921317127,1.5427713948875352,,2.4514268108002613,1.414974499692964,1.0364523111072972,1.21112310760221,,18.620011164693842,0.005731561291400549
2011-07-28,5.316427093413678,1.476373062690425,,2.455005416055033,1.4204081217901257,1.0345972942649073,1.103432860330791,,18.06928533317227,0.005629402364745787
2011-07-29,5.06756408789879,1.3927139250701783,,2.4586232505149894,1.425894690907389,1.0327285596076003,0.9739921131991648,,19.66138564944982,0.005631830407635414
2011-08-01,5.532719938146201,1.5538767284534925,-0.14311188136643943,2.4622774078731147,1.4314303282206915,1.0308470796524232,1.1504198347623456,-0.18574430675836437,18.576746297618232,0.005605392005283497
2011-08-02,5.350931921840026,1.4932443812084206,,2.4659651459829455,1.4370113737776886,1.0289537722052569,1.0494593202567615,,19.508380775460896,0.005575196292753519
2011-08-03,5.4374442353195365,1.5246136604383536,,2.4696838655978883,1.4426343581501844,1.027049507447704,1.0633704384828555,,19.672887158395454,0.0056062299906299235
2011-08-04,5.902097846162004,1.685643153029134,,2.4734310927107077,1.4482959788868153,1.0251351138238924,1.2392396523031215,,20.038318877123952,0.005550830612193203
2011-08-05,5.289260297434417,1.47725775292234,,2.477204463766378,1.453993080796869,1.023211382969509,0.9532357190982923,,21.38621003979778,0.00546220160898637
2011-08-08,6.192316133245677,1.788616801080384,0.0004383916836379065,2.4810017131914033,1.4597226393227305,1.0212790738686728,1.3168199322337941,-0.008247931750945278,21.20036259662597,0.00540377699328943
2011-08-09,5.4048597504757705,1.5203802010383634,,2.4848206628078957,1.4654817464253445,1.0193389163825513,0.9558288219575839,,21.97755465080332,0.005337602194991334
2011-08-10,5.730601173223074,1.6338189658385525,,2.4886592127941434,1.4712675985316561,1.0173916142624873,1.0718623872783666,,21.127483460944735,0.005282040625151607
2011-08-11,6.704248378780384,1.9694034403836893,,2.492515333923965,1.4770774861871079,1.015437847736857,1.4655194152970945,,23.270918262056867,0.005217106775253236
2011-08-12,6.49460776600282,1.8992948874032032,,2.496387060871085,1.4829087851281635,1.0134782757429215,1.3520119993745268,,22.331155302524756,0.00508851914816944
2011-08-15,6.203130110495641,1.8011326693257286,-0.004392823598084634,2.5002724864063897,1.488758948545333,1.0115135378610567,1.203399547419649,-0.01626321996989128,21.04060789100592,0.005016356151989397
2011-08-16,5.908810609771993,1.7019999756428228,,2.504169756348341,1.4946255003504136,1.0095442559979273,1.053545968025231,,22.55943133828151,0.004973075040957312
2011-08-17,6.121845031078271,1.7768202143486922,,2.5080770651523374,1.500506029295663,1.0075710358566745,1.121115183290679,,22.19723737157663,0.0049228088396320825
2011-08-18,6.401872490423425,1.8746116771950583,,2.511992652045026,1.5063981838195664,1.0055944682254598,1.2173894810074208,,21.76809936632629,0.0049250345844971625
2011-08-19,6.458512236323622,1.8958144353565702,,2.5159147976257037,1.5122996675153941,1.0036151301103096,1.217928152366334,,21.969401323267583,0.004958710092749121
2011-08-22,6.482720525390036,1.905898409633965,0.052181968798780676,2.519841820869939,1.5182082351360557,1.0016335857338834,1.2045775956921612,0.05246491535489657,22.304335606329747,0.004935783424683561
2011-08-23,6.5728500825644955,1.9385837555592944,,2.5237720764810776,1.5241216890627913,0.9996503874182863,1.2194968119501637,,22.46908534362024,0.004939570210163343
2011-08-24,6.577673220120749,1.9420202173646555,,2.5277039525438503,1.530037876176675,0.9976660763671752,1.197881609720908,,22.99901496985036,0.004911823731600257
2011-08-25,6.216999443551312,1.8201417347228135,,2.531635868441357,1.5359546850812815,0.9956811833600756,1.0196578747352796,,25.09475993345617,0.004907179008340517
2011-08-26,6.609803110099433,1.9565959247901796,,2.53556627300248,1.5418700436325898,0.9936962293698901,1.1643934323084648,,23.960538251736043,0.004919499292021039
2011-08-29,7.179470858007308,2.1536860571631053,0.2041312078290822,2.539493642851597,1.547781916738627,0.99171172611297,1.384975524836654,0.2404150852444047,24.811247787827106,0.00491082108096491
2011-08-30,6.449065402164684,1.905032925970597,,2.543416480936469,1.5536883043966723,0.9897281765397967,1.0484381597640047,,25.74483186309398,0.00485628747502684
2011-08-31,6.930106394703871,2.071728287166458,,2.5473333152135256,1.5595872399403283,0.9877460752731972,1.2311539132094365,,24.22908275282063,0.0047783880916360795
2011-09-01,6.777823206784474,2.0212786688671693,,2.551242697472596,1.5654767884725178,0.9857659090000781,1.1425136991568912,,25.42612229635297,0.004697499528368281
2011-09-02,7.171793544612358,2.1581100392004893,,2.555143202285513,1.571355045463641,0.983788156821872,1.2880576098733576,,24.614505520824324,0.0046177685399435555
2011-09-05,7.064660671367961,2.1231279962326504,0.17065158311753045,2.5590334260650214,1.577220135496818,0.9818132905682033,1.2189251583367953,0.19659941674127762,25.28058955120691,0.004569528795579844
2011-09-06,7.785389357418698,2.371976950496991,,2.5629119862221788,1.5830702111444397,0.9798417750777391,1.50467926089064,,27.16298760446231,0.004494421265428181
2011-09-07,7.5129634769544555,2.280307872052469,,2.5667775204118555,1.5889034519621927,0.9778740684496627,1.3648909250907308,,25.955053666781765,0.004425556399077012
2011-09-08,6.9436054582255515,2.086824958814918,,2.5706286858572427,1.5947180635884253,0.9759106222688174,1.0979475887218435,,27.410118135747652,0.004244686230732231
2011-09-09,7.704444114252639,2.3494003210839143,,2.5744641587453287,1.6005122769381424,0.9739518818071864,1.4011964786801971,,26.695371614323253,0.004252216973348381
2011-09-12,7.264845872345684,2.2003875456917483,0.20928484624833238,2.5782826336862676,1.6062843474821822,0.9719982862040855,1.1900865690428728,0.24296003017849066,27.095435468825052,0.004162167430847246
2011-09-13,7.400148643698188,2.2484733082056203,,2.582082823230342,1.6120325546031946,0.9700502686271473,1.2254830988965646,,27.04262328477554,0.004100325732758054
2011-09-14,7.777702942588265,2.379605756448395,,2.5858634574369557,1.6177552010209852,0.9681082564159704,1.3648280540370534,,26.89020327051609,0.004088546672161804
2011-09-15,7.561151324288906,2.307033174742049,,2.5896232834906816,1.6234506122806054,0.9661726712100762,1.249688499321085,,27.398049780691853,0.0040204464013331755
2011-09-16,8.110769218146906,2.4971351265149653,,2.593361065359938,1.629117136297272,0.9642439290626661,1.4630455087457153,,28.23920801004654,0.004015254851585078
2011-09-19,7.591790683551654,2.320848427632727,0.2770458647744913,2.5970755834943215,1.6347531429528435,0.9623224405414781,1.2185766337258341,0.3257793679210153,28.299661442413438,0.003886543454132368
2011-09-20,7.710413061742364,2.363154455461677,,2.6007656345570567,1.640357023739102,0.9604086108179546,1.2475150408503977,,28.302700246613448,0.0038882225838637245
2011-09-21,7.761048412771221,2.3821367842868355,,2.6044300311893576,1.645927191443597,0.9585028397457607,1.2474715574113806,,28.593569255448244,0.003842245749609654
2011-09-22,7.8560805710601365,2.416326461404324,,2.6080676018038353,1.6514620798742141,0.9566055219296212,1.2666162676209582,,28.690489234601845,0.003766995544173552
2011-09-23,8.501572660202502,2.6392302978246693,,2.611677190404367,1.6569601436190182,0.954717046785349,1.5218388769511901,,29.722060444911037,0.003759917635491763
2011-09-26,8.399245133979063,2.605723339403857,0.454829332084798,2.615257656430068,1.662419857838247,0.9528377985918208,1.4567393018797925,0.5461887309783316,29.245872282121653,0.003657671185014591
2011-09-27,8.839450937903845,2.7582117793094527,,2.6188078746212677,1.6678397180856324,0.9509681565356354,1.624331311187443,,31.095100979298145,0.0036031568470398173
2011-09-28,9.095927645793346,2.8476908333613973,,2.6223267349055512,1.673218240156483,0.9491084947490682,1.7133648707413711,,32.15720159478375,0.003613818070621977
2011-09-29,8.002244735951585,2.474240948964116,,2.625813142302132,1.6785539599602033,0.9472591823419285,1.2239464051703524,,30.52534547585848,0.00346364638216078
2011-09-30,8.447832434480755,2.6285234084896487,,2.6292660168429602,1.68384543341513,0.9454205834278302,1.3944083025142233,,29.306359823094674,0.0034095301660361675
2011-10-03,8.071137022079832,2.5008621487210854,0.3732824546975674,2.6326842935091164,1.6890912363637498,0.9435930571453666,1.2126611888672347,0.4425092217044858,31.18436234214812,0.0033342967447897954
2011-10-04,8.269682843084336,2.570407878213904,,2.6360669221811777,1.6942899645065417,0.941776957674636,1.2776490753443015,,30.80361478705936,0.003308335284126267
2011-10-05,8.379755468770666,2.6096008761255134,,2.639412867602331,1.6994402333528258,0.9399726342495052,1.3049278568144753,,30.79723153894544,0.0031804897990035264
2011-10-06,8.288106679130467,2.5796127002400784,,2.6427211093531464,1.7045406781871435,0.9381804311660029,1.2459674470664024,,31.650445162574123,0.003138904123895925
2011-10-07,8.34714965942554,2.6012702543517285,,2.6459906418369687,1.7095899540498147,0.936400687787154,1.2518068631150527,,31.852798180343,0.0030369447763917575
2011-10-10,8.7213686588858,2.730967671244297,0.5156157603434137,2.6492204742750207,1.7145867357304259,0.9346337385445949,1.3929440789523877,0.6187652973563497,30.699244534447654,0.0029539898934114444
2011-10-11,8.401919492844934,2.6228150562824712,,2.6524096307103373,1.7195297177731064,0.9328799129372309,1.2370219550151453,,32.51329029246801,0.002836570229888597
2011-10-12,9.17774918995632,2.8901652236057274,,2.6555571500197566,1.7244176144925354,0.9311395355272212,1.5507366583631803,,32.15429032379856,0.0027559081355911013
2011-10-13,8.616342414724855,2.6990124695769264,,2.6586620859332237,1.7292491599997126,0.9294129259335111,1.2915861293870854,,32.46805924679655,0.0026877169397353786
2011-10-14,9.974761002327826,3.166063270447441,,2.661723507059745,1.7340231082365851,0.92770039882316,1.855458453751044,,35.50350339550333,0.0026374115524366837
2011-10-17,8.886574265925175,2.7942552448786877,0.5473762696072068,2.664740496919367,1.7387382330187104,0.9260022639006567,1.371030565374051,0.6569012529622208,32.161290466390746,0.002584823081076402
2011-10-18,9.122190362273768,2.876299336456164,,2.6677121539805944,1.7433933280851779,0.9243188258954165,1.4541959743727357,,31.78459865713676,0.0025079871804266577
2011-10-19,8.69530590451824,2.7311768238092484,,2.6706375917027305,1.7479872071550817,0.9226503845476488,1.2536860294851764,,33.80918943615078,0.002402372452667739
2011-10-20,9.796751911864037,3.110029360521271,,2.6735159385826237,1.752518703989879,0.9209972345927446,1.708432467709025,,34.612121132651005,0.0023541847640518266
2011-10-21,9.641630650791813,3.0580344635699337,,2.676346338205372,1.7569866724610232,0.9193596657443486,1.6249117745814607,,33.91619483994021,0.0023168517095263413
2011-10-24,9.40314072944908,2.9774312600016164,0.6597665321351103,2.679127949298555,1.7613899866222955,0.9177379626762596,1.5059273672327123,0.795930018988993,32.863387361236995,0.002256402360641808
2011-10-25,8.876471414479305,2.7979985384428594,,2.6818599457895913,1.765727540786308,0.9161324050032833,1.263707158469373,,34.61635226613341,0.00218224040461881
2011-10-26,9.469423655494623,3.0024105289481198,,2.6845415168658473,1.769998249604676,0.9145432672611713,1.501598281263369,,33.08730535279859,0.002141928423811755
2011-10-27,9.050221791593566,2.859772345264101,,2.687171867037154,1.7742010481514017,0.9129708188857522,1.3059863912488134,,34.62558727688759,0.002092627513045503
2011-10-28,10.000762753294554,3.186733996951912,,2.6897502162004114,1.7783348920090343,0.9114153241913772,1.6976881815300384,,35.30604654856113,0.0020497888361733657
2011-10-31,9.81754476032867,3.124951657233257,0.7491502413418716,2.692275799705964,1.7823987573572029,0.9098770423487612,1.6037779671351786,0.9063151721552947,34.49227499188852,0.0019864585515959616
2011-11-01,9.612280216637606,3.0555835127362485,,2.694747868425481,1.786391641063144,0.9083562273623369,1.5007074968363043,,33.5844668389088,0.001935815670361995
2011-11-02,8.769846313458693,2.7677299703002407,,2.697165688821057,1.790312560773868,0.9068531280471892,1.1248562112867695,,37.25551399377018,0.001863631973669412
2011-11-03,9.321224498875955,2.9577271894266204,,2.699528543015303,1.794160555009637,0.905367988005666,1.3466481582107823,,35.23249503664558,0.0017785085879955522
2011-11-04,9.948109819992139,3.173584571057151,,2.701835728862182,1.7979346832584377,0.9039010456037444,1.6010988529984185,,34.94217405005146,0.0017233839289731365
2011-11-07,10.17299729300759,3.2515857987777617,0.8254280579590305,2.7040865600183706,1.8016340260711596,0.9024525339472109,1.6835665798296329,1.0004407012648666,35.879723095294565,0.0016777616566031263
2011-11-08,10.17690368949577,3.2537934512899263,,2.7062803660149473,1.8052576851572066,0.9010226808577406,1.6716331568810263,,35.8706854563469,0.0016395604678023446
2011-11-09,9.270798296440242,2.9439681201717383,,2.7084164923292087,1.8088047834802747,0.8996117088489339,1.2700028331440565,,36.73811630776931,0.0015668814617073098
2011-11-10,9.971947970580867,3.185172428544978,,2.7104943004564337,1.8122744653540708,0.8982198351023629,1.5575073113760063,,34.94218997749365,0.0015354410621930329
2011-11-11,10.259321144662309,3.284480976108586,,2.7125131679814247,1.815665896537721,0.8968472714437037,1.6679931790101605,,36.14946432603074,0.0014801768696077872
2011-11-14,9.360035211342142,2.976905156512379,0.6350299559684347,2.7144724886496636,1.818978264330677,0.8954942243189865,1.2702279294933403,0.761351422704571,37.24655759219584,0.0014024822985210456
2011-11-15,9.973315179480455,3.187893268118461,,2.7163716724379303,1.8222107776669008,0.8941608947710296,1.5210251003609152,,34.90027487269234,0.001358067593158262
2011-11-16,10.106614766921371,3.2342863172738157,,2.718210145624244,1.8253626672081458,0.892847478416098,1.5664390269544142,,35.4250158922307,0.0013191385960281744
2011-11-17,9.939241596928861,3.1775609428354246,,2.71998735085699,1.828433185436153,0.8915541654208368,1.4833184977091427,,35.58767380744043,0.001261658732232006
2011-11-18,9.429035205592614,3.0032618758846574,,2.721702747223103,1.8314216067435924,0.8902811404795106,1.253597328433412,,38.03345576842982,0.0012032471936684328
2011-11-21,9.995116056213279,3.1979444589769517,0.7760225317986136,2.7233558103151942,1.8343272275235871,0.8890285827916071,1.4854725110125278,0.936637098620364,35.85882948696858,0.001161180850157141
2011-11-22,10.025400662756867,3.208894117071783,,2.7249460322974977,1.837149366257677,0.8877966660398207,1.4880535517194233,,35.97266583240639,0.001120462914329894
2011-11-23,10.118000997882465,3.241177583172878,,2.726472921970543,1.8398873636020716,0.8865855583684712,1.5176765029199084,,35.81157132400771,0.0010876285311302372
2011-11-24,10.001494940008868,3.2017356230668312,,2.7279360048344428,1.8425405824720635,0.8853954223623792,1.458019868658303,,36.53872907931599,0.0010449500042366
2011-11-25,10.071547561787042,3.2262246199715765,,2.729334823150707,1.8451084081244726,0.8842264150262342,1.4786565851382525,,36.45837901346773,0.0010241415823124525
2011-11-28,10.239598462814195,3.2842808029241093,0.8281616231154743,2.7306689360024903,1.8475902482380062,0.8830786877644841,1.5416343058859594,1.000998192069253,35.95001499157793,0.0009974468131513548
2011-11-29,10.434244521584377,3.3514229046199433,,2.7319379193531907,1.8499855329914188,0.881952386361772,1.6163537237368755,,36.64696542769034,0.000963247489409326
2011-11-30,10.197715865826417,3.270701065555964,,2.7331413661033217,1.8522937151393672,0.8808476509639545,1.506629700710867,,36.52896291527264,0.000932875696780343
2011-12-01,10.184752419689556,3.2665973645202206,,2.734278886145578,1.8545142700858621,0.8797646160597159,1.4930669308306619,,36.77202575179581,0.0009029277478288703
2011-12-02,10.383296914665598,3.3349777080761926,,2.735350106418031,1.8566466959552228,0.878703410462808,1.5704998016933915,,36.37748329223826,0.0008855361969081844
2011-12-05,9.700469927535705,3.101140415026015,0.7016300343784434,2.7363546709553828,1.8586905136604432,0.8776641572949395,1.2705531247761659,0.8421680066272195,39.197877150177135,0.0008424051039686105
2011-12-06,10.560539482354534,3.3962629371141246,,2.737292240938221,1.8606452669688944,0.8766469739693266,1.632200536052863,,37.10573990930918,0.0008249053481290302
2011-12-07,10.413131362312097,3.3459311088308628,,2.7381624947402115,1.8625105225652772,0.8756519721749343,1.5624260579968332,,36.46083145054061,0.0007997562804491346
2011-12-08,10.445932642447076,3.357351787221277,,2.738965127973181,1.8642858701117575,0.8746792578614233,1.5702398991013917,,36.58542593019204,0.0007857066626064211
2011-12-09,10.78596445743905,3.4740749437199536,,2.739699853530028,1.865970922305216,0.8737289312248118,1.7100810684443857,,38.02896972947787,0.0007754696897328122
2011-12-12,9.782841758109857,3.1302541521136447,0.7176077664383218,2.740366401625433,1.86756531493155,0.8728010866938831,1.2746429854243129,0.8616254578022862,39.575143452266715,0.000742353914289073
2011-12-13,9.791053654097302,3.133142706047617,,2.740964519834301,1.8690687069169627,0.8718958129173382,1.272993626438118,,39.66077850909537,0.0007075382871992307
2011-12-14,10.592240356273445,3.407874285014777,,2.741493973127912,1.8704807803761931,0.8710131927517191,1.611551357174721,,37.160884003744826,0.0006899059946983616
2011-12-15,10.507373663256685,3.378781978318682,,2.7419545439077386,1.871801240657632,0.8701533032501065,1.5707337123883547,,36.80703529203381,0.000667188902349901
2011-12-16,10.581821206345971,3.404277454780169,,2.7423460320368873,1.8730298163852777,0.8693162156516097,1.5985563578640674,,37.09382763075927,0.0006569078927974892
2011-12-19,10.371846034718093,3.3322222491044533,0.8498484266815995,2.7426682548691454,1.874166259497487,0.8685019953716584,1.5048471982216203,1.026565572443794,37.56996559401014,0.000634619646844412
2011-12-20,10.776379661229253,3.4708213775971215,,2.7429210472755887,1.8752103452824893,0.8677107019930994,1.674863396418479,,37.9075198782432,0.0006153326636598598
2011-12-21,10.879476821271297,3.506036398354829,,2.743104261668738,1.876161872410619,0.866942389258119,1.716057698859287,,38.34015563644563,0.0005974685504464658
2011-12-22,10.730574473551977,3.4548170686859128,,2.743217768024232,1.8770206629632447,0.8661971050609871,1.6496180070559736,,37.69336537504458,0.0005743334338983158
2011-12-23,10.476946604470422,3.367657278048175,,2.743261453899997,1.8777865624583558,0.8654748914416412,1.5386622936976684,,37.380809618174126,0.0005579482535224955
2011-12-26,9.836528229488115,3.1478489913839254,0.7255689403082778,2.7432352244528975,1.8784594398727947,0.8647757845801027,1.2623060317306343,0.8710116172931966,40.16925126039814,0.000528280513889894
2011-12-27,10.848361050471603,3.494492188786968,,2.7431390024528475,1.8790391876611017,0.8640998147917458,1.694424618866671,,38.17569275028082,0.0005195278549180941
2011-12-28,11.010567292101815,3.5498001808483814,,2.742972728294376,1.8795257217709624,0.8634470065234134,1.7627850217036014,,38.86452040834909,0.0005016680915270577
2011-12-29,10.81131596000499,3.481145182877026,,2.7427363600056243,1.8799189816552389,0.8628173783503854,1.6766027434528359,,38.00481935236546,0.0004886161217233134
2011-12-30,10.279527906041643,3.298442908715899,,2.7424298732547827,1.880218930280575,0.8622109429742078,1.448272566175449,,38.359463641051256,0.0004750621997853854
2012-01-02,10.823836873950887,3.4846535006790798,0.9497900240528292,2.7420532613539432,1.8804255541325694,0.8616277072213738,1.6814947131827331,1.151240683606053,38.048673324891126,0.00045340204646011597
2012-01-03,10.888724263574462,3.5064563058576437,,2.7416065352603782,1.8805388632175062,0.861067672042872,1.709618319411723,,38.32272197096487,0.00044988798820377526
2012-01-04,11.131578890055106,3.589241793558403,,2.7410897235752354,1.8805588910606479,0.8605308325145875,1.8143813282305108,,39.360062809923754,0.00043889545426846217
2012-01-05,10.276733984594165,3.295638526990299,,2.7405028725396567,1.8804856947010873,0.8600171778385695,1.4490692060668935,,38.32188206531847,0.000422896446933718
2012-01-06,10.500418385097943,3.3717821429114285,,2.739846046028319,1.8803193546831674,0.8595266913451516,1.5463511670015466,,37.32924880738346,0.00041098815876802736
2012-01-09,10.83645462595685,3.486411839548944,0.9516975603855741,2.739119325540404,1.8800599750444729,0.8590593504959312,1.6921507827159912,1.1537354005849094,38.08830001083247,0.0004027898947613606
2012-01-10,10.589163098139213,3.401008945768474,,2.7383228101880124,1.8797076833004087,0.8586151268876037,1.5883191940161323,,37.02731247911618,0.00039122410314413724
2012-01-11,10.171094934034619,3.257019624442177,,2.737456616682022,1.879262630425377,0.8581939862566448,1.4116634901176857,,38.58698076996021,0.0003792853102325253
2012-01-12,10.699297032126172,3.4374314523283513,,2.7365208793154108,1.8787249908305728,0.857795888484838,1.6409174335845782,,37.49869940879152,0.0003701854067664888
2012-01-13,10.747668466635997,3.453295617654957,,2.7355157499440628,1.8780949623384182,0.8574207876056446,1.6648942074106932,,37.706554666694124,0.00036581038268549066
2012-01-16,10.565815653647029,3.3901915484938243,0.8893322822319134,2.7344413979650635,1.8773727661536594,0.857068631811404,1.5905672006033098,1.0760460402752965,36.92830435383754,0.0003562509225731742
2012-01-17,10.600713898861123,3.401368014837548,,2.733298010292525,1.8765586468311581,0.8567393634613669,1.6094963859081497,,37.07955562652946,0.0003518256451537507
2012-01-18,10.421084287387266,3.3389580622284054,,2.7320857913309426,1.8756528722404018,0.8564329190905409,1.5368469869875423,,37.08808655683552,0.0003430027021039071
2012-01-19,11.01574590616929,3.541985488005362,,2.730804962946128,1.8746557335267764,0.8561492294193518,1.7963975738841853,,38.863338560768426,0.0003304159472557979
2012-01-20,10.168771037451956,3.2507037647630965,,2.7294557644337365,1.8735675450696365,0.8558882193641,1.438463717512735,,37.93890654365519,0.0003257011742132675
2012-01-23,10.263067752587103,3.282110072497916,0.8200954062455305,2.7280384524854266,1.872388644437211,0.8556498080482156,1.484290530022644,0.9899225614939513,37.40686678444137,0.000312701744635632
2012-01-24,10.456047205629181,3.347316942108921,,2.726553301152681,1.871119392338401,0.8554339088142799,1.57276721936753,,36.476465075147466,0.00030718571143372657
2012-01-25,10.742368070226982,3.444493205171057,,2.725000601808336,1.8697601725715114,0.8552404292368248,1.7016032767266451,,37.70861826002084,0.00029964768794731923
2012-01-26,9.8921493990591,3.1519655457220925,,2.723380663105848,1.8683113919699745,0.8550692711358736,1.343705416455794,,38.562563016476176,0.0002902034123518079
2012-01-27,9.93809053754311,3.166659613513805,,2.721693810936353,1.8667734803451257,0.8549203305912272,1.3702289678803097,,38.20439735950473,0.0002770661063614409
2012-01-30,9.662927180935771,3.0712278149962144,0.6833440395886866,2.71994038838356,1.8651468904260917,0.8547934979574681,1.259487614265884,0.8195588739245401,39.214145120845885,0.0002663654026870662
2012-01-31,10.365991680932588,3.3111557041291566,,2.718120755676527,1.8634320977968608,0.8546886578796662,1.5683363815848514,,36.12136560886755,0.00025775941767422283
2012-02-01,9.940541254501298,3.1641316539587927,,2.716235290140386,1.8616296008306068,0.8546056893097793,1.3938837282496253,,37.660742246045594,0.0002516127464795004
2012-02-02,10.173744987662444,3.242899543603597,,2.714284386145057,1.8597399206213463,0.8545444655237107,1.5020574041186587,,36.46728073308434,0.0002443679613701903
2012-02-03,10.515204219002015,3.3587514611475573,,2.7122684550520284,1.857763600913008,0.8545048541390203,1.6569703293967641,,36.785928068443084,0.0002401359844727662
2012-02-06,10.033567351367365,3.192367067623898,0.7689371915286569,2.7101879251592638,1.8557012080260056,0.8544867171332582,1.4594697999085786,0.92727536137773,36.65583602235266,0.00022749380219933316
2012-02-07,10.31244886112528,3.2867001144478127,,2.7080432416443037,1.853553330781407,0.8544899108628967,1.5882456341929116,,35.93638575130113,0.00022092053151376092
2012-02-08,10.099138645947754,3.2122502197721796,,2.7058348665056404,1.8513205804227981,0.8545142860828423,1.5064198942600397,,35.93071454865144,0.00021476188414473784
2012-02-09,10.410574345966234,3.3176819499973718,,2.7035632785024433,1.8490035905359483,0.854559687966495,1.6498207378004137,,36.37845379450265,0.00020981558875310613
2012-02-10,10.31208423048401,3.282536666614563,,2.701228973092718,1.8466030169663894,0.8546259561263285,1.6178722270685906,,35.96790508635003,0.00020610694593931075
2012-02-13,9.873102557602902,3.1306206494760795,0.7335749441281122,2.698832462369991,1.8441195377350268,0.8547129246349643,1.4403294833088354,0.883942856831749,36.17442747443224,0.00019855347789984784
2012-02-14,10.024783514277267,3.181187019068747,,2.6963742749986164,1.8415538529519102,0.8548204220467062,1.5162560899418422,,35.267229924868694,0.00019269116719540085
2012-02-15,10.416704119835297,3.314091017689709,,2.6938549561477942,1.8389066847282955,0.8549482714194987,1.6954681943863696,,36.45403319621324,0.00019045360309975572
2012-02-16,10.155716090890923,3.22311064881274,,2.691275067424423,1.8361787770871438,0.8550962903372792,1.5951853076252582,,35.349119549203635,0.00018172778974955204
2012-02-17,9.494803834266166,2.994983703200499,,2.688635186804886,1.8333708958722044,0.8552642909326815,1.3238265872095347,,36.721634587933046,0.00017592435513805795
2012-02-20,10.177987747564181,3.2276603190679958,0.8050041552403899,2.6859359085659014,1.8304838286558425,0.8554520799100589,1.6288265378315498,0.9742397854297465,35.47328860903137,0.00017117445602748393
2012-02-21,9.532771704958467,3.004856405748365,,2.683177843214553,1.827518384645784,0.8556594585687689,1.3648267912803482,,35.97701273806149,0.00016389198485308374
2012-02-22,10.36972096991341,3.290194642306191,,2.680361617417643,1.8244753945909515,0.8558862228266912,1.7363523550851023,,36.325700344050205,0.00016125549483781456
2012-02-23,10.19583301740867,3.228931616551907,,2.677487873930512,1.8213557106865876,0.8561321632439245,1.6749705366627414,,35.59654581747137,0.0001595722992009003
2012-02-24,9.900025730428423,3.1258394923753743,,2.6745572715254697,1.8181602064788636,0.8563970650466062,1.5616430278666236,,34.34536056652926,0.00015694632906765177
2012-02-27,9.813884595196726,3.0946050480780474,0.7239307500868539,2.671570484920007,1.8148897767691914,0.8566807081508154,1.5384747032846204,0.8740425453137909,33.99322033381133,0.00015264651014667535
2012-02-28,9.645108751092353,3.035011179166629,,2.6685282047049492,1.8115453375184662,0.856982867186483,1.4801904991143533,,33.91449888294032,0.0001495173297989027
2012-02-29,9.914310002218846,3.1255537022857243,,2.6654311372727446,1.8081278257514812,0.8573033115212634,1.6099064184614853,,34.45909420827725,0.00014726856404918818
2012-03-01,9.504760682921829,2.9833549090754294,,2.6622800047460733,1.8046381994617713,0.857641805284302,1.449021474042462,,33.834650148301854,0.00014293320389971253
2012-03-02,9.67384919350595,3.039519749811897,,2.6590755449069863,1.8010774375171654,0.8579981073898209,1.5364129181131494,,33.465868459310926,0.00013850683811887475
2012-03-05,9.852614387635901,3.0989761947685066,0.735323289138778,2.655818511126791,1.7974465395663342,0.858371971560457,1.6282366945442517,0.8895549853174387,34.2513422576409,0.00013482465419634832
2012-03-06,9.306024484630772,2.9097137183980952,,2.652509672296918,1.793746525946645,0.858763146350273,1.4094755444178064,,33.614014851500045,0.00013190382165620133
2012-03-07,9.24140161670525,2.885671715497524,,2.6491498127610207,1.7899784375936612,0.8591713751673595,1.3975495265950568,,33.52043755295012,0.00012802326426545227
2012-03-08,8.992657652533152,2.798477497826348,,2.645739732248568,1.7861433359526309,0.859596396295937,1.306988513843962,,34.209561776219516,0.00012276496860386647
2012-03-09,8.990952325512977,2.7959576523384433,,2.642280245810216,1.7822423028923529,0.8600379429178633,1.322571390973427,,33.833652937925095,0.0001171723300182015
2012-03-12,8.675639107578617,2.685890912172974,0.4692086967042791,2.6387721837552656,1.7782764406218161,0.8604957431334495,1.2040171439055907,0.5583030841686936,34.795576462621796,0.00011394093901259199
2012-03-13,9.522316645869969,2.9741972206270364,,2.635216391591525,1.7742468716100517,0.8609695199814735,1.583721189962381,,32.96092084297502,0.00011104768271169941
2012-03-14,9.850547359997297,3.084726964476051,,2.6316137299679268,1.770154738509654,0.8614589914582726,1.7414919198220697,,34.38994400738534,0.00010976237571301135
2012-03-15,9.66610708697498,3.0194608522108517,,2.62796507462027,1.7660012040844724,0.8619638705357977,1.6798005456050182,,33.62220720514961,0.00010917212128415564
2012-03-16,8.547203660267595,2.6337848554006924,,2.6242713163204883,1.7617874511420037,0.8624838651784845,1.2178747778480263,,33.72827667329852,0.00010440703288012059
2012-03-19,9.31841304390661,2.8961254546537725,0.6193812516371995,2.620533360829877,1.7575146824710552,0.8630186783588218,1.5662428832044852,0.747521206826702,32.178710948004586,0.00010230693691803437
2012-03-20,9.510134239290938,2.959762750500039,,2.616752128856728,1.7531841207853,0.8635680080714279,1.6665000732738335,,33.024259409977454,0.00010052884161441708
2012-03-21,8.799512301015417,2.7140040688002007,,2.6129285560188826,1.748797008673375,0.8641315473455076,1.3802755115625753,,31.373427635996396,9.832342107644846e-05
2012-03-22,8.941230292412568,2.7604554883447343,,2.6090635928117285,1.7443546085562462,0.8647089842554823,1.4595717231537537,,30.63498911264236,9.722309448263027e-05
2012-03-23,8.148631802690385,2.4865495610029784,,2.6051582045822173,1.7398582026526015,0.8653000019296158,1.138674245031901,,33.28680684720239,9.296234732684024e-05
2012-03-26,8.889779361540711,2.738479625293869,0.5249789913275092,2.6012133715095356,1.7353090929531076,0.8659042785564279,1.475319518149604,0.6311226253291261,30.46481710333168,9.149833704942465e-05
2012-03-27,8.368573865850518,2.5575836098240288,,2.597230088593088,1.730708601204426,0.8665214873886622,1.2711746417892182,,31.44744736771402,8.986367865074114e-05
2012-03-28,8.75447512505645,2.687676791693079,,2.5932093656485327,1.7260580689039589,0.8671512967445738,1.456003321590686,,29.936658422304237,8.78694480327324e-05
2012-03-29,8.081364476527382,2.454661836055632,,2.589152227312659,1.7213588573063885,0.8677933700062703,1.1871784189780563,,31.761866250466294,8.525592422729684e-05
2012-03-30,8.76038275562134,2.685216100147686,,2.585059713057962,1.71661234744314,0.8684473656148217,1.4980410811147795,,30.015018468820134,8.400500017088988e-05
2012-04-02,8.87098786395238,2.7208685138471997,0.5245449474818835,2.580932877217848,1.7118199401560286,0.8691129370618194,1.5654968414700319,0.632276075089917,30.516038941100003,8.292701175746811e-05
2012-04-03,8.17976583629582,2.481591945487667,,2.576772789023492,1.706983056146432,0.8697897328770599,1.2895060768891569,,29.93050508150762,8.137681397791498e-05
2012-04-04,7.996885904021406,2.416587795058752,,2.572580532653447,1.7021031360414751,0.8704773966119719,1.23156474882991,,30.23556892039569,7.97420012667594e-05
2012-04-05,7.580605984175314,2.2715450190646234,,2.5683572072972227,1.6971816404788325,0.8711755668183903,1.0737781840963352,,31.536712405531183,7.674275736136677e-05
2012-04-06,8.18186555262985,2.475357687069912,,2.564103927234151,1.6922200502119182,0.8718838770222328,1.3522580201006416,,28.472893412702096,7.584252976871975e-05
2012-04-09,8.01095564468169,2.414411839093137,0.3320867353113694,2.5598218219289888,1.687219866237391,0.8726019556915978,1.29998077609515,0.3934802455266036,28.7144220134917,7.499557736547975e-05
2012-04-10,7.610583161130878,2.2747789620308425,,2.5555120361458474,1.6821826099470947,0.8733294261987528,1.1495296980948864,,29.93554203364817,7.323108680652833e-05
2012-04-11,8.250462584806387,2.4917902925301023,,2.551175730082194,1.6771098233067596,0.8740659067754344,1.4450626367535853,,28.053808552194667,7.105885016881668e-05
2012-04-12,7.872438732605626,2.359793189190577,,2.5468140795248466,1.6720030690640353,0.8748110104608113,1.3045075117843379,,27.812851922940325,6.957484893531845e-05
2012-04-13,7.591016283027757,2.2609041135187833,,2.542428276030087,1.6668639309886693,0.8755643450414177,1.2055035371918843,,28.513528223529956,6.816462500882806e-05
2012-04-16,7.710609286525755,2.2994941764328116,0.267783319172951,2.5380195271302224,1.661694014147964,0.8763255129822585,1.2785081533018967,0.31494722919885026,27.492287259557322,6.614679931291528e-05
2012-04-17,8.216459566476573,2.4705040187070946,,2.533589056569197,1.656494945220955,0.877094111348242,1.5171906260603973,,28.02643154874983,6.507745657461424e-05
2012-04-18,7.988949412703104,2.390065306021551,,2.52913810457012,1.651268372855153,0.8778697317149668,1.4417089144184363,,27.08153414334208,6.332715183021803e-05
2012-04-19,7.668473824684258,2.277742641063377,,2.524667928137901,1.6460159680700932,0.878651960067808,1.3265120588453196,,26.128496776679693,6.259988789546545e-05
2012-04-20,7.866392173019873,2.3431455619060535,,2.5201798014005528,1.6407394247124376,0.8794403766881151,1.4336051774821654,,26.617187124599987,6.182646282891793e-05
2012-04-23,7.1787880045339305,2.104931903941775,0.15076279651241403,2.5156750159931143,1.6354404599679102,0.8802345560252041,1.1613036665098992,0.1705747247232022,27.183781321661943,5.9711665052949124e-05
2012-04-24,7.531536350129472,2.2234023056368835,,2.511154881488632,1.6301208149359747,0.8810340665526575,1.3349763300450292,,25.243734086586944,5.898661806922021e-05
2012-04-25,7.506585921112022,2.212368390358408,,2.506620725881173,1.6247822552738815,0.8818384706072913,1.346880604846852,,25.167880602730023,5.809978288655291e-05
2012-04-26,7.225132364258616,2.1133835969408215,,2.5020738961264266,1.6194265719175147,0.8826473242089119,1.2489510956427057,,25.40239454235478,5.742302930541241e-05
2012-04-27,7.476292701857974,2.1970029879876067,,2.4975157587462062,1.61405558188742,0.8834601768587862,1.3793743322810328,,25.100667380663293,5.6480845924093504e-05
2012-04-30,6.984812468788169,2.0259971257623373,0.11111796505825887,2.4929477005039127,1.6086711291894646,0.884276571314448,1.191606110992797,0.12296543850532882,25.367141585163388,5.51530839749278e-05
2012-05-01,7.370278015247844,2.155653433484306,,2.488371129159005,1.603275085820832,0.8850960433381732,1.3797481919872496,,24.709480547175893,5.411030485113039e-05
2012-05-02,7.318682877471018,2.1354560942604865,,2.483787474309583,1.5978693528934982,0.885918121416085,1.380648168623192,,24.52011857406425,5.322204941622529e-05
2012-05-03,6.038053417007124,1.6938719850010364,,2.4791981883334437,1.5924558618890121,0.8867423264444316,0.8548818797844522,,27.81505152789244,5.209209307167359e-05
2012-05-04,7.409049882994168,2.161413898270694,,2.474604747439453,1.587036576060361,0.8875681713790917,1.4655824315868786,,24.971230693759974,5.168120333008423e-05
2012-05-07,5.8590327147264345,1.627463275157285,-0.14139731479093667,2.4700086528427927,1.5816134919989986,0.8883951608437941,0.8244686071960854,-0.19070256822303983,27.503240678025286,5.0529676955117156e-05
2012-05-08,6.643247537885236,1.8938193474625342,,2.4654114320796454,1.5761886413877968,0.8892227906918486,1.183781287554378,,23.601525843626877,4.965642263815215e-05
2012-05-09,7.150818489831103,2.065325421360327,,2.460814640479283,1.5707640929638642,0.8900505475154188,1.4245662981025273,,23.960858623880597,4.9061241927274136e-05
2012-05-10,6.613922157867992,1.8787285141587886,,2.456219862814325,1.56534195471893,0.8908779080953948,1.217748945931064,,22.643959299769474,4.958025687900284e-05
2012-05-11,6.14480000456809,1.7153693295794743,,2.4516287151533,1.5599243763694572,0.8917043387838428,1.039996478999026,,24.112395448462504,4.852857039908866e-05
2012-05-14,6.208139839866369,1.734570192038775,-0.05672598024964752,2.447042846943639,1.5545135521340057,0.8925292948096333,1.090452992876505,-0.0828733915533839,23.29879198702276,4.765531274170393e-05
2012-05-15,6.883361542153015,1.9635615807111546,,2.442463943358037,1.5491117238617487,0.8933522194962884,1.4031475858098417,,22.94368753100773,4.870850534084618e-05
2012-05-16,5.7844530954934505,1.584283057837133,,2.437893727942926,1.5437211845638075,0.8941725433791183,0.9554955049815117,,24.030892810852652,4.82090841031021e-05
2012-05-17,6.785225158520652,1.9248991223417184,,2.433333965614821,1.5383442824084177,0.8949896832064035,1.4076929475527202,,22.58768855370579,4.728130688872264e-05
2012-05-18,6.3039802180510875,1.7574000641210383,,2.4287864660589,1.5329834252523988,0.8958030408065012,1.2247181103960554,,20.722776308624564,4.720487574090755e-05
2012-05-21,5.839230689466678,1.5955624574426084,-0.13615105931906313,2.424253087594661,1.5276410857954075,0.8966120017992536,1.0487817862290425,-0.18016772879094922,22.175091966620656,4.630250497737067e-05
2012-05-22,5.985924392479399,1.6433693261648616,,2.419735741586539,1.5223198074607898,0.8974159341257493,1.134852546615386,,21.008103956865884,4.624183109870685e-05
2012-05-23,5.767602182285918,1.566035619680375,,2.41523639749346,1.5170222111283629,0.8982141863650972,1.0644385599631168,,21.40686191777818,4.569991762071456e-05
2012-05-24,6.360624793829579,1.7668859908545567,,2.4107570886715686,1.511751002871414,0.8990060858001545,1.3416847830001932,,20.928727468803125,4.524064249958881e-05
2012-05-25,6.2478400341634845,1.7257549794527425,,2.406299919069819,1.5065089828841989,0.8997909361856202,1.3163731543486246,,20.477278137456274,4.562225805061836e-05
2012-05-28,5.32408821443676,1.4065888782309637,-0.24903327016853366,2.4018670709905976,1.5012990558294685,0.900568015161129,0.9434248857480615,-0.3193054660590434,21.70762384377496,4.541195537349116e-05
2012-05-29,5.719133830297327,1.5395937419498977,,2.3974608141291305,1.4961242428910542,0.9013365712380763,1.135585425113154,,19.485636139501178,4.5481422759587625e-05
2012-05-30,5.493198255598959,1.45970374454385,,2.3930835161593764,1.4909876958884234,0.902095820270953,1.0615098465367818,,19.927638733768045,4.5317966969381865e-05
2012-05-31,6.183324717665161,1.6939063194352943,,2.3887376552046824,1.4858927139042624,0.90284494130042,1.3799192091731678,,20.327116184890755,4.495031760461272e-05
2012-06-01,5.193742249537892,1.352224093061588,,2.38442583462491,1.4808427630006777,0.9035830716242321,0.9783278952817145,,20.167508549557216,4.486855146136193e-05
2012-06-04,6.163874480789225,1.682460764420095,-0.05231295620513393,2.3801508006769136,1.475841499766537,0.9043093009103766,1.416475865469289,-0.07148421512919692,20.305876375606452,4.5211038746153575e-05
2012-06-05,5.527336376013398,1.4618571398181064,,2.375915463775205,1.4708927996650605,0.9050226641101444,1.1658985887375197,,17.708467194876793,4.504315602801913e-05
2012-06-06,5.069429559021527,1.3025181134642132,,2.3717229243137448,1.4660007914629127,0.905722132850832,0.9917106305058996,,19.16240403186837,4.551470790947044e-05
2012-06-07,5.1767466078948985,1.3369912979967833,,2.367576504337491,1.4611698994589684,0.9064066048785226,1.0595787718575767,,18.198553276792882,4.564028267707832e-05
2012-06-08,5.071531629675436,1.2986192402238788,,2.363479786819189,1.4564048958534057,0.9070748909657831,1.0361620697381382,,18.150563272313605,4.551601406517498e-05
2012-06-11,4.844962287150709,1.218664710933266,-0.34918383012523174,2.359436664975294,1.4517109665023065,0.9077256984729876,0.9605182061999805,-0.44072383326865106,18.628116794774524,4.54074437796621e-05
2012-06-12,5.263983941915113,1.3600824409879553,,2.3554514050626665,1.447093794646615,0.9083576104160516,1.1613178236061712,,16.629272467798664,4.531950418902763e-05
2012-06-13,4.7415421140483485,1.1787417176225288,,2.3515287276324495,1.4425596692506881,0.9089690583817613,0.9583723366469116,,18.102789163093263,4.464218960330206e-05
2012-06-14,4.34957944907558,1.0421682526828357,,2.3476739146222267,1.438115627791868,0.9095582868303587,0.8110606964811398,,19.308671290421465,4.442773357431853e-05
2012-06-15,4.922177815610933,1.2363358276292407,,2.343892953559634,1.433769648532002,0.9101233050276318,1.0768181779047759,,16.38848474758247,4.4404056924987175e-05
2012-06-18,4.367481423685988,1.044040028930521,-0.4540131861818056,2.3401927366931177,1.4295309160251635,0.9106618206679542,0.859102486562481,-0.5700224635475798,18.30811201963349,4.410958492208238e-05
2012-06-19,4.679815347086736,1.1490533049467584,,2.3365813443635153,1.4254101989464558,0.9111711454170595,1.0125860687363277,,16.52136739324989,4.415382937925968e-05
2012-06-20,4.570787494444176,1.1096458408923664,,2.333068463241275,1.4214204077416823,0.9116480554995927,0.985054974451179,,16.551036208152723,4.4084768696151945e-05
2012-06-21,4.5314301872969205,1.0941772645891186,,2.3296660322028466,1.4175774557959007,0.912088576406946,0.9868950449920285,,16.294056040360882,4.4330392156508585e-05
2012-06-22,5.485771690852464,1.419464531633646,,2.3263892990344095,1.413901668371764,0.9124876306626455,1.414046133610287,,17.794934246813508,4.457926459480135e-05
2012-06-25,4.756243279970103,1.1674938081077302,-0.36132958834978224,2.3232586866158873,1.4104202708549147,0.9128384157609726,1.1188820059303504,-0.45261080450046814,14.691861551228172,4.461990138185218e-05
2012-06-26,4.775844151437593,1.1724501865605557,,2.3203034596445833,1.4071722777188667,0.9131311819257166,1.1439779290681664,,14.798113168304155,4.406004099038589e-05
2012-06-27,4.024750226742735,0.913273307723268,,2.317570192240311,1.404219782665216,0.9133504095750951,0.8377600382138719,,16.929008477356874,4.476386223221519e-05
2012-06-28,4.378461618659504,1.033034590914194,,2.315148775854439,1.4016826358357408,0.9134661400186983,1.0035881657902026,,15.096046369961629,4.47096232648773e-05
2012-06-29,4.652644565970331,1.1258363155929816,,2.313374297533638,1.4000076148307659,0.9133666827028724,1.1323030093219926,,14.322953944912268,4.468825815128079e-05
2012-07-02,4.219211755806121,0.9770565304504393,-0.48196231303304055,2.3137635169238333,1.401217060714472,0.9125464562093613,0.9475377237775211,-0.6024528912913006,15.536793369369509,4.456184939762216e-05
2012-07-03,4.896121511687557,1.2089675412221583,,2.314158275289163,1.402433423373545,0.911724851915618,1.2386428499012427,,15.362094265276978,4.437749153071777e-05
2012-07-04,4.157852756381695,0.9556764096918765,,2.3145585701623883,1.4036566943844249,0.9109018757779634,0.9232522064992703,,15.804044878851546,4.500974022632923e-05
2012-07-05,4.479059855392515,1.065636063696179,,2.3149643990416675,1.4048868652757105,0.910077533765957,1.0619319448959341,,14.429549203797764,4.558612138970891e-05
2012-07-06,4.374655759689795,1.0296738032029331,,2.315375759390572,1.4061239275282182,0.9092518318623539,1.0182161815318844,,14.879077459963337,4.578025365915606e-05
2012-07-09,4.637766277251631,1.1197184791258301,-0.38685434724944673,2.315792648638101,1.4073678725750396,0.9084247760630615,1.132015971482327,-0.4835679340618084,14.246480989072873,4.574741804473494e-05
2012-07-10,4.356557109052356,1.023141191377349,,2.3162150641786976,1.4086186918016015,0.9075963723770961,1.0125451810232875,,14.960735107783139,4.60145391861297e-05
2012-07-11,4.486384820387278,1.0674927647514876,,2.3166430033722656,1.4098763765457265,0.9067666268265391,1.069242332485086,,14.406340440606407,4.605662366122228e-05
2012-07-12,4.499015374389511,1.0716643889866417,,2.3170764635441876,1.4111409180976913,0.9059355454464963,1.0757214043309933,,14.354195137666979,4.59893377870589e-05
2012-07-13,4.325082862210113,1.011873469113044,,2.3175154419853383,1.4124123077002877,0.9051031342850506,1.0022541440915924,,15.101581636086951,4.6141028145955026e-05
2012-07-16,4.752353449421612,1.1582112642196536,-0.361192490520231,2.3179599359521035,1.4136905365488843,0.9042693994032192,1.186454616823451,-0.4514906131502887,14.727640802745668,4.5969683090226e-05
2012-07-17,4.666452885469917,1.128606604980491,,2.318409942666398,1.4149755957914851,0.9034343468749131,1.1507338520170989,,14.357582562256137,4.6085690214954456e-05
2012-07-18,4.552442766343114,1.08936632656962,,2.318865459315681,1.4162674765287933,0.902597982786888,1.1029753847408181,,14.132920917879751,4.618201712806956e-05
2012-07-19,4.433232250931532,1.048344999984565,,2.3193264830529756,1.4175661698142714,0.9017603132387042,1.0529974197949776,,14.645687500192937,4.6444911290782145e-05
2012-07-20,4.863112419908095,1.1955852836623997,,2.319793010996884,1.418871666654204,0.90092134434268,1.2383532712322036,,15.194816045779996,4.619837730655614e-05
2012-07-23,4.502203680244197,1.0716998907422983,-0.41886673950513453,2.3202650402316083,1.4201839580077595,0.9000810822238487,1.0848088214356324,-0.5235834243814181,14.353751365721273,4.6506212295007764e-05
2012-07-24,4.477819579696235,1.0631963254608876,,2.3207425678069673,1.421503034787053,0.8992395330199143,1.0754984416131623,,14.460045931738906,4.613994671893683e-05
2012-07-25,4.622217408072492,1.112562803586575,,2.3212255907384156,1.4228288878572086,0.898396702881207,1.1385323923404276,,14.157035044832188,4.591427165821626e-05
2012-07-26,5.179787800049345,1.303590401956502,,2.321714106007061,1.4241615080364238,0.8975525979706371,1.3786495104820513,,16.544880024456276,4.570764966296551e-05
2012-07-27,4.117258641807345,0.9391572550374556,,2.322208110559685,1.425500886096033,0.8967072244636518,0.9244474548928523,,16.010534312031805,4.528008026938877e-05
2012-07-30,4.856228365066898,1.1923828271666426,-0.33841144855557165,2.3227076013087604,1.4268470127605692,0.8958605885481912,1.2423255467188723,-0.42301431069446455,15.154785339583032,4.5707306610018375e-05
2012-07-31,3.924557962379258,0.8728194606514275,,2.323212575132472,1.4281998787078314,0.8950126964246408,0.8442242045221156,,16.83975674185716,4.532173391891027e-05
2012-08-01,4.663597163179407,1.126072778987435,,2.323723028874735,1.429559474568947,0.8941635543057878,1.1621504483032405,,14.325909737342936,4.5048804560094776e-05
2012-08-02,5.1392085034450945,1.2890099393130479,,2.324238959345215,1.430925790928438,0.893313168416777,1.3671882150697476,,16.362624241413094,4.557207402784683e-05
2012-08-03,4.759335714733046,1.158640222936077,,2.324760363319348,1.4322988183242853,0.8924615449950626,1.2055990969943813,,14.733002786700961,4.534998623046611e-05
2012-08-06,4.6483869819444985,1.1204750094247753,-0.3863499937168166,2.3252872375383613,1.433678547247994,0.8916086902903673,1.159272309028963,-0.4829374921460207,14.255937617809689,4.5284580524264147e-05
2012-08-07,4.392871614138012,1.032746063743631,,2.325819578709293,1.4350649681446603,0.8907546105646327,1.050997547824199,,14.840674203204614,4.488520936880901e-05
2012-08-08,4.600250417294893,1.1037256640586266,,2.3263573835050115,1.4364580714130373,0.8898993120919743,1.1411151514863203,,14.046570800732832,4.523426562249511e-05
2012-08-09,4.501511120527812,1.0697524621515972,,2.32690064856424,1.437857847405601,0.8890428011586389,1.1000484250950975,,14.378094223105034,4.559169235954122e-05
2012-08-10,4.314984736662578,1.0056828070482375,,2.327449370491572,1.439264286428617,0.8881850840629553,1.0213677952389135,,15.178964911897033,4.590738640436174e-05
2012-08-13,4.488957757185869,1.0652149261430157,-0.4231900492379896,2.328003545857499,1.4406773787422082,0.8873261671152908,1.0971960364209776,-0.5289875615474869,14.434813423212304,4.614154773089599e-05
2012-08-14,4.660179526633644,1.1238057392751728,,2.328563171198425,1.4420971145604233,0.8864660566380018,1.1718542886543892,,14.29757174093966,4.6183661964664813e-05
2012-08-15,4.322546263980056,1.0079339517763233,,2.3291282430166946,1.443523484051302,0.8856047589653926,1.028440923771706,,15.15082560279596,4.597770975081876e-05
2012-08-16,4.309193933192383,1.003246181517838,,2.3296987577806108,1.444956477336945,0.8847422804436658,1.0240142042342424,,15.209422731027026,4.5653121544683685e-05
2012-08-17,4.115621909917219,0.9367707874889392,,2.330274711924458,1.446396084493582,0.8838786274308759,0.9423595688547557,,16.040365156388262,4.6197751792022e-05
2012-08-20,4.728769620371272,1.1468870031306677,-0.3687419979128883,2.3308561018485237,1.4478422955516397,0.883013806296884,1.206451049464974,-0.4609274973911104,14.586087539133343,4.6528469513056396e-05
2012-08-21,4.783181952050256,1.1654387914360473,,2.3314429239191243,1.4492951004958123,0.882147823423312,1.2310935897908712,,14.81798489295059,4.625060915515762e-05
2012-08-22,4.673697111440649,1.1277992533083823,,2.332035174468623,1.4507544892651292,0.8812806852034938,1.1855035559006069,,14.347490666354776,4.627876056334186e-05
2012-08-23,4.930716966087801,1.21582045912744,,2.332632849795455,1.4522204517530257,0.8804123980424294,1.2969960256623256,,15.447755739093,4.616546856081198e-05
2012-08-24,4.6239464920550155,1.1105441164496874,,2.3332359461641534,1.4536929778074132,0.8795429683567402,1.1668731233695224,,14.13180145562109,4.571050720902644e-05
2012-08-27,4.7306763561441185,1.147041312483891,-0.3686391250107395,2.3338444598053663,1.4551720572307487,0.8786724025746175,1.2139736978356122,-0.46079890626342435,14.588016406048634,4.5795097820718395e-05
2012-08-28,4.700089515436241,1.1364604910765077,,2.334458386915886,1.4566576797801054,0.8778007071357807,1.2022332936257398,,14.455756138456344,4.563557733032172e-05
2012-08-29,4.5619754734197615,1.0890151976698152,,2.33507772365867,1.4581498351672453,0.8769278884914247,1.1444188322545141,,14.137310029127311,4.525733637934591e-05
2012-08-30,4.408489075514412,1.0363013806244423,,2.3357024661628656,1.4596485130586871,0.8760539531041784,1.08002523883924,,14.796232742194471,4.467002048492027e-05
2012-08-31,5.369486533542012,1.3656983138950294,,2.336332610523834,1.4611537030757822,0.8751789074480516,1.4932765954445688,,17.321228923687865,4.405674060896478e-05
2012-09-03,4.436600841439636,1.045765882417579,-0.4361560783882807,2.3369681528031756,1.462665394794783,0.8743027580083926,1.0948727478167566,-0.5451950979853508,14.677926469780262,4.3920690871203426e-05
2012-09-04,4.361971211881599,1.0200946746655477,,2.337609089028753,1.464183577746915,0.8734255112818379,1.0643019210788496,,14.998816566680654,4.389804001768203e-05
2012-09-05,4.747170731758338,1.1520811788140128,,2.338255415194716,1.465708241418453,0.8725471737762631,1.230809714935969,,14.65101473517516,4.3564472413081864e-05
2012-09-06,4.683649374538995,1.1302225298354007,,2.338907127261529,1.4672393752507902,0.871667752010739,1.205017537545041,,14.377781622942507,4.383131955221724e-05
2012-09-07,4.1040504725677,0.9314250142867608,,2.3395642211559937,1.4687769686405128,0.870787252515481,0.9580582364989636,,16.10718732141549,4.3816422991293917e-05
2012-09-10,4.988886234424098,1.2347213905476486,-0.3101857396349009,2.3402266927712754,1.4703210109394733,0.8699056818318021,1.338722749124034,-0.38773217454362613,15.684017381845608,4.405552054464147e-05
2012-09-11,4.563196217825255,1.0886966509579001,,2.340894537966929,1.471871491454864,0.8690230465120647,1.157742305152239,,14.14129186302625,4.399405327430095e-05
2012-09-12,4.207548049332102,0.9666882685741136,,2.341567752568923,1.4734283994492916,0.8681393531196315,1.0067887351669336,,15.666396642823582,4.369442035170411e-05
2012-09-13,5.012652122628531,1.242654093722465,,2.3422463323696694,1.4749917241408517,0.8672546082288177,1.3533093412939328,,15.783176171530812,4.375025631219306e-05
2012-09-14,4.815762016083867,1.1750810685915385,,2.3429302731280464,1.4765614547032009,0.8663688184248455,1.270412790442624,,14.93851335739423,4.3266704963776837e-05
2012-09-17,4.154377882810181,0.9482549609662504,-0.5011633593558331,2.3436195705694263,1.4781375802656358,0.8654819903037905,0.9884562814734487,-0.6264541991947914,15.896812987921871,4.348814392202185e-05
2012-09-18,5.219167715754652,1.313261940830927,,2.3443142203857024,1.4797200899131657,0.8645941304725366,1.4462975159518243,,16.665774260386588,4.3133674569864494e-05
2012-09-19,4.827913067217301,1.1790556842039432,,2.3450142182353155,1.481308972686589,0.8637052455487266,1.2801285779415177,,14.98819605254929,4.35024864968706e-05
2012-09-20,4.593939736730578,1.0987764661249946,,2.3457195597432814,1.4829042175825684,0.862815342160713,1.1813748002388114,,14.01529417343757,4.338101901657165e-05
2012-09-21,5.154253467782989,1.2908262566746136,,2.3464302405012183,1.4845058135537084,0.8619244269475099,1.4230386343969752,,16.385328208432668,4.380880380239293e-05
2012-09-24,4.6535937359848445,1.119115734059557,-0.38725617729362877,2.3471462560673735,1.4861137495086303,0.8610325065587432,1.2100084170830763,-0.48407022161703595,14.238946675744462,4.3379248801256486e-05
2012-09-25,4.588167175994544,1.0966300309875163,,2.347867601966652,1.4877280143120502,0.8601395876546019,1.1835155530464454,,14.042124612656048,4.3126224158615376e-05
2012-09-26,4.367042064798474,1.0207639860773614,,2.3485942736906447,1.4893485967848556,0.859245676905789,1.0903035793815572,,14.990450174032983,4.328515241061757e-05
2012-09-27,4.801939722546045,1.1698220527168495,,2.3493262666976547,1.490975485704182,0.8583507809934727,1.2782530516002437,,14.872775658960618,4.375448621474457e-05
2012-09-28,4.765242178847111,1.1571923560788777,,2.3500635764127296,1.4926086698034922,0.8574549066092374,1.264099114902089,,14.71490445098597,4.4426832823699745e-05
2012-10-01,4.603702366795756,1.1017616167867654,-0.39882558880882313,2.3508061982276844,1.4942481377726538,0.8565580604550307,1.1964501587561105,-0.4985319860110289,14.022020209834567,4.445448804461831e-05
2012-10-02,4.322196375616739,1.0052016375358876,,2.351554127501136,1.4958938782580171,0.8556602492431189,1.0773959251778766,,15.184979530801405,4.5207166986773424e-05
2012-10-03,4.644288432267115,1.115591582499929,,2.3523073595585293,1.4975458798624939,0.8547614796960354,1.217035357987405,,14.194894781249111,4.510074002788048e-05
2012-10-04,4.5744988925377585,1.0916241457085436,,2.3530658896921657,1.4992041311456363,0.8538617585465293,1.1887343132813155,,14.104698178643206,4.5560338284107924e-05
2012-10-05,4.132322038941636,0.9399830817518959,,2.3538297131612342,1.5008686206237165,0.8529610925375177,1.0008474728135863,,16.000211478101303,4.518693220835584e-05
2012-10-08,4.084007407556777,0.9233825178410978,-0.5177449881059348,2.3545988251918417,1.5025393367698057,0.852059488422036,0.9817674840711778,-0.6471812351324185,16.207718526986277,4.536948484876052e-05
2012-10-09,4.797043188669107,1.1678184054571723,,2.3553732209770395,1.5042162680138547,0.8511569529631848,1.28898927483532,,14.847730068214654,4.443442477517315e-05
2012-10-10,3.6886704654804685,0.7877734021937974,,2.3561528956768565,1.5058994027427715,0.850253492934085,0.8156161554850181,,17.902832472577533,4.399914415438075e-05
2012-10-11,4.671311022586283,1.1246492632353513,,2.3569378444183293,1.507588729300506,0.8493491151178234,1.2384003083446948,,14.30811579044189,4.4195380669177454e-05
2012-10-12,4.432168321804064,1.042630033069541,,2.3577280622955294,1.5092842359881276,0.8484438263074019,1.1375717773250538,,14.717124586630737,4.368733854052421e-05
2012-10-15,5.057457848576483,1.2569895928255894,-0.29534027144960723,2.3585235443695987,1.510985911063907,0.8475376333056917,1.4072229020958935,-0.36917533931200897,15.962369910319865,4.386649736268104e-05
2012-10-16,4.426925896301016,1.040783814901535,,2.3593242856687766,1.5126937427433975,0.8466305429253791,1.1386735113703161,,14.740202313730814,4.42368872316157e-05
2012-10-17,4.830521566005772,1.1791381057102277,,2.3601302811884324,1.5144077191995167,0.8457225619889157,1.313330351337301,,14.989226321377844,4.40487560311593e-05
2012-10-18,4.46083865535158,1.0523703390514652,,2.3609415258910964,1.5161278285626283,0.8448136973284681,1.1565907523769594,,14.595370761856687,4.367721348036705e-05
2012-10-19,4.639620848692171,1.1136497784183372,,2.361758014706493,1.5178540589206255,0.8439039557858674,1.234916281943547,,14.170622230229215,4.350208447497034e-05
2012-10-22,4.857746361654298,1.1884203837104061,-0.3410530775263959,2.362579742531569,1.5195863983190097,0.8429933442125592,1.3301118779570174,-0.42631634690799486,15.105254796380077,4.313637225445473e-05
2012-10-23,4.437997740992503,1.0444933140410504,,2.3634067042305276,1.5213248347609785,0.8420818694695491,1.1519414773122914,,14.69383357448687,4.310787189537138e-05
2012-10-24,4.94871920159596,1.2195865861398085,,2.3642388946348616,1.5230693562075053,0.8411695384273563,1.3725525888822658,,15.494832326747606,4.315828650651288e-05
2012-10-25,4.252157569306776,0.9807562547472222,,2.365076308543384,1.5248199505774231,0.8402563579659608,1.0757652690114505,,15.490546815659725,4.305034942358718e-05
2012-10-26,4.703080239022165,1.1353511411070056,,2.36591894072226,1.5265766057475099,0.83934233497475,1.2707655321312668,,14.441889263837568,4.371492516267454e-05
2012-10-29,4.922911648185892,1.2107167667345424,-0.3261888221769718,2.3667667859050407,1.52833930955257,0.8384274763524708,1.3667352679707478,-0.4077360277212147,15.38395958418178,4.344366087309035e-05
2012-10-30,4.831009951448985,1.1792044990148403,,2.367619838792698,1.5301080497855208,0.837511789007177,1.329113673554071,,14.990056237685502,4.4002121335674686e-05
2012-10-31,5.2707557031864205,1.3299733852082494,,2.3684780940536534,1.531882814197476,0.8365952798561773,1.5193495457077875,,16.874667315103117,4.360259608445066e-05
2012-11-01,4.332793485124541,1.0083872819227209,,2.369341546323813,1.5336635904978309,0.8356779558259824,1.1191476929012318,,15.145158975965991,4.364207421346932e-05
2012-11-02,4.117286340953779,0.9345020898381695,,2.3702101902066053,1.535450366354345,0.8347598238522602,1.0285779786520568,,16.068723877022883,4.41202843201149e-05
2012-11-05,4.251956706711487,0.9806797869805858,-0.4795468086796096,2.371084020273007,1.5372431293932327,0.8338408908797743,1.0880928631189648,-0.5994335108495119,15.491502662742679,4.458296578415906e-05
2012-11-06,4.831108391967951,1.1792531079858126,,2.3719630310615845,1.5390418671992445,0.8329211638623399,1.33810825218151,,14.990663849822656,4.442576224448654e-05
2012-11-07,4.774200103196993,1.1597507521123256,,2.3728472170785215,1.5408465673157545,0.832000649762767,1.3155350074561614,,14.746884401404067,4.465941553705239e-05
2012-11-08,4.635684573532302,1.11227079915769,,2.37373657279766,1.5426572172448465,0.8310793555528135,1.2579957161919588,,14.153384989471125,4.4840231954815e-05
2012-11-09,4.206821526325798,0.9652451541071445,,2.374631092660528,1.5444738044474011,0.830157288213127,1.0760302470813317,,15.684435573660695,4.463401866103839e-05
2012-11-12,4.868215882006457,1.1920240751994873,-0.3386506165336752,2.375530771076381,1.5462963163431818,0.8292344547331991,1.3613264103425409,-0.4233132706670939,15.150300939993592,4.489335857852059e-05
2012-11-13,4.17111557861531,0.9530354266819352,,2.3764356024222306,1.548124740310922,0.8283108621113087,1.0644190236633408,,15.83705716647581,4.566363725647729e-05
2012-11-14,5.005338612441153,1.2390739498852281,,2.377345581042884,1.549959063688414,0.8273865173544701,1.423801501044949,,15.73842437356535,4.5869371350759446e-05
2012-11-15,5.5997478017172435,1.4428926107767839,,2.378260701250978,1.5517992737725934,0.8264614274783848,1.680415037243573,,18.2861576347098,4.611530132652612e-05
2012-11-16,4.727834438035952,1.1439741375885861,,2.3791809573270144,1.5536453578196312,0.8255355995073832,1.3086130298053638,,14.549676719857326,4.640671672272413e-05
2012-11-19,4.803590656445509,1.1699729762789293,-0.3533513491473806,2.3801063435193957,1.555497303045019,0.8246090404743767,1.3429635233936803,-0.44168918643422567,14.874662203486615,4.5811970254714583e-05
2012-11-20,4.4269222522836635,1.040856827732533,,2.381036854044461,1.557355096623659,0.823681757420802,1.183426131289325,,14.73928965334334,4.601361993941523e-05
2012-11-21,3.9657629628290216,0.8827744014695822,,2.381972483086522,1.5592187256899517,0.8227537573965704,0.9876867275269292,,16.715319981630223,4.560587756257304e-05
2012-11-22,4.388294394607089,1.0276736764363734,,2.3829132247979015,1.5610881773378862,0.8218250474600153,1.1706802728833527,,14.904079044545334,4.537574084725814e-05
2012-11-23,4.21663547774019,0.9688525710681501,,2.383859073298966,1.5629634386211293,0.8208956346778369,1.099029152456317,,15.639342861648124,4.627885196336832e-05
2012-11-26,4.092593946275632,0.9263594508301982,-0.5157603661132013,2.384810022678166,1.564844496553115,0.8199655261250509,1.0477938100908626,-0.6447004576415016,16.170506864622524,4.6185030997683796e-05
2012-11-27,5.201762360582127,1.306683193039478,,2.3857660669920704,1.566731338107132,0.8190347288849384,1.5250853294064792,,16.583539912993473,4.5889859845839746e-05
2012-11-28,4.694323193636955,1.132743502163093,,2.3867272002654056,1.5686239502164194,0.8181032500489862,1.3095533279202853,,14.409293777038659,4.637995759255325e-05
2012-11-29,4.73159099727083,1.1455625096736781,,2.387693416491092,1.5705223197742528,0.8171710967168391,1.3274754568663503,,14.569531370920975,4.5997558751152355e-05
2012-11-30,4.490415650038437,1.0629173161764502,,2.3886647096302807,1.5724264336340354,0.8162382759962452,1.226073078854598,,14.463533547794373,4.5824164087688085e-05
2012-12-03,4.5379358367530145,1.0792554701067878,-0.4138296865954749,2.389641073612393,1.5743362786093917,0.8153047950030015,1.2484056162428763,-0.5172871082443437,14.259306623665154,4.63537883243617e-05
2012-12-04,4.935894798056916,1.21574608186872,,2.390622502335158,1.5762518414742552,0.8143706608609027,1.4209344438101552,,15.446826023359,4.638322806424323e-05
2012-12-05,4.586839519359723,1.0961195457565742,,2.3916089896646486,1.5781731089629634,0.8134358807016853,1.273322541158681,,14.048505678042822,4.574733580930432e-05
2012-12-06,4.783749950944856,1.163683272562968,,2.392600529435322,1.580100067770347,0.8125004616649751,1.3597041584740568,,14.7960409070371,4.598335406645015e-05
2012-12-07,4.5292492424522655,1.0764794842585983,,2.3935971154500586,1.5820327045518248,0.8115644108982338,1.2526320598750724,,14.294006446767524,4.583102529359798e-05
2012-12-10,4.477935023644805,1.0589416531121545,-0.4273722312585638,2.394598741480198,1.5839710059234915,0.8106277355567064,1.2326480723136843,-0.5342152890732047,14.513229336098071,4.648222276277213e-05
2012-12-11,4.105100483184121,0.9311703001277767,,2.395605401265582,1.585914958462216,0.8096904428033658,1.0748778336219367,,16.110371248402792,4.6240879790303236e-05
2012-12-12,3.9051342945873815,0.8626701125159447,,2.396617088514589,1.5878645487057308,0.8087525398088582,0.9912021893506615,,16.966623593550693,4.669211396425156e-05
2012-12-13,4.505619948414676,1.0686125718720318,,2.397633796904178,1.5898197631527267,0.8078140337514514,1.2505854779927663,,14.392342851599603,4.745617088411145e-05
2012-12-14,4.616754728119067,1.106779603039188,,2.398655520079924,1.5917805882629443,0.8068749318169799,1.3002550920619291,,14.08474503798985,4.710589148610132e-05
2012-12-17,4.1466437727158025,0.9456643955949452,-0.5028904029367033,2.3996822516560616,1.593747010457271,0.8059352411987906,1.1008275049509524,-0.6286130036708791,15.929195055063186,4.703580690268485e-05
2012-12-18,4.58452561278745,1.0958630161958443,,2.4007139852155213,1.5957190161178323,0.804994969097689,1.2905477863626373,,14.05171229755195,4.7212410299755456e-05
2012-12-19,4.6152018758463385,1.1064503075588603,,2.401750714309971,1.5976965915880865,0.8040541227218845,1.3057594760366618,,14.080628844485753,4.6861229775224324e-05
2012-12-20,3.8415764762013067,0.8412790392728746,,2.402792432459858,1.599679723172922,0.8031127092869359,0.9762785222640151,,17.23401200908907,4.6987111037586246e-05
2012-12-21,4.275670586393702,0.99018504086246,,2.403839133154447,1.6016683971387469,0.8021707360157002,1.1643996982168217,,15.372686989219252,4.6903816540472174e-05
2012-12-24,4.738285661456767,1.1488716672482564,-0.36741888850116255,2.4048908098518624,1.6036625997135896,0.8012282101382728,1.3647521837739098,-0.45927361062645317,14.610895840603202,4.681218068596111e-05
2012-12-25,4.730987081192096,1.1464470475274893,,2.4059474559791276,1.6056623170871904,0.8002851388919372,1.3637211264965519,,14.580588094093615,4.6844513107673714e-05
2012-12-26,4.191497681588934,0.9615590100320288,,2.4070090649322085,1.6076675354110996,0.7993415295211088,1.1346162979511356,,15.730512374599641,4.688628810005926e-05
2012-12-27,4.6505022490412244,1.1190137660599684,,2.4080756300760515,1.6096782407987713,0.7983973892772802,1.3334454483737315,,14.237672075749602,4.696723331287916e-05
2012-12-28,4.952643645419826,1.2226888670432567,,2.409147144744629,1.6116944193256615,0.7974527254189676,1.4650555031297323,,15.533610838040708,4.672646740166993e-05
2012-12-31,4.866526497121815,1.193248755078908,-0.3378341632807282,2.410223602240978,1.6137160570293225,0.7965075452116557,1.4302770008779573,-0.4222927041009102,15.165609438486348,4.650520363189339e-05
2013-01-01,4.560944944405974,1.088565705558328,,2.4113049958372414,1.6157431399095024,0.7955618559277391,1.3014502718574121,,14.142928680520901,4.646721100068403e-05
2013-01-02,4.430241435824563,1.043842842401085,,2.412391318774714,1.6177756539282377,0.7946156648464764,1.247579206929594,,14.70196446998644,4.646011048116151e-05
2013-01-03,4.373494922712704,1.0244786618798596,,2.41348256426388,1.6198135850099553,0.7936689792539249,1.2254119123597795,,14.944016726501756,4.6288542175939006e-05
2013-01-04,4.757228938063738,1.1561383739491589,,2.4145787254844593,1.621856919041567,0.7927218064428923,1.3920298864780156,,14.701729674364486,4.643529870873707e-05
2013-01-07,4.661499105580341,1.1234124767771467,-0.384391682148569,2.415679795585447,1.6239056418725686,0.7917741537128786,1.3531712378440017,-0.48048960268571117,14.292655959714333,4.5694459869145334e-05
2013-01-08,4.813219001302105,1.1755284807322641,,2.4167857676851603,1.6259597393151373,0.790826028370023,1.4203703402304673,,14.9441060091533,4.540639099590675e-05
2013-01-09,4.638792505413458,1.1158248575745384,,2.417896634871276,1.628019197144229,0.7898774377270468,1.3478002691124018,,14.197810719681728,4.530346481467017e-05
2013-01-10,4.878907316869764,1.198251674041693,,2.419012390200877,1.6300840010976794,0.7889283891031975,1.4528985936497956,,15.228145925521163,4.496698162825478e-05
2013-01-11,4.625144780372434,1.1113511039549242,,2.4201330267004972,1.6321541368763,0.7879788898241973,1.3463430168199548,,14.14188879943655,4.5642589504282656e-05
2013-01-14,4.866370104709825,1.1941626459358026,-0.3372249027094651,2.4212585373661617,1.6342295901439794,0.7870289472221823,1.4519328975637322,-0.4215311283868314,15.17703307419753,4.566175230497977e-05
2013-01-15,4.896202889117205,1.2044987324439969,,2.4223889151634332,1.6363103465277795,0.7860785686356537,1.4669337620827754,,15.306234155549959,4.5745889684044606e-05
2013-01-16,4.309510674180952,1.0034568043730225,,2.4235241530274534,1.638396391618039,0.7851277614094143,1.217717397084317,,15.20678994533722,4.5558757584944525e-05
2013-01-17,3.9579188682038455,0.8830227143755106,,2.4246642438629897,1.6404877109684708,0.7841765328945189,1.0692661039378588,,16.71221607030612,4.556367772792436e-05
2013-01-18,5.130660293459076,1.2852191427217465,,2.4258091805444773,1.6425842900962622,0.7832248904482151,1.5741082184984452,,16.31523928402183,4.507931874304057e-05
2013-01-21,4.679931083148762,1.1307990476854715,-0.3794673015430191,2.426958955916067,1.6446861144821754,0.7822728414338918,1.3831849240890146,-0.47433412692877386,14.384988096068392,4.5021728264375876e-05
2013-01-22,3.9896874268105678,0.8942616925404655,,2.4281135627916663,1.646793169570648,0.7813203932210184,1.0896202852462298,,16.57172884324418,4.4654815332392126e-05
2013-01-23,4.339571863406162,1.0143416603337547,,2.4292729939549846,1.6489054407698949,0.7803675531850898,1.2418325161870882,,15.070729245828067,4.455460499361654e-05
2013-01-24,4.859210126484211,1.1926249150843795,,2.4304372421595826,1.6510229134520078,0.7794143287075748,1.466804057307482,,15.157811438554743,4.3550721326351664e-05
2013-01-25,4.49080691474889,1.066438780264053,,2.431606300128911,1.6531455729530558,0.7784607271758552,1.3111940482831217,,14.419515246699339,4.3121608874360086e-05
2013-01-28,4.409106240473061,1.038552629681705,-0.4409649135455302,2.432780160556363,1.6552734045731898,0.7775067559831732,1.2784641916753208,-0.5512061419319128,14.76809212897869,4.370443459514816e-05
2013-01-29,5.078264575447573,1.2681058232375562,,2.4339588161053136,1.6574063935767422,0.7765524225285714,1.5675386726236873,,16.10132279046945,4.404329620864105e-05
2013-01-30,4.221027871221091,0.9743255424339429,,2.4351422594091705,1.6595445251923302,0.7755977342168403,1.2024514532347585,,15.570930719575715,4.458040928686038e-05
2013-01-31,4.307841411957815,1.00422159706942,,2.436330483071416,1.661687784612956,0.77464269845846,1.241964780949731,,15.19723003663225,4.515197402066038e-05
2013-02-01,4.660791340424567,1.1253663770057922,,2.4375234796656566,1.6638361569961115,0.7736873226695451,1.3955441282533516,,14.3170797125724,4.543764230224007e-05
2013-02-04,4.723070565385908,1.1468545918464659,-0.3687636054356894,2.4387212417356676,1.6659896274638806,0.772731614271787,1.4245578672719628,-0.46095450679461175,14.585682398080824,4.526413825389043e-05
2013-02-05,4.759730950058656,1.1595611641208878,,2.4399237617954386,1.668148181103041,0.7717755806923976,1.4425996362541507,,14.744514551511097,4.485476430627639e-05
2013-02-06,4.904538042297684,1.2093485653482736,,2.441131032329225,1.67031180296517,0.770819229364055,1.506997509650512,,15.36685706685342,4.533142551148049e-05
2013-02-07,4.654695378391335,1.123829434481782,,2.442343045791589,1.6724804780667437,0.7698625677248452,1.4022672711689712,,14.297867931022274,4.536911665335688e-05
2013-02-08,4.756059676123275,1.1587260726726092,,2.44355979460745,1.674654191389246,0.768905603218204,1.4480617822300075,,14.734075908407613,4.641059756696986e-05
2013-02-11,4.493628801141327,1.06889488888219,-0.42073674074520667,2.4447812711721326,1.6768329278792693,0.7679483432928633,1.3379515389820067,-0.5259209259315083,14.388813888972624,4.6269914136410964e-05
2013-02-12,4.6058675067671455,1.1075237963884057,,2.446007467851412,1.679016672448619,0.766990795402793,1.388421417934126,,14.09404745485507,4.7110599110663235e-05
2013-02-13,4.62112544305695,1.1129041016064363,,2.4472383769815633,1.6812054099744196,0.7660329670071437,1.3973355369824647,,14.161301270080452,4.705592950897643e-05
2013-02-14,4.658332534079207,1.1258117762982844,,2.4484739908694073,1.6833991252992173,0.76507486557019,1.4156638456720727,,14.322647203728554,4.763707388264546e-05
2013-02-15,4.85299115931457,1.1927047769099315,,2.449714301792363,1.685597803231087,0.7641164985612758,1.501478774368501,,15.158809711374142,4.8382179162406216e-05
2013-02-18,4.776451595670079,1.1666174818333799,-0.35558834544441353,2.450959301998489,1.6878014285437355,0.7631578734547535,1.47107328083546,-0.4444854318055169,14.832718522917247,4.795077660994248e-05
2013-02-19,4.597169285224718,1.1053060403480222,,2.45220898370654,1.6900099859766093,0.7621989977299306,1.3966425364116368,,14.066325504350274,4.7753865414460846e-05
2013-02-20,4.298036320356417,1.0029048818070754,,2.4534633391060083,1.692223460234997,0.7612398788710113,1.270854562493841,,15.21368897741156,4.732379344613849e-05
2013-02-21,4.604446796787627,1.1081205509675252,,2.4547223603571773,1.6944418359901388,0.7602805243670385,1.4045925246995452,,14.101506887094065,4.681453358083161e-05
2013-02-22,4.570481440567169,1.0966378658125109,,2.4559860395911675,1.6966650978793307,0.7593209417118367,1.392462430144969,,14.042026677343616,4.710821033714189e-05
2013-02-25,4.647421401480055,1.123181789577584,-0.3845454736149442,2.457254368909989,1.6988932305060311,0.7583611384039579,1.427870467478011,-0.48068184201868014,14.289772369719797,4.7036676461295035e-05
2013-02-26,5.351606270856961,1.3647830368568483,,2.458527340386587,1.7011262184399678,0.7574011219466192,1.7321050145110282,,17.309787960710604,4.707061610943278e-05
2013-02-27,4.3955108944093855,1.0371472665750519,,2.459804946064893,1.703364046217244,0.7564408998476493,1.3247981294360585,,14.785659167811852,4.731867778641033e-05
2013-02-28,4.726135873126297,1.1506746822950433,,2.461087177959878,1.705606698340446,0.7554804796194319,1.46895005120925,,14.63343352868804,4.654588569866397e-05
2013-03-01,4.951794192841024,1.228215448069316,,2.462374028057594,1.7078541592787526,0.7545198687788415,1.5681234693653974,,15.602693100866446,4.709983553974347e-05
2013-03-04,4.611625302882581,1.111760229691926,-0.3921598468720494,2.4636654883152347,1.7101064134680368,0.7535590748471979,1.4248067005829441,-0.49019980859006174,14.147002871149075,4.696382675261538e-05
2013-03-05,5.395057006581874,1.38054141430066,,2.464961550661176,1.71236344531098,0.752598105350196,1.7630402131868046,,17.506767678758248,4.720119799772604e-05
2013-03-06,4.443978470565893,1.054635284992223,,2.466262206995033,1.7146252391771772,0.7516369678178558,1.3579193454174556,,14.567058937597215,4.7477489294962396e-05
2013-03-07,4.689198891838083,1.1388907066784058,,2.4675674491877078,1.716891779403245,0.7506756697844628,1.465505162751252,,14.486133833480071,4.8078873400242174e-05
2013-03-08,4.295655535981277,1.0041433106128423,,2.468877269081441,1.7191630502929303,0.7497142187885109,1.2993421885589829,,15.198208617339473,4.804553185906708e-05
2013-03-11,4.451668221216983,1.0578170317828048,-0.42812197881146347,2.4701916584898624,1.7214390361172192,0.7487526223726433,1.3687103258457252,-0.5351524735143293,14.52728710271494,4.7147755500127175e-05
2013-03-12,4.661287536058917,1.129872069247599,,2.4715106091980426,1.7237197211144464,0.7477908880835962,1.461059807673945,,14.373400865594986,4.718379715660037e-05
2013-03-13,4.86982034321645,1.2015564874769276,,2.472834112962544,1.7260050894904038,0.7468290234721402,1.5529506988365631,,15.269456093461594,4.728092394071499e-05
2013-03-14,4.68474484047931,1.138291380082829,,2.4741621615114724,1.72829512541845,0.7458670360930224,1.476159350521986,,14.478642251035362,4.685457083322517e-05
2013-03-15,5.013194054343893,1.2510937819201684,,2.4754947465445287,1.7305898130396185,0.7449049335049103,1.6194570404398287,,15.888672274002104,4.692853830116407e-05
2013-03-18,4.538702696469684,1.0886041627288794,-0.4075972248474138,2.4768318597330596,1.7328891364627301,0.7439427232703295,1.4186443398738293,-0.5094965310592672,14.142447965889007,4.6788002678932935e-05
2013-03-19,4.455112765761414,1.0601397764193194,,2.4781734927201144,1.7351930797645023,0.7429804129556121,1.3853678002886514,,14.498252794758509,4.623754042746059e-05
2013-03-20,5.517192241122611,1.4244782128735265,,2.47951963712049,1.737501626989658,0.742018010130832,1.8430993930815658,,18.05597766091908,4.6529447678232167e-05
2013-03-21,4.708200848086628,1.1473085179330438,,2.4808702845207877,1.7398147621510374,0.7410555223697504,1.498950409567342,,14.591356474163046,4.6305552078197067e-05
2013-03-22,4.317813870310505,1.0136622144825744,,2.4822254264794665,1.7421324692297078,0.7400929572497588,1.3342102373329257,,15.07922231896782,4.61480384505794e-05
2013-03-25,4.326049367308912,1.0166883485302318,-0.4555411009798455,2.483585054526893,1.7444547321750759,0.7391303223518171,1.3403151678378655,-0.5694263762248069,15.041395643372104,4.5967804379161154e-05
2013-03-26,4.238507527512726,0.9868784102562392,,2.484949160165397,1.746781534904997,0.7381676252603997,1.305379547725296,,15.414019871797011,4.649340869343296e-05
2013-03-27,4.895643135281066,1.2123883227028147,,2.4863177348693215,1.7491128613058895,0.737204873563432,1.5895982646844076,,15.404854033785181,4.648791138414511e-05
2013-03-28,4.439704729880528,1.056274724852811,,2.4876907700850808,1.7514486952328412,0.7362420748522396,1.396792101298855,,14.546565939339862,4.653264954435596e-05
2013-03-29,4.611201138044822,1.1152834970787784,,2.4890682572312075,1.753789020509727,0.7352792367214804,1.4728933918582,,14.191043713484728,4.636006782869977e-05
2013-04-01,4.543778301254262,1.0923789590674078,-0.4050806939550615,2.4904501876984133,1.7561338209293176,0.7343163667690957,1.4466075197635773,-0.5063508674438268,14.095263011657403,4.6565237341658424e-05
2013-04-02,4.821405331541332,1.1877790889529123,,2.491836552849636,1.7584830802533924,0.7333534725962436,1.5682069414445325,,15.097238611911402,4.7145951701011994e-05
2013-04-03,4.268393802639811,0.9983907088539177,,2.493227344020098,1.7608367822128514,0.7323905618072464,1.3338251682802484,,15.27011613932603,4.743350771391877e-05
2013-04-04,4.187669785620319,0.9709313256628382,,2.494622552517359,1.7631949105078295,0.7314276420095296,1.3018590675863773,,15.613358429214523,4.7739573898161596e-05
2013-04-05,4.641984607519926,1.1269156768617914,,2.4960221696213702,1.7655574488078076,0.7304647208135626,1.4992020448850467,,14.33644596077239,4.8012757999888734e-05
2013-04-08,4.773171386962741,1.1721151141639878,-0.35192325722400825,2.497426186584531,1.767924380751727,0.7295018058328038,1.5580682734567115,-0.4399040715300103,14.901438927049846,4.7431880332109524e-05
2013-04-09,4.678571666828893,1.139903877571717,,2.498834594631737,1.7702956899481008,0.7285389046836364,1.520175536912747,,14.498798469646461,4.7071113621957224e-05
2013-04-10,4.2782209142226435,1.0028655525083208,,2.5002473849604456,1.7726713599751298,0.7275760249853158,1.3512533006105307,,15.214180593645992,4.6996100371019054e-05
2013-04-11,4.797988428234506,1.1812981810509673,,2.5016645487407194,1.7750513743808152,0.7266131743599042,1.5766741006945242,,15.016227263137091,4.670175998716175e-05
2013-04-12,4.299851084826562,1.010736688748524,,2.5030860771152907,1.7774357166830725,0.7256503604322182,1.3658565776187275,,15.115791390643452,4.6268020376432114e-05
2013-04-15,4.376992231010877,1.0374153626256342,-0.4417230915829107,2.504511961199612,1.7798243703698453,0.7246875908297665,1.4015935736518879,-0.5521538644786383,14.782307967179575,4.550632995475369e-05
2013-04-16,4.228470051913726,0.9867255770333598,,2.5059421920819105,1.78221731889922,0.7237248731826904,1.3406242901909198,,15.415930287083004,4.496941865248641e-05
2013-04-17,5.013576927993545,1.256139001838244,,2.5073767608232505,1.7846145456995406,0.7227622151237099,1.679788297997345,,15.951737522978046,4.487693399363759e-05
2013-04-18,4.779181467335287,1.176010584923282,,2.50881565845758,1.7870160341695231,0.7217996242880567,1.5820292653236254,,14.950132311541024,4.486011559708383e-05
2013-04-19,4.768538743256434,1.1725992050814649,,2.510258875991794,1.789421767678371,0.7208371083134231,1.580170774030202,,14.90749006351831,4.455220385514256e-05
2013-04-22,4.992616914994018,1.2496653705370941,-0.300223086308604,2.511706404405788,1.7918317295658883,0.7198746748398999,1.6789134427372558,-0.375278857885755,15.870817131713675,4.4595009085807216e-05
2013-04-23,5.53981674266283,1.4375179097886468,,2.5131582346525145,1.7942459031425986,0.718912331509916,1.916143290378407,,18.218973872358085,4.443233393110708e-05
2013-04-24,3.95645170036111,0.8948928675307815,,2.514614357658038,1.7966642716898575,0.7179500859681807,1.2402803561033342,,16.56383915586523,4.488181081717843e-05
2013-04-25,4.295535117621593,1.0113948102947472,,2.516074764321595,1.7990868184599709,0.7169879458616242,1.3883303313284046,,15.107564871315663,4.482777730898277e-05
2013-04-26,4.337586489475812,1.0260589898990573,,2.5175394455156495,1.8015135266763083,0.7160259188393412,1.4090872640501297,,14.924262626261786,4.512087295606767e-05
2013-04-29,4.254736523558998,0.997901645314077,-0.4680655697906154,2.519008392085947,1.8039443795334207,0.7150640125525265,1.3763214361760168,-0.5850819622382692,15.27622943357404,4.5214773387574025e-05
2013-04-30,4.174639662351047,0.9706900102875546,,2.520481594851578,1.8063793601971567,0.7141022346544212,1.3447418730565999,,15.616374871405569,4.46589724981504e-05
2013-05-01,4.446180430168508,1.0640416323133561,,2.5219590446050284,1.8088184518047798,0.7131405928002486,1.463870492196475,,14.449479596083048,4.46337060825866e-05
2013-05-02,4.124507712638024,0.9540075541652715,,2.5234407321122436,1.8112616374650838,0.7121790946471598,1.328771080171673,,15.824905572934107,4.4151137822638974e-05
2013-05-03,4.666838669801308,1.1402050841044897,,2.5249266481126798,1.8137089002585085,0.7112177478541712,1.5639652553891203,,14.50256355130612,4.411922422438127e-05
2013-05-06,4.566917910632833,1.106203798571434,-0.3958641342857109,2.5264167833193687,1.8161602232372616,0.7102565600821071,1.5239149714515536,-0.4948301678571385,14.077547482142922,4.383530020614358e-05
2013-05-07,4.7164280276651445,1.1577234397716387,,2.5279111284189693,1.8186155894254317,0.7092955389935376,1.59076988913998,,14.721542997145484,4.3997248631789594e-05
2013-05-08,4.72501230100781,1.1609274141965904,,2.5294096740718284,1.8210749818191077,0.7083346922527207,1.5972342495648455,,14.76159267745738,4.3479776060194015e-05
2013-05-09,4.757593951894061,1.1723608224112012,,2.530912410912043,1.8235383833864962,0.7073740275255467,1.6139894114004976,,14.904510280140014,4.3496402270880735e-05
2013-05-10,4.415077509218651,1.0551909275811342,,2.53241932954751,1.8260057770680396,0.7064135524794706,1.4699944365444573,,14.560113405235823,4.373199426798462e-05
2013-05-13,5.2873947969971296,1.35453720831604,-0.23030852778930663,2.5339304205599955,1.8284771457765334,0.7054532747834621,1.8466486561715834,-0.28788565973663327,17.181715103950502,4.410169991893836e-05
2013-05-14,4.626264362348205,1.1281317339778518,,2.535445674505183,1.830952472397247,0.704493202107936,1.5661171398695617,,14.351646674723147,4.3810381892462913e-05
2013-05-15,3.891557581755934,0.8765018296850247,,2.5369650819127427,1.8334317397880373,0.7035333421247054,1.2540590268943181,,16.793727128937192,4.3828337258211126e-05
2013-05-16,4.191804427473148,0.979714910508054,,2.5384886332863816,1.8359149307794733,0.7025737025069083,1.3855585689145407,,15.503563618649327,4.391201181505695e-05
2013-05-17,3.932663517075577,0.8911396413166622,,2.540016319103909,1.8384020281749516,0.7016142909289576,1.2773265798207791,,16.610754483541722,4.453885867696113e-05
2013-05-20,4.54710525139022,1.102080155498157,-0.3986132296678954,2.5415481298172944,1.8408930147508156,0.7006551150664788,1.5434932091235116,-0.4982665370848693,14.02600194372696,4.395999721924042e-05
2013-05-21,4.497599825783994,1.0853833731136,,2.543084055852724,1.8433878732564761,0.699696182596248,1.525117089648476,,14.18270783608,4.361190412039066e-05
2013-05-22,4.375471149946819,1.043788916252065,,2.544624087610667,1.8458865864145295,0.6987375011961374,1.475622731729611,,14.702638546849187,4.473786817841998e-05
2013-05-23,5.242427752558917,1.3413111334880619,,2.5461682154659284,1.8483891369208778,0.6977790785450506,1.8500280537809548,,17.01638916860077,4.463920149481938e-05
2013-05-24,4.729926079229747,1.1658779448892294,,2.547716429767715,1.850895507444849,0.6968209223228661,1.6332429385563856,,14.823474311115366,4.389689049234888e-05
2013-05-27,4.791089963123064,1.1871318033735603,-0.34191213108429325,2.5492687208396925,1.8534056806293173,0.6958630402103751,1.6623204348462675,-0.42739016385536654,15.089147542169501,4.367826171195093e-05
2013-05-28,4.210248294607918,0.9882711814469477,,2.550825078980046,1.8559196390908204,0.6949054398892258,1.4162586158995047,,15.396610231913154,4.261390786422517e-05
2013-05-29,4.185586809949987,0.9801026130402786,,2.5523854944615434,1.8584373654196844,0.693948129041859,1.4085656317200326,,15.498717336996519,4.271708520447722e-05
2013-05-30,4.547327993259492,1.1044166598916347,,2.5539499575315916,1.8609588421801413,0.6929911153514503,1.5664796670446846,,14.055208248645432,4.304030597592741e-05
2013-05-31,4.594152166692602,1.1207608567582672,,2.5555184584123025,1.8634840519104514,0.6920344065018511,1.5894351228582853,,14.259510709478338,4.2699280225586366e-05
2013-06-03,3.883039283662784,0.8772426119462653,-0.5485049253691566,2.5570909873005503,1.866012977123022,0.6910780101775282,1.2875662420558536,-0.6856311567114457,16.784467350671687,4.2529397736213734e-05
2013-06-04,4.46878461618749,1.078363157258056,,2.558667534368035,1.868545600304531,0.6901219340635039,1.541499546877101,,14.270460534274301,4.289513583246531e-05
2013-06-05,4.53595613558252,1.1016886499448206,,2.5602480897613416,1.8710819039160471,0.6891661858452944,1.5731927163470727,,14.021108124310258,4.2235305583318616e-05
2013-06-06,4.454862634048,1.0741821001074645,,2.561832643602005,1.8736218703931518,0.6882107732088532,1.5413494955274825,,14.322723748656694,4.174636391106114e-05
2013-06-07,4.244607249148385,1.002393150518399,,2.5634211859865683,1.8761654821460576,0.6872557038405107,1.454156920294056,,15.220085618520015,4.167116150425357e-05
2013-06-10,4.339580759993711,1.0352557781694633,-0.4431628145536912,2.5650137069866474,1.8787127215597357,0.6863009854269118,1.4977824442715646,-0.553953518192114,14.80930277288171,4.14003073774944e-05
2013-06-11,4.4656366778624825,1.0787768967712645,,2.566610196648991,1.8812635709940344,0.6853466256549567,1.5547346919581149,,14.265288790359193,4.13012804576514e-05
2013-06-12,4.558431880601554,1.1108960028332058,,2.568210644995543,1.8838180127838018,0.6843926322117411,1.597438016325309,,14.136200035415072,4.084440103840783e-05
2013-06-13,4.737438570833482,1.1725749899060682,,2.5698150420235075,1.8863760292390075,0.6834390127845,1.6770947666215927,,14.907187373825852,4.093349071236816e-05
2013-06-14,4.903166014324921,1.2297027445941047,,2.571423377705408,1.8889376026448668,0.6824857750605413,1.7510660333874974,,15.621284307426308,4.088877085113355e-05
2013-06-17,4.420944659299711,1.0646782731767301,-0.42354781788218,2.5730356419891516,1.8915027152619617,0.6815329267271899,1.5473505567328742,-0.529434772352725,14.441521585290875,4.110164678593123e-05
2013-06-18,4.363406921440101,1.0452612564661572,,2.574651824798092,1.8940713493263643,0.6805804754717275,1.5256479199090607,,14.684234294173036,4.118613967040088e-05
2013-06-19,4.6753315243519955,1.1525186808241168,,2.576271916031092,1.896643487049762,0.6796284289813301,1.6622918380799079,,14.65648351030146,4.12731428663173e-05
2013-06-20,4.735033442336474,1.1733013899693026,,2.5778959055625856,1.8992191106195744,0.6786767949430113,1.6908458480812025,,14.91626737461628,4.0749567594380465e-05
2013-06-21,4.368348500898308,1.0478959480089338,,2.5795237832426454,1.901798202199085,0.6777255810435605,1.536668137210252,,14.651300649888329,4.0940858610109414e-05
2013-06-24,4.796032561987556,1.1948472172359408,-0.3367685218427062,2.5811555388970397,1.9043807439275586,0.6767747949694811,1.7229397654724845,-0.42096065230338275,15.185590215449258,4.082933241318734e-05
2013-06-25,4.861321182194476,1.2175502409387169,,2.582791162327301,1.906966717920368,0.6758244444069332,1.7539045190937639,,15.46937801173396,4.077835272040538e-05
2013-06-26,4.969623332476586,1.255002375879041,,2.5844306433107898,1.909556106269116,0.6748745370416738,1.803309076117917,,15.93752969848801,4.117518419073229e-05
2013-06-27,5.13900744632519,1.3133985088063789,,2.5860739716007526,1.9121488910417606,0.673925080558992,1.8788970270497338,,16.667481360079734,4.091966807160043e-05
2013-06-28,4.212406856565526,0.9960300633608674,,2.5877211369263957,1.9147450542827393,0.6729760826436564,1.4847826334838234,,15.299624207989158,4.143067250861676e-05
2013-07-01,4.519569585075787,1.1016677851199015,-0.3988881432533991,2.589372128992939,1.9173445780130924,0.6720275509798466,1.619429309412969,-0.49861017906674887,14.020847313998766,4.198329353014147e-05
2013-07-02,4.517700456942215,1.1013533235942392,,2.591026937481689,1.9199474442305893,0.6710794932510997,1.6216390987233882,,14.01691654492799,4.2279267082258266e-05
2013-07-03,4.478470924140843,1.088231171776099,,2.5926855520500975,1.9225536349098495,0.670131917140248,1.6078425996299734,,14.147110352798762,4.191824772551517e-05
2013-07-04,4.284593434101193,1.0220884496467837,,2.594347962331828,1.9251631320024725,0.6691848303293555,1.527773694060952,,14.973894379415205,4.111177593188945e-05
2013-07-05,3.99092292472654,0.9217325596122715,,2.596014157936823,1.9277759174371587,0.6682382404996643,1.404941616952498,,16.228343004846607,4.1523275013270175e-05
2013-07-08,4.542337003202805,1.1111215335234805,-0.3925856443176797,2.5976841284513643,1.930391973119837,0.6672921553315274,1.6442938900241875,-0.49073205539709963,14.139019169043506,4.157531406658776e-05
2013-07-09,4.239999703184126,1.0077973208542506,,2.5993578634381427,1.9330112809337885,0.6663465825043542,1.5177579320016015,,15.152533489321868,4.130773629971087e-05
2013-07-10,4.538042319342059,1.1103192176897152,,2.601035352436319,1.935633822739773,0.6654015296965459,1.6485328448519165,,14.128990221121438,4.1756781244455675e-05
2013-07-11,4.229045223152396,1.0047147749961376,,2.602716584961593,1.9382595803761542,0.6644570045854388,1.519153049121326,,15.19106531254828,4.1444609844941776e-05
2013-07-12,4.12109136253843,0.9680409984986791,,2.6044015505062665,1.9408885356590262,0.6635130148472403,1.475939783782375,,15.649487518766513,4.129702386012593e-05
2013-07-15,4.58698300434858,1.1281158032452279,-0.3812561311698482,2.606090238539311,1.9435206703823364,0.6625695681569745,1.678665424438871,-0.4765701639623102,14.351447540565346,4.150294751411843e-05
2013-07-16,4.55680339571979,1.1181105832167797,,2.607782638506431,1.9461559663180164,0.6616266721884148,1.6687941953389906,,14.226382290209743,4.1099338384282225e-05
2013-07-17,4.705727337667931,1.169513836558512,,2.6094787398301325,1.9487944052161046,0.6606843346140279,1.7356867009142445,,14.8689229569814,4.1069127990961304e-05
2013-07-18,5.26702427039273,1.362303651970115,,2.611178531909788,1.9514359688048741,0.6597425631049139,1.979315533767518,,17.27879564962644,4.1484046437541554e-05
2013-07-19,4.598012125476108,1.1332747437453017,,2.612882004121702,1.954080638790959,0.658801365330743,1.695674068472586,,14.415934296816271,4.157333294863552e-05
2013-07-22,4.6697237933533104,1.1582098120476956,-0.3611934586348696,2.6145891458191794,1.9567283968594809,0.6578607489596986,1.7294906619191002,-0.45149182329358706,14.727622650596194,4.205321179402124e-05
2013-07-23,4.121778658052523,0.9706926405359211,,2.616299946332589,1.959379224674175,0.6569207216584139,1.4977450253440763,,15.616341993300988,4.249507492431004e-05
2013-07-24,4.047483045279753,0.9455711071356352,,2.618014394969435,1.9620331038775194,0.6559812910919156,1.4689969877970632,,15.930361160804562,4.250866043410503e-05
2013-07-25,5.050862075340637,1.2899395336128001,,2.619732481014417,1.96469001609086,0.6550424649235571,1.90211443310686,,16.37424417016,4.163441703148585e-05
2013-07-26,4.172620573907,0.9891824264080037,,2.621454193729505,1.9673499429145371,0.6541042508149677,1.5288279759245416,,15.385219669899955,4.12324351292423e-05
2013-07-29,4.129420423479587,0.974726711423763,-0.4835155257174914,2.623179522353998,1.970012865928016,0.6531666564259822,1.5134212552077198,-0.6043944071468642,15.565916107202963,4.1527057970163294e-05
2013-07-30,4.480074216723852,1.0953081294540137,,2.624908456104599,1.9726787666900125,0.6522296894145865,1.6668139285075296,,14.05864838182483,4.0961923958694856e-05
2013-07-31,4.461145139583992,1.0891769103947135,,2.626640984175477,1.9753476267386207,0.6512933574368565,1.6618187647320124,,14.135288620066083,4.085187492210367e-05
2013-08-01,4.175784522066362,0.991699219226805,,2.6283770957383377,1.9780194275914404,0.6503576681468972,1.5426434516249468,,15.353759759664937,4.098675818752118e-05
2013-08-02,4.383866173309024,1.063403213754428,,2.6301167799424894,1.980694150745707,0.6494226291967824,1.6349481679387419,,14.45745982806965,4.154283982612225e-05
2013-08-05,4.919829002661383,1.2475250861180127,-0.30164994258799166,2.6318600259149108,1.9833717776784172,0.6484882482364935,1.8677781353259328,-0.3770624282349896,15.844063576475156,4.1338737009617875e-05
2013-08-06,4.206386156776171,1.0032807669401844,,2.6336068227603215,1.9860522898464588,0.6475545329138628,1.565153248521689,,15.208990413247697,4.111029649477944e-05
2013-08-07,3.999630701214248,0.9327593018760595,,2.635357159561246,1.9887356686867403,0.6466214908745056,1.4796847960318145,,16.090508726549256,4.110117053288201e-05
2013-08-08,4.816251737220661,1.213111234507975,,2.637111025378085,1.991421895616314,0.6456891297617708,1.832810938751283,,15.413890431349689,4.1241491215664065e-05
2013-08-09,4.6575715523950505,1.1590756294325646,,2.6388684092491834,1.9941109520325127,0.6447574572166708,1.767955488823218,,14.738445367907055,4.11945759709081e-05
2013-08-12,4.26700555937051,1.0255377655221607,-0.44964148965189293,2.6406293001908967,1.9968028193130722,0.6438264808778245,1.603725026215773,-0.5620518620648661,14.930777930972992,4.159583373442897e-05
2013-08-13,3.92934386038827,0.91013995806477,,2.642393687197664,1.9994974788162632,0.6428962083814007,1.4621724263972253,,16.373250524190375,4.1308063256257266e-05
2013-08-14,4.2213951928154225,1.0106451972273724,,2.64416155924207,2.00219491188102,0.6419666473610501,1.5905014084152354,,15.116935034657844,4.1363099441794e-05
2013-08-15,4.461773694417667,1.0934354675780875,,2.6459329052749223,2.0048950998270683,0.641037805447854,1.6966894342996774,,14.082056655273908,4.1539553924462515e-05
2013-08-16,4.887808202900405,1.2398806507860585,,2.6477077142253123,2.007598023955057,0.6401096902702554,1.8824488374376296,,15.748508134825729,4.140054250137437e-05
2013-08-19,4.115917864974877,0.9756101630156413,-0.48292655798957257,2.6494859750006916,2.010303665546686,0.6391823094540054,1.5548163693162376,-0.6036581974869657,15.554872962304486,4.172503774130125e-05
2013-08-20,4.44803405929357,1.0898576142186234,,2.6512676764869347,2.013012005864835,0.6382556706220996,1.700334023638114,,14.12677982226721,4.1791459519661905e-05
2013-08-21,4.712807003688366,1.1810173591873878,,2.6530528075484128,2.0157230261536956,0.6373297813947172,1.8169947251379301,,15.012716989842346,4.209974199824911e-05
2013-08-22,3.6419490682591293,0.8142479191853695,,2.6548413570280642,2.0184367076389007,0.6364046493891635,1.3612466066206126,,17.57190101018288,4.21838965272551e-05
2013-08-23,4.8360999868065075,1.224054340152668,,2.656633313747459,2.0211530315276525,0.6354802822198065,1.8762209567184873,,15.550679251908349,4.2337625841372234e-05
2013-08-26,4.059295261166791,0.9581059313352276,-0.494596045776515,2.6584286665068744,2.023871979008854,0.6345566874980202,1.5465043931778886,-0.6182450572206437,15.773675858309655,4.210787023500943e-05
2013-08-27,4.588225476840822,1.1398394592148322,,2.6602274040853606,2.0265935312532415,0.6336338728321191,1.7763928552717816,,14.497993240185401,4.187997207932776e-05
2013-08-28,4.557236225122619,1.1296019779532893,,2.6620295152408153,2.02931766941351,0.6327118458273051,1.7663201418551218,,14.370024724416115,4.2354610748971906e-05
2013-08-29,4.849368421050221,1.2301503669756615,,2.6638349887100476,2.032044374624448,0.6317906140855998,1.8947323333440245,,15.626879587195766,4.260820675871308e-05
2013-08-30,4.661448788054905,1.1661109257072249,,2.6656438132088556,2.034773628003067,0.6308701852057887,1.8174122851370977,,14.826386571340311,4.2228282380255216e-05
2013-09-02,3.635431679599489,0.8147251409924023,-0.5901832393383986,2.6674559774320916,2.0375054106487296,0.629950566783362,1.3809118368892324,-0.7377290491729981,17.56593573759497,4.230765191234165e-05
2013-09-03,4.191664755313765,1.0058264903412812,,2.6692714700537348,2.040239703643285,0.6290317664104497,1.6225228165698864,,15.177168870733986,4.142373316709991e-05
2013-09-04,4.513559487306522,1.1165846155223937,,2.671090279726963,2.0429764880511976,0.6281137916757653,1.7637072574541897,,14.20730769402992,4.1220616018867476e-05
2013-09-05,4.395791009215443,1.0766024136656256,,2.6729123950842206,2.0457157449196774,0.6271966501645432,1.7164687620017094,,14.29246982917968,4.15890856682481e-05
2013-09-06,4.630040096273598,1.1573132875708125,,2.6747378047372936,2.048457455278813,0.6262803494584808,1.8200990647423283,,14.716416094635155,4.155265668805235e-05
2013-09-09,4.737993118146012,1.1947239866803647,-0.33685067554642356,2.676566497277377,2.0512016001417,0.6253648971356767,1.869606583492156,-0.42106334443302945,15.184049833504558,4.16071768503501e-05
2013-09-10,4.673507542698603,1.1730142083715616,,2.6783984612751484,2.0539481605045777,0.6244503007705706,1.8452159209690295,,14.912677604644518,4.050296744234423e-05
2013-09-11,4.384383962063922,1.0742870068934642,,2.6802336852808395,2.056697117346955,0.6235365679338845,1.7245558759637851,,14.321412413831698,4.037032393751206e-05
2013-09-12,3.811989158095227,0.8784395586655425,,2.6820721578243045,2.0594484516317473,0.6226237061925572,1.482497899963675,,16.76950551668072,4.050354127022454e-05
2013-09-13,4.297611775290495,1.045342250137422,,2.6839138674150984,2.0622021443054015,0.6217117231096969,1.6938799569771787,,14.683221873282227,4.068367954056097e-05
2013-09-16,4.6015783624232105,1.1499641777766747,-0.3666905481488836,2.68575880254254,2.064958176298036,0.6208006262445038,1.8274133985188792,-0.45836318518610447,14.624552222208433,4.1047840147161064e-05
2013-09-17,4.0730084856153965,0.9691463296939428,,2.6876069516757926,2.067716528523568,0.6198904231522246,1.6041494406409962,,15.635670878825717,4.098048179505395e-05
2013-09-18,4.674422925754665,1.1757529676145893,,2.6894583032639283,2.0704771818798458,0.6189811213840826,1.865168391398082,,14.946912095182364,4.092966055899733e-05
2013-09-19,4.770222420807976,1.2090071956720767,,2.6913128457360074,2.073240117248782,0.6180727284872254,1.9094991118388775,,15.362589945900957,4.045199410846315e-05
2013-09-20,4.495492473001695,1.1152240371555011,,2.6931705675011446,2.0760053154964875,0.6171652520046571,1.7950353619408639,,14.190300464443764,4.0387698520966226e-05
2013-09-23,3.3775666282923384,0.7323464160425126,-0.6451023893049916,2.695031456948585,2.0787727574734,0.6162586994751851,1.3192057775265404,-0.8063779866312396,18.595669799468595,3.994170719172304e-05
2013-09-24,4.001355508169187,0.9466293964745837,,2.6968955024477763,2.0815424240144207,0.6153530784333556,1.58982916960765,,15.917132544067705,3.9292758503713495e-05
2013-09-25,5.107645815440705,1.32634269902673,,2.6987626923484385,2.084314295939043,0.6144483964093954,2.067242669722455,,16.82928373783412,3.892059813712227e-05
2013-09-26,4.25498089627744,1.0344154648365946,,2.700633014980643,2.0870883540514904,0.6135446609291524,1.7051076850972338,,14.819806689542567,3.9462536931392376e-05
2013-09-27,3.750604866603633,0.8619028132245206,,2.7025064586548773,2.0898645791408446,0.6126418795140327,1.4922430956714952,,16.976214834693494,3.9376403420282223e-05
2013-09-30,4.876173826399369,1.2482296865972327,-0.3011802089351782,2.7043830116621264,2.0926429519811816,0.6117400596809448,1.9779300602277223,-0.3764752611689728,15.852871082465409,3.946426722215634e-05
2013-10-01,4.447290336267727,1.101602670985241,,2.7062626622739385,2.0954234533317027,0.6108392089422359,1.7974267920632536,,14.02003338731551,3.929212703612499e-05
2013-10-02,4.828120100111442,1.232592858674927,,2.708145398742505,2.0982060639368703,0.6099393348056346,1.963947137280529,,15.657410733436588,3.867367785208257e-05
2013-10-03,4.5370979441844845,1.1332350410263239,,2.7100312093007273,2.100990764526538,0.6090404447741893,1.8425345658094427,,14.415438012829048,3.901063213750362e-05
2013-10-04,4.599426031719472,1.1550270963454603,,2.7119200821622975,2.1037775358160875,0.60814254634621,1.8725614062479128,,14.687838704318253,3.826495424907817e-05
2013-10-07,4.564747962464761,1.143561109725742,-0.3709592601828387,2.713812005521765,2.1065663585065613,0.6072456470152039,1.8610177456637387,-0.46369907522854836,14.544513871571775,3.8083888189841487e-05
2013-10-08,4.680576510466662,1.18369859743052,,2.715706967554615,2.109357213284791,0.6063497542698242,1.9139804600729409,,15.0462324678815,3.8074690749538475e-05
2013-10-09,5.232313635958967,1.373291653826732,,2.717604956417342,2.1121500808235396,0.6054548755938023,2.153764648106954,,17.416145672834148,3.816329475526028e-05
2013-10-10,4.773819094742421,1.2165207603151027,,2.7195059602475204,2.1149449417816313,0.6045610184658892,1.9605958921755096,,15.456509503938783,3.792406825958798e-05
2013-10-11,3.8795985530589285,0.9103592818585359,,2.7214099671638836,2.117741776804084,0.6036681903597998,1.5806908791272536,,16.370508976768303,3.7311228130286636e-05
2013-10-14,4.587795839241064,1.1535993818334684,-0.36426707877768777,2.7233169652663936,2.1205405665222443,0.6027763987441492,1.8875397938140799,-0.45533384847210967,14.669992272918355,3.705244953939817e-05
2013-10-15,4.8297261482941405,1.2369776921723863,,2.72522694263632,2.1233412915539245,0.6018856510823953,1.9945634067694071,,15.712221152154827,3.681280115251258e-05
2013-10-16,4.849893326872425,1.2443240967843376,,2.7271398873363086,2.126143932503533,0.6009959548327757,2.0065490534839547,,15.80405120980422,3.656669306862449e-05
2013-10-17,4.278373078839631,1.0488074020329081,,2.729055787410462,2.12894846996221,0.6001073174482521,1.7649577225033448,,14.63990747458865,3.689656022797328e-05
2013-10-18,4.834148788937172,1.2397933334225755,,2.730974630884412,2.1317548845079615,0.5992197463764506,2.0064965512861805,,15.747416667782192,3.650487827194155e-05
2013-10-21,4.749858133797243,1.2113290879461447,-0.3257806080359036,2.732896405765391,2.134563156705795,0.5983332490595958,1.9737245166384758,-0.4072257600448795,15.391613599326808,3.6613049347593133e-05
2013-10-22,5.324256127134762,1.4087020924363678,,2.734821100042314,2.137373267107854,0.5974478329344604,2.2232508826533133,,17.858776155454596,3.6674415614930975e-05
2013-10-23,4.160097834992783,1.0099997916501786,,2.7367487016858476,2.1401851962535505,0.5965635054322971,1.7276849358162738,,15.125002604372767,3.70020562508057e-05
2013-10-24,4.243728366551706,1.039111930831949,,2.7386791986484877,2.142998924669703,0.5956802739787848,1.7668888382096393,,14.761100864600637,3.696698801605411e-05
2013-10-25,4.312893753003682,1.0632657141848056,,2.740612578864634,2.1458144328706683,0.5947981459939657,1.7998965756016752,,14.45917857268993,3.724044780983463e-05
2013-10-28,4.247171264166084,1.041173341995347,-0.439217772003102,2.7425488302506675,2.1486317013584793,0.5939171288921883,1.7750983788526629,-0.5490222150038775,14.735333225058163,3.71920673798457e-05
2013-10-29,4.105952115049175,0.9931975100283678,,2.744487940705023,2.1514507106229765,0.5930372300820466,1.717947598158436,,15.335031124645404,3.734709119154836e-05
2013-10-30,3.449230094416674,0.7684789393191509,,2.746429898108266,2.1542714411419484,0.5921584569663176,1.4398701152908868,,18.144013258510615,3.6854530631537214e-05
2013-10-31,4.262725651809772,1.047836063153224,,2.7483746903231694,2.157093873381259,0.5912808169419104,1.7918889523227888,,14.652049210584702,3.599874426535579e-05
2013-11-01,4.542846556164924,1.1443229671639885,,2.750322305194788,2.159917987794991,0.590404317399797,1.9153216967499764,,14.554037089549857,3.613030468024129e-05
2013-11-04,4.2396411976660735,1.0408133785392908,-0.43945774764047285,2.7522727305505357,2.162743764825576,0.5895289657249596,1.7887604879996895,-0.5493221845505911,14.739832768258866,3.627985491291853e-05
2013-11-05,5.088346726083734,1.3322457420234932,,2.7542259542002596,2.1655711849039334,0.5886547692963262,2.1558783624332998,,16.903071775293665,3.644455800903552e-05
2013-11-06,4.414336193799299,1.1016050975259035,,2.756181963936319,2.168400228449602,0.587781735486717,1.8704066003569813,,14.020063719073795,3.6281855017153995e-05
2013-11-07,4.860203074766932,1.2549234866220964,,2.7581407475336586,2.17123087587088,0.5869098716627787,2.0648852341485,,15.936543582776203,3.678077369771086e-05
2013-11-08,4.498525214019867,1.1313704495275962,,2.7601022927498886,2.174063107564956,0.5860391851849327,1.9132761694744511,,14.392130619094953,3.663801470198443e-05
2013-11-11,4.694952729597279,1.1991688771871911,-0.3338874152085394,2.7620665873253567,2.176896903918049,0.5851696834073077,2.0008580004020375,-0.4173592690106742,15.239610964839887,3.6786254839891536e-05
2013-11-12,4.50212377353553,1.1335089864720276,,2.7640336189832277,2.1797322453055425,0.5843013736776852,1.9216184783955768,,14.418862330900343,3.6992899604304896e-05
2013-11-13,4.8821398858435865,1.2642541558284277,,2.7660033754295617,2.1825691120921182,0.5834342633374434,2.087886806877653,,16.053176947855345,3.7578972542822254e-05
2013-11-14,4.421317068321906,1.106712722015888,,2.7679758443533857,2.1854074846318965,0.5825683597214892,1.8937983871517565,,14.0839090251986,3.7481271685426715e-05
2013-11-15,4.574050590414229,1.1595344849706544,,2.7699510134267773,2.1882473432685687,0.5817036701582086,1.9626654494818865,,14.744181062133178,3.727089213724897e-05
2013-11-18,4.52729195155146,1.1439599520380053,-0.3706933653079965,2.771928870304934,2.191088668335536,0.5808402019693979,1.9460386083830425,-0.46336670663499563,14.549499400475066,3.678092402487592e-05
2013-11-19,4.296839651721071,1.0654057450247219,,2.7739094026262587,2.1939314401560424,0.5799779624702164,1.8506886214369445,,14.432428187190979,3.7307733774098334e-05
2013-11-20,4.538144585843113,1.1485978782709614,,2.7758925980124296,2.196775639043314,0.5791169589691156,1.9575229868820154,,14.607473478387016,3.745886295991946e-05
2013-11-21,5.177094267209193,1.368126349543722,,2.7778784440684823,2.1996212453006945,0.5782571987677878,2.234779182230347,,17.351579369296523,3.762131932604683e-05
2013-11-22,4.2990755726413195,1.0675523669485472,,2.779866928382886,2.202468239221781,0.5773986891611047,1.8619086979074648,,14.405595413143162,3.870122414674923e-05
2013-11-25,4.539179770612466,1.1503357871423898,-0.36644280857174016,2.7818580385276186,2.2053166010905594,0.5765414374370592,1.9682363350185466,-0.45805351071467515,14.629197339279873,3.8824311439696745e-05
2013-11-26,4.831239400994208,1.2509334741043332,,2.78385176205825,2.2081663111815435,0.5756854508767066,2.09683315381196,,15.886668426304164,3.838150647064922e-05
2013-11-27,4.78875230090812,1.2368303937133138,,2.7858480865140134,2.211017349759911,0.5748307367541026,2.082055341901553,,15.71037992141642,3.8323474094686055e-05
2013-11-28,4.392408477495244,1.101405970126324,,2.787846999417889,2.213869697081638,0.5739773023362509,1.915627159739543,,14.017574626579048,3.799822953301817e-05
2013-11-29,3.5527629783603407,0.8139933556451167,,2.789848488276675,2.216723333393639,0.5731251548830363,1.5592150279500347,,17.575083054436043,3.787255668771523e-05
2013-12-02,4.566433538509629,1.162004338237816,-0.3586637745081227,2.7918525405810755,2.2195782389339005,0.572274301647175,1.9970836617311705,-0.4483297181351534,14.7750542279727,3.774501618645579e-05
2013-12-03,3.607407343677241,0.8336630889652338,,2.7938591438057685,2.2224343939316196,0.5714247498741489,1.5895132551381617,,17.329211387934578,3.7555514535979784e-05
2013-12-04,4.897334422043493,1.276392467712948,,2.7958682854094903,2.225291778607342,0.5705765068021482,2.145782363248527,,16.204905846411847,3.709679891813482e-05
2013-12-05,4.440802598177589,1.1203368645431913,,2.797879952835113,2.2281503731730967,0.5697295796620163,1.9535714538520859,,14.25421080678989,3.764172708878994e-05
2013-12-06,4.7300003175492025,1.2199608823846388,,2.799894133509721,2.2310101578325323,0.5688839756771888,2.0809612608133308,,15.499511029807984,3.7752542728151524e-05
2013-12-09,4.0630005151536235,0.991746663418274,-0.4721688910544841,2.801910814844693,2.2338711127810584,0.5680397020636345,1.7985544420539008,-0.5902111138181051,15.353166707271576,3.768543130186797e-05
2013-12-10,3.833984156714052,0.9136991032039936,,2.8039299842357757,2.2367332182059787,0.567196766029797,1.7038570972109706,,16.32876120995008,3.7952763573148095e-05
2013-12-11,4.467245541978936,1.1312905260969401,,2.805951629063168,2.2395964542866302,0.5663551747765379,1.9787096119078054,,14.39113157621175,3.812353957981857e-05
2013-12-12,4.362837435431805,1.095967587205263,,2.807975736691595,2.24246080119452,0.5655149354970752,1.9374202852010987,,14.050405159934213,3.8227805545419924e-05
2013-12-13,4.201173899331448,1.0410151008611401,,2.810002294470393,2.245326239093461,0.5646760553769319,1.871595115169886,,14.737311239235748,3.847382451495944e-05
2013-12-16,4.401456623490811,1.1101593536879317,-0.3932270975413789,2.8120312897335804,2.248192748139713,0.5638385415938676,1.9608919402496274,-0.4915338719267236,14.126991921099146,3.8529860575444134e-05
2013-12-17,5.3390371824041205,1.4320923070438711,,2.814062709799944,2.2510603084821157,0.5630024013178283,2.3661756922869546,,18.15115383804839,3.877266674907964e-05
2013-12-18,4.661125485511403,1.200143065684287,,2.816096541973115,2.2539289002622316,0.5621676417108836,2.07910773236759,,15.251788321053587,3.9046121261226556e-05
2013-12-19,4.734970479112325,1.2259398327035984,,2.818132773541649,2.2567985036144753,0.5613342699271735,2.114223294493973,,15.574247908794979,3.911312202962334e-05
2013-12-20,4.661625822264899,1.2012724269864028,,2.8201713917791054,2.25966909866626,0.5605022931128452,2.0862596323992637,,15.265905337330032,3.9045376197036626e-05
2013-12-23,4.88265914444497,1.2775354572622633,-0.2816430284918246,2.8222123839441267,2.262540665538131,0.5596717184059958,2.1844599871159596,-0.35205378561478073,16.21919321577829,3.9596789519814535e-05
2013-12-24,4.296919353889009,1.0771913992519107,,2.824255737280519,2.265413184343901,0.5588425529366177,1.9369024334087894,,14.285107509351118,3.94367029005596e-05
2013-12-25,3.6428726092113135,0.8534286430789648,,2.8263014390173296,2.268286635190793,0.5580148038265365,1.660072439039499,,17.08214196151294,3.958573201909579e-05
2013-12-26,4.294626150814297,1.077369664039279,,2.82834947636893,2.2711609981795746,0.5571884781893552,1.9428730782286732,,14.282879199509015,3.974340544110002e-05
2013-12-27,4.643328650134216,1.1974082851995802,,2.8303998365350935,2.2740362534046956,0.5563635831303979,2.0957966099041707,,15.217603564994754,3.953585199994213e-05
2013-12-30,4.018378512274628,0.9836239525861913,-0.47758403160920593,2.832452506701075,2.276912380954429,0.5555401257466457,1.831442321687168,-0.5969800395115074,15.45470059267261,3.925926645330259e-05
2013-12-31,4.294665732378487,1.0788360859412804,,2.834507474037694,2.2797893609110043,0.5547181131266896,1.9533344683376046,,14.264548925733996,3.914422242355759e-05
2014-01-01,4.1128572559686685,1.0169876308397225,,2.8365647257014093,2.282667173350749,0.5538975523506604,1.878901711900402,,15.03765461450347,3.898094295321438e-05
2014-01-02,4.879267462582895,1.2802435102211758,,2.838624248834407,2.2855457983442253,0.5530784504901818,2.2108501861206946,,16.253043877764696,3.848235056978e-05
2014-01-03,4.614445466694643,1.1899348418487876,,2.8406860305646724,2.28842521595637,0.5522608146083026,2.1008437682673544,,15.124185523109846,3.826693677155024e-05
2014-01-06,4.578750764869738,1.1781848744772752,-0.3478767503484833,2.842750058006078,2.2913054062466283,0.5514446517594496,2.089036499343222,-0.4348459379356041,14.977310930965938,3.836832542720886e-05
2014-01-07,4.566845814120682,1.1745921575745166,,2.8448163182584576,2.294186349269096,0.5506299689893615,2.087426546237242,,14.932401969681457,3.8817677665320646e-05
2014-01-08,4.334819714658577,1.0955300896937448,,2.8468847984076917,2.2970680250726554,0.5498167733350363,1.9914806371898364,,14.05587387882819,3.902159749679281e-05
2014-01-09,4.415571063229591,1.1237067539033005,,2.848955485525787,2.299950413701115,0.5490050718246717,2.0295838560802406,,14.296334423791254,3.812878330877551e-05
2014-01-10,3.9301790063839883,0.957777850336122,,2.851028366670954,2.3028334951933465,0.5481948714776075,1.825055808113499,,15.777776870798476,3.8359077366796986e-05
2014-01-13,3.5783040173596983,0.837626962549932,-0.5749153583000455,2.853103428887694,2.305717249583421,0.5473861793042731,1.677750952770836,-0.7186441978750567,17.27966296812585,3.8176411760041985e-05
2014-01-14,4.394650082248315,1.118009735641403,,2.855180659206874,2.3086016569007537,0.5465790023061201,2.0311138264525073,,14.225121695517537,3.83419866288741e-05
2014-01-15,4.454079150638746,1.1388788307526574,,2.857260044645812,2.3114866971702357,0.5457733474755764,2.0600852356110577,,14.485985384408217,3.834669464928025e-05
2014-01-16,4.762483953107908,1.2451117482110454,,2.859341572208354,2.314372350412375,0.544969221795979,2.1957620356761822,,15.813896852638067,3.828982313536749e-05
2014-01-17,4.887765623222579,1.2885602979298842,,2.861425228884962,2.3172585966434354,0.5441666322415268,2.2529589690557907,,16.35700372412355,3.8264172895024515e-05
2014-01-20,4.88585225234737,1.2883998181998737,-0.2744001212000843,2.8635110016527876,2.320145415875573,0.5433655857772144,2.255645188625415,-0.3430001515001053,16.35499772749842,3.826601655418465e-05
2014-01-21,3.9855972028983606,0.9802371688047348,,2.865598877475757,2.3230327881169774,0.5425660893587794,1.873329249122896,,15.497035389940816,3.8741518360409196e-05
2014-01-22,4.21016338063183,1.0577281958060278,,2.8676888433046535,2.3259206933720065,0.541768149932647,1.9730809381295413,,14.528397552424654,3.874434885390332e-05
2014-01-23,4.5001218545349,1.1576401155057656,,2.8697808860771974,2.328809111641329,0.5409717744358682,2.1008592560235364,,14.72050144382207,3.913451187523289e-05
2014-01-24,5.216718243566273,1.4038285613290613,,2.871874992718129,2.3316980229220587,0.5401769697960703,2.4114837245833853,,17.797857016613264,3.9476828800112985e-05
2014-01-27,4.847131151802074,1.27761190444567,-0.28159206370288675,2.8739711501392873,2.334587407207897,0.5393837429313901,2.2566022877649847,-0.3519900796286084,16.220148805570872,3.972446707810713e-05
2014-01-28,4.719428351639174,1.2343276594398058,,2.8760693452396966,2.3374772444892686,0.538592100750428,2.2053868187890258,,15.679095742997571,3.9100596697256426e-05
2014-01-29,4.190454586781364,1.0534654453340853,,2.878169564905644,2.3403675147534617,0.5378020501521821,1.9821993214210682,,14.581681933323935,3.9505401981420924e-05
2014-01-30,4.015599660031959,0.9940160442613851,,2.8802717960107618,2.343258197984766,0.5370135980259958,1.9107782533114974,,15.324799446732687,3.9352767782303804e-05
2014-01-31,4.599374604871821,1.1946689460059887,,2.882376025416115,2.346149274164611,0.5362267512515038,2.164485456672097,,15.18336182507486,3.961698163325792e-05
2014-02-03,3.9365608946332262,0.9679206482918769,-0.48805290113874883,2.884482239970274,2.3490407232717048,0.5354415166985693,1.883941533636551,-0.610066126423436,15.65099189635154,3.9281554594769196e-05
2014-02-04,4.23687330404014,1.0713876378823637,,2.8865904265094073,2.3519325252821743,0.534657901227233,2.0161670726351293,,14.357654526470453,3.887453439978559e-05
2014-02-05,4.278685654531948,1.0862266461197694,,2.8887005718573544,2.3548246601696996,0.5338759116876548,2.0376079678194112,,14.172166923502884,3.958209589685167e-05
2014-02-06,4.874907319423645,1.291149450694737,,2.8908126628257143,2.3577171079056582,0.533095554920056,2.2966539212740797,,16.38936813368421,3.925245714161938e-05
2014-02-07,4.1917724472347775,1.0574363236448387,,2.8929266862139245,2.36060984845926,0.5323168377546645,2.0074052530153086,,14.532045954439516,3.966935615431958e-05
2014-02-10,3.4607058300711917,0.8072900433712862,-0.5951399710858093,2.895042628809347,2.3635028617976874,0.5315397670116595,1.6976154160117953,-0.7439249638572616,17.65887445785892,3.972158676906005e-05
2014-02-11,4.489523837609703,1.1605333577194963,,2.8971604773873465,2.3663961278862335,0.530764349501113,2.142062825035604,,14.756666971493702,3.958157399126402e-05
2014-02-12,4.066833898572375,1.016117377627529,,2.8992802187113758,2.369289626688441,0.5299905920229349,1.9644363487228522,,15.04853277965589,3.95755002705916e-05
2014-02-13,4.324934092661663,1.1051157229325297,,2.9014018395330603,2.3721833381662414,0.5292185013668189,2.0785779918319034,,14.063946536656621,3.912455974584413e-05
2014-02-14,4.27818664835071,1.0895954358989453,,2.9035253265922747,2.3750772422800925,0.5284480843121822,2.0620715371537743,,14.130057051263185,3.912949799098234e-05
2014-02-17,4.21125534912612,1.067155520501868,-0.42189631966542146,2.9056506666172335,2.3779713189891205,0.527679347628113,2.0369157196164553,-0.5273703995817768,14.410555993726652,3.875973476741005e-05
2014-02-18,4.5821878217000895,1.1948408698141646,,2.907777846324567,2.380865548251252,0.5269122980733152,2.1994166355189577,,15.185510872677057,3.863169099673266e-05
2014-02-19,3.767581219401077,0.9160562145976752,,2.909906852419411,2.3837599100233606,0.5261469423960503,1.8538301782704547,,16.29929731752906,3.8964487172714437e-05
2014-02-20,4.121642717138418,1.037958293005477,,2.912037671595482,2.3866543842614014,0.5253832873340807,2.0091022505182474,,14.77552133743154,3.906349355061865e-05
2014-02-21,4.540523216795924,1.182084549574086,,2.9141702905351687,2.3895489509205503,0.5246213396146184,2.192154637888158,,15.026056869676072,3.855550254048597e-05
2014-02-24,4.084691031459273,1.026309826958676,-0.44912678202754946,2.9163046959096093,2.392443589955344,0.5238611059542655,2.000330873653689,-0.5614084775344368,14.921127163016552,3.8861817787874785e-05
2014-02-25,3.7350476365330536,0.9069431948876034,,2.9184408743787764,2.3953382813198165,0.5231025930589599,1.854017274929321,,16.41321006390496,3.886905072845084e-05
2014-02-26,4.530632185239939,1.1802266411908084,,2.920578812591563,2.3982330049676412,0.5223458076239216,2.1985163064561517,,15.002833014885104,3.868951586484512e-05
2014-02-27,4.688227336525443,1.2347713556529847,,2.9227184971858597,2.401127740852267,0.5215907563335929,2.269591935418498,,15.684641945662309,3.8960127142632725e-05
2014-02-28,4.277900886509594,1.0946005750828394,,2.924859914788648,2.404022468927057,0.520837445861591,2.097273187780606,,14.06749281146451,3.8911268239759005e-05
2014-03-03,3.6058568576924306,0.8646985281836562,-0.5568676478775626,2.927003052016072,2.40691716914543,0.5200858828706418,1.8127903293750003,-0.6960845598469533,16.9412683977043,3.851481331003345e-05
2014-03-04,4.537744473267798,1.184716369603858,,2.929147895473533,2.409811821460997,0.5193360740125361,2.2157072834658194,,15.058954620048224,3.9170472718828125e-05
2014-03-05,3.7081952071432083,0.9008134542296375,,2.931294431755766,2.4127064058277012,0.5185880259280649,1.8637232236147483,,16.48983182212953,3.917417109580135e-05
2014-03-06,4.395735297380239,1.13705591322178,,2.933442647446925,2.4156009021999565,0.5178417452469684,2.1619207937271816,,14.46319891527225,3.9155275415885905e-05
2014-03-07,3.9755414999887635,0.9935043410309409,,2.93559252912067,2.4184952905327846,0.5170972385878856,1.9853757168214607,,15.331195737113239,3.9022531716421835e-05
2014-03-10,3.8787071023317226,0.9608192857079643,-0.4927871428613573,2.937744063340247,2.4213895507819574,0.5163545125582898,1.9474136579169128,-0.6159839285766966,15.739758928650447,3.94490082389147e-05
2014-03-11,4.12847810784391,1.0469707979504372,,2.939897236658575,2.424283662904133,0.5156135737544423,2.0579971603421794,,14.662865025619535,3.927291127605246e-05
2014-03-12,4.217487000565924,1.0780042932287288,,2.9420520356183264,2.4271776068569952,0.5148744287613312,2.0996829733929063,,14.27494633464089,3.874029148071959e-05
2014-03-13,4.05466158146611,1.0226950099536263,,2.9442084467520164,2.4300713625993917,0.5141370841526247,2.0334401250414245,,14.966312375579673,3.851401045503325e-05
2014-03-14,4.484672754842892,1.1706443933858182,,2.946366456582081,2.4329649100914748,0.5134015464906061,2.2212704018237477,,14.883054917322726,3.898640729270534e-05
2014-03-17,4.120993300259158,1.04647167458494,-0.43568555027670675,2.948526051620967,2.4358582292948388,0.5126678223261281,2.068947822526014,-0.5446069378458833,14.66910406768825,3.928930104910408e-05
2014-03-18,4.6186742222658115,1.2176229046006186,,2.9506872183712116,2.438751300172658,0.5119359181985534,2.2857799309234315,,15.470286307507733,3.920903100337393e-05
2014-03-19,4.372506741165278,1.1337407798772177,,2.952849943325529,2.441644102689828,0.511205840635701,2.18382007753635,,14.421759748465218,3.9706559441683573e-05
2014-03-20,4.028438730795443,1.0162931352084432,,2.955014212966897,2.4445366168131013,0.5104775961537955,2.0399030358236554,,15.046335809894462,3.998473992048571e-05
2014-03-21,3.9679913399541094,0.9960872139401258,,2.9571800137686357,2.4474288225112284,0.5097511912574073,2.0175378399363857,,15.298909825748428,3.989889283693064e-05
2014-03-24,3.6929320894855704,0.9023004441143074,-0.5317997039237952,2.9593473321944987,2.4503206997550957,0.509026632439403,1.9031962548979802,-0.6647496299047438,16.47124444857116,3.9849321803834886e-05
2014-03-25,4.369796872331728,1.1348879813440187,,2.961516154698751,2.453212228517865,0.5083039261808864,2.1968222051978885,,14.436099766800234,3.997759794911696e-05
2014-03-26,4.14241807795505,1.0574494943298371,,2.9636864677262613,2.456103388775108,0.5075830789511535,2.102915256687404,,14.531881320877037,3.968932514129231e-05
2014-03-27,3.4347377600080025,0.8153365366323784,,2.9658582577125783,2.4589941605049517,0.5068640972076266,1.8031648312954247,,17.55829329209527,3.9700858375049706e-05
2014-03-28,4.075987503069234,1.0357142152676722,,2.968031511084023,2.461884523688214,0.5061469873958089,2.081527292772804,,14.8035723091541,3.982119982026587e-05
2014-03-31,3.946606372841454,0.9918759164894059,-0.47208272234039617,2.970206214257768,2.46477445830854,0.5054317559492283,2.0296193539202974,-0.5901034029254952,15.351551043882427,3.9230979699482905e-05
2014-04-01,4.811935098193135,1.2890813110604793,,2.9723823536419256,2.4676639443525437,0.5047184092893819,2.404015583178143,,16.36351638825599,3.917398389148065e-05
2014-04-02,3.6629541904242524,0.895666566572803,,2.974559915635633,2.4705529618099455,0.5040069538256873,1.9151361700259493,,16.554167917839965,3.907705025074394e-05
2014-04-03,3.752931816637761,0.9270379040319137,,2.9767388866291324,2.4734414906737108,0.5032973959554217,1.9572388707136028,,16.16202619960108,3.945015422800849e-05
2014-04-04,4.644371014410068,1.233196357172684,,2.978919253003865,2.47632951094019,0.5025897420636749,2.342824957406045,,15.66495446465855,3.8810370187626344e-05
2014-04-07,4.729224960563404,1.2628115788956757,-0.291458947402883,2.9811010011325454,2.479217002609252,0.5018839985232932,2.3827314762288467,-0.3643236842536037,16.035144736195946,3.868701173483717e-05
2014-04-08,3.992089238915689,1.0106020473529231,,2.983284117379257,2.48210394568443,0.501180171694827,2.070356504875584,,15.117474408088462,3.852926713375358e-05
2014-04-09,4.030077859948944,1.0241497012629308,,2.9854685880995295,2.484990320173054,0.5004782679264754,2.0901774467517176,,14.948128734213366,3.88733441922484e-05
2014-04-10,4.465464158196484,1.1739482475863976,,2.9876543996404274,2.487876106086394,0.4997782935540336,2.280311415569391,,14.92435309482997,3.886782771273882e-05
2014-04-11,3.4337699755269293,0.8207480243665628,,2.989841538340637,2.490761283439793,0.4990802549008442,1.8416963138979967,,17.490649695417964,3.951110253127025e-05
2014-04-14,3.595309536106738,0.8766567578593334,-0.5488954947604445,2.992029990530547,2.493645832252811,0.49838415827773597,1.9144667795769776,-0.6861193684505557,16.791790526758334,3.9757226749337276e-05
2014-04-15,4.146942365380053,1.0663119918979147,,2.9942197425323402,2.4965297325493596,0.49769000998298063,2.154419722421753,,14.421100101276068,3.962061733878702e-05
2014-04-16,4.786131815192855,1.2859868679354953,,2.9964107806600717,2.499412964357841,0.4969978163022306,2.43189654927721,,16.32483584919369,3.971609618196479e-05
2014-04-17,4.089635001552308,1.0477123894199913,,2.9986030912197625,2.502295507711289,0.49630758350847337,2.1369359944862785,,14.653595132250109,3.959963621101036e-05
2014-04-18,4.275938201501089,1.1121124150082187,,3.0007966605094767,2.5051773426475017,0.495619317861975,2.220317861407775,,14.151405187602732,3.9917087742582925e-05
2014-04-21,4.635905761030605,1.2360547127076815,-0.30929685819487907,3.0029914748194146,2.5080584492091855,0.4949330256102291,2.3781268400937874,-0.3866210727435988,15.700683908846019,3.945120993942242e-05
2014-04-22,4.974957785421335,1.3528261679933777,,3.005187520431994,2.5109388074440906,0.4942487129879036,2.5269715174358125,,17.160327099917218,3.916962027044966e-05
2014-04-23,4.034119220867852,1.0307781832222025,,3.007384783621936,2.5138183974051493,0.4935663862167865,2.127291126432903,,14.865272709722468,3.934042682319234e-05
2014-04-24,4.2285908580756715,1.097979593151989,,3.0095832506563536,2.5166971991506144,0.49288605150573916,2.2141716905906006,,14.02525508560014,3.978677101733941e-05
2014-04-25,4.870670053651531,1.3186466265611412,,3.011782907794834,2.519575192744197,0.492207715050637,2.4928834759456238,,16.733082832014265,3.901580237532072e-05
2014-04-28,3.6986475072275242,0.9173360869770286,-0.5217759420153143,3.0139837412895294,2.5224523582552054,0.491531383034324,1.9941224669764914,-0.6522199275191428,16.283298912787142,3.9511311346575706e-05
2014-04-29,4.589536690849652,1.2233097284664587,,3.0161857373852348,2.525328675758682,0.49085706162655285,2.3794658363417556,,15.541371605830733,3.947137706470156e-05
2014-04-30,3.871938500380318,0.9778021361166491,,3.018388882319484,2.528204125335543,0.49018475698394104,2.0754567954813545,,15.527473298541887,3.881748941955166e-05
2014-05-01,4.262679466381357,1.112296684052379,,3.020593162322627,2.531078687072712,0.4895144752499152,2.2464495421381856,,14.153708550654734,3.7792299038401226e-05
2014-05-02,4.140362275835293,1.0708857143119672,,3.0227985636179224,2.533952341063265,0.4888462225546575,2.197559483953224,,14.363928571100411,3.72849916906317e-05
2014-05-05,3.888439312761704,0.9850386079158526,-0.47664092805609837,3.025005072421618,2.5368250674065616,0.48818000501505665,2.0931233273013774,-0.595801160070123,15.437017401051843,3.728770077849114e-05
2014-05-06,3.878121777675588,0.982027768681007,,3.0272126749430406,2.539696846208387,0.4875158287346535,2.092231557059646,,15.474652891487413,3.727491022107706e-05
2014-05-07,4.317416230681445,1.1331697237104505,,3.0294213573846833,2.5425676575810883,0.48685369980359505,2.284029812219152,,14.414621546380632,3.7497312209876404e-05
2014-05-08,4.567573413099563,1.2194647193795218,,3.031631105942286,2.545437481643711,0.48619362429857516,2.3947683808681135,,15.493308992244023,3.73216606062855e-05
2014-05-09,4.172190139120064,1.0844316556173796,,3.0338419068049296,2.5483062985221387,0.48553560828279085,2.2288458680438636,,14.194604304782755,3.6960564003361875e-05
2014-05-12,4.240600317463767,1.108413579047986,-0.3943909473013427,3.036053746155114,2.5511740883492315,0.4848796578058825,2.261691062159214,-0.49298868412667834,14.105169738099825,3.6832614969143245e-05
2014-05-13,4.4144342991959045,1.1685408879549257,,3.0382666101688516,2.5540408312649583,0.4842257789038933,2.3397169412086156,,14.856761099436572,3.685297033827435e-05
2014-05-14,3.8729192546838247,0.9834057472384449,,3.04048048501575,2.5569065074165414,0.4835739775992085,2.1111636914645975,,15.45742815951944,3.693882539926349e-05
2014-05-15,4.470340460329437,1.1887631010095507,,3.042695356859096,2.5597710969585896,0.4829242599005066,2.370724973220528,,15.109538762619385,3.6686568033931945e-05
2014-05-16,4.496680254152255,1.1983211716471698,,3.044911211855951,2.562634580053236,0.48227663180271474,2.3855360446121985,,15.22901464558962,3.699466506240715e-05
2014-05-19,5.119641315940447,1.4124351558500492,-0.19170989609996722,3.047128036157226,2.5654969368702774,0.4816310992869486,2.656040881682839,-0.239637370124959,17.905439448125616,3.679754547127206e-05
2014-05-20,4.075197462030761,1.0548674971328502,,3.0493458159077784,2.5683581475873094,0.480987668320469,2.2119425190033724,,14.564156285839374,3.651976743453262e-05
2014-05-21,4.044967014398087,1.0450301837998248,,3.05156453724649,2.5712181923898645,0.4803463448566254,2.2025059221396455,,14.687122702502192,3.635101635928222e-05
2014-05-22,4.472895337950211,1.1922759045888496,,3.0537841863063613,2.57407705147155,0.4797071348348112,2.389421932207612,,15.153448807360618,3.671354371488852e-05
2014-05-23,4.488905324355078,1.1982925002694567,,3.056004749214592,2.5769347050341853,0.47907004418040655,2.399800330371006,,15.228656253368207,3.667885963911791e-05
2014-05-26,4.013399911067,1.0357895415947946,-0.442806972270137,3.0582262120926713,2.5797911332879355,0.4784350788047358,2.199528060281429,-0.5535087153376712,14.802630730065069,3.645942272175042e-05
2014-05-27,4.058035017271058,1.0516204787683943,,3.060448561056464,2.582646316451453,0.477802244605011,2.222171914911946,,14.604744015395074,3.677377317696333e-05
2014-05-28,4.386999299713583,1.164935700586165,,3.062671782216295,2.585500234752013,0.47717154746428214,2.3666698604847194,,14.81169625732706,3.749920161731696e-05
2014-05-29,3.9064106096718794,1.0006898911118407,,3.064895861677041,2.58835286842565,0.47654299325139116,2.164215232315451,,15.241376361101992,3.757942849778852e-05
2014-05-30,4.050839843924093,1.0507359214381984,,3.067120785538211,2.5912041977172944,0.4759165878209166,2.2296240995150423,,14.615800982022522,3.800855889338334e-05
2014-06-02,4.224345935073929,1.1107511320842123,-0.39283257861052523,3.0693465398940396,2.59405420288091,0.47529233701312945,2.3074931179861755,-0.4910407232631565,14.134389151052652,3.837422729066864e-05
2014-06-03,4.540028836669176,1.219512642178671,,3.0715731108335675,2.5969028641796306,0.474670246653937,2.4462936669029696,,15.493908027233386,3.817517030237475e-05
2014-06-04,3.9783027382796976,1.0274481660584551,,3.0738004844407354,2.599750161885895,0.47405032255484025,2.2090603694589643,,14.90689792426931,3.819386955253924e-05
2014-06-05,3.54353979841978,0.8789138645563195,,3.076028646794464,2.602596076281589,0.473432570512875,2.0262384069769888,,16.76357669304601,3.776497622252904e-05
2014-06-06,3.51602752466383,0.8700083038978148,,3.078257583968748,2.6054405876581725,0.4728169963105753,2.017950967530441,,16.874896201277316,3.770480868896316e-05
2014-06-09,3.7445045378367907,0.9488704319952641,-0.5007530453364907,3.080487282032735,2.6082836763168262,0.4722036057159089,2.1193717163109063,-0.6259413066706133,15.8891196000592,3.750228724923289e-05
2014-06-10,3.724153100171195,0.9424198738160077,,3.08271772705082,2.6111253225685815,0.4715924044822386,2.114150164838591,,15.969751577299906,3.737589398719596e-05
2014-06-11,4.12811096659118,1.081446708965611,,3.08494890508273,2.613965506734459,0.47098339834827074,2.290773892941473,,14.231916137929863,3.7133773615002264e-05
2014-06-12,3.7645798718633876,0.9573343815682875,,3.0871808021836076,2.6168042091456054,0.47037659303800217,2.138472186105965,,15.783320230396408,3.704720922184389e-05
2014-06-13,3.93318716888075,1.0156694048214556,,3.0894134044041053,2.619641410143427,0.4697719942606784,2.2142281661702463,,15.054132439731806,3.723440198360409e-05
2014-06-16,3.906685132680868,1.0071096938021542,-0.461926870798564,3.0916466977904644,2.6224770900797294,0.469169607710735,2.206364207332422,-0.577408588498205,15.161128827473075,3.720368037662523e-05
2014-06-17,4.02190155987,1.0471390566982408,,3.0938806683846107,2.625311229316852,0.4685694390677586,2.259235050189653,,14.660761791271991,3.6593781897435395e-05
2014-06-18,4.637420299798011,1.2587005197827748,,3.0961153022242343,2.6281438082278017,0.46797149399643256,2.52651945795627,,15.983756497284684,3.635796309959849e-05
2014-06-19,4.404690289234499,1.1794337107316621,,3.0983505853428794,2.6309748071963925,0.4673757781464869,2.43026694561097,,14.992921384145776,3.587313379962149e-05
2014-06-20,4.177119176729408,1.1019355298331206,,3.1005865037700366,2.63380420661738,0.4667822971526565,2.336223618908781,,14.024194122914006,3.5961006377494815e-05
2014-06-23,4.0085803536119835,1.0446768463302996,-0.4368821024464671,3.1028230435312207,2.636631986896597,0.4661910566346239,2.2674780448094713,-0.5461026280580838,14.691539420871257,3.613330627586759e-05
2014-06-24,4.016774237110327,1.0480120812052376,,3.105060190648067,2.6394581284510887,0.4656020621969783,2.2744732299576356,,14.649848984934533,3.6225887425716014e-05
2014-06-25,4.281583513895891,1.139329576394234,,3.107297931138412,2.642282611709249,0.4650153194291633,2.3914445822020416,,14.491619704927924,3.597906875786325e-05
2014-06-26,4.369798497625211,1.170100288802275,,3.1095362510163866,2.6451054171109556,0.46443083390543105,2.4327307781137995,,14.876253610028435,3.606810768823748e-05
2014-06-27,3.846140780087192,0.991085899267928,,3.111775136292497,2.647926525107706,0.4638486111847908,2.2117838991926164,,15.3614262591509,3.5924804966092335e-05
2014-06-30,4.175043292357996,1.104377690673708,-0.3970815395508615,3.114014572973719,2.6507459161627542,0.46326865681096496,2.3562180295048893,-0.49635192443857684,14.054721133421348,3.5567559555716615e-05
2014-07-01,3.449676857592599,0.8562056517604368,,3.1162545470635803,2.6535635707512393,0.462690976312341,2.0488206354517855,,17.04742935299454,3.581480456505397e-05
2014-07-02,4.233312790529693,1.1254056541004718,,3.118495044562249,2.6563794693603313,0.4621155752019175,2.388136536985921,,14.317570676255896,3.608847610990899e-05
2014-07-03,4.424435063558597,1.1914579090350423,,3.1207360514666243,2.659193592489358,0.4615424589772661,2.473515978783161,,15.14322386293803,3.640709424066821e-05
2014-07-04,4.058129298260707,1.066391764774295,,3.1229775537704194,2.662005920649944,0.4609716331204754,2.319995626617813,,14.420102940321312,3.621735830077487e-05
2014-07-07,4.79040890373277,1.3179832395368127,-0.2546778403087916,3.1252195374642535,2.664816434366143,0.4604031030981104,2.637295483787159,-0.31834730038598946,16.724790494210158,3.6612978295443896e-05
2014-07-08,3.844662807130877,0.9942513863076741,,3.127461988535734,2.667625114174575,0.45983687436115916,2.2354393470591676,,15.321857671154076,3.6459809178919594e-05
2014-07-09,4.227672911580795,1.1260928498363914,,3.129704892969551,2.6704319406245602,0.45927295234499077,2.4030480029200496,,14.326160622954891,3.668404969671394e-05
2014-07-10,4.137503323820215,1.0957010304000854,,3.1319482367475575,2.6732368942782543,0.45871134246930323,2.367863182278361,,14.053737119998933,3.6524885889782326e-05
2014-07-11,4.11341175949973,1.087964279906791,,3.1341920058488633,2.6760399557107797,0.4581520501380836,2.3609953055942685,,14.150446501165112,3.646044571675064e-05
2014-07-14,4.106977903852419,1.0862813398394304,-0.40914577344037983,3.1364361862499184,2.6788411055103665,0.4575950807395519,2.3616927803096543,-0.5114322168004748,14.171483252007121,3.5683464181023504e-05
2014-07-15,4.182952926867383,1.1128526036011366,,3.138680763924602,2.6816403242784808,0.4570404396461214,2.3977060787799016,,14.160657545014207,3.559553377909696e-05
2014-07-16,4.4407280369988715,1.2017550492156441,,3.140925724844312,2.6844375926299624,0.4564881322143495,2.5116314041495174,,15.27193811519555,3.563363460313015e-05
2014-07-17,4.624627299157526,1.2653283483529694,,3.1431710549780485,2.6872328911931582,0.45593816378489027,2.5938933266343702,,16.066604354412117,3.5511249637857585e-05
2014-07-18,4.140110022339469,1.0997299706595012,,3.1454167402925077,2.690026200610056,0.4553905396824516,2.389688663934433,,14.003375366756236,3.6086009079811514e-05
2014-07-21,4.424737098925219,1.197837928660596,-0.33477471422626937,3.1476627667521613,2.6928175015364193,0.454845265215742,2.5151149123621646,-0.41846839278283665,15.22297410825745,3.571936702312432e-05
2014-07-22,3.892237805017616,1.015787966447986,,3.1499091203193528,2.6956067746419197,0.4543023456774331,2.2903417327019024,,15.052650419400173,3.5547534620143854e-05
2014-07-23,4.404421326496329,1.1919146543271482,,3.1521557869543795,2.698394000610274,0.45376178634410547,2.5132873185192093,,15.148933179089349,3.526803221682005e-05
2014-07-24,3.868121508294264,1.0085610171407613,,3.1544027526155816,2.701179160139372,0.45322359247620936,2.286880431565324,,15.142987285740485,3.509830918342985e-05
2014-07-25,4.5150321070776895,1.230879192330576,,3.156650003259432,2.7039622339414184,0.45268776931801336,2.5675612243546384,,15.635989904132199,3.5434491270569e-05
2014-07-28,4.905509011016075,1.365276905287189,-0.22314872980854086,3.1588975248406195,2.7067432027430596,0.4521543220975599,2.7383393343520455,-0.27893591226067604,17.315961316089858,3.591797841394037e-05
2014-07-29,4.0875399267208214,1.0853499334434331,,3.161145303312144,2.7095220472855193,0.4516232560266249,2.3912094640898105,,14.183125831957089,3.570107599032537e-05
2014-07-30,3.3613646808287263,0.8368947811031111,,3.163393324625396,2.712298748324734,0.4510945763006622,2.0834172247036227,,17.288815236211114,3.5478389343568156e-05
2014-07-31,3.9354160449964026,1.0342312480106213,,3.1656415747302504,2.7150732866314824,0.45056828809876803,2.332862346644759,,14.822109399867234,3.5119607839192737e-05
2014-08-01,4.556885613960902,1.2478250161147164,,3.16789003957515,2.717845642991522,0.45004439658362827,2.6026269131349173,,15.847812701433956,3.554381535791729e-05
2014-08-04,4.317795036423427,1.1663692144430295,-0.35575385703798046,3.170138705107199,2.7206157982057193,0.44952290690147967,2.503577316259506,-0.4446923212974755,14.829615180537868,3.591321058001768e-05
2014-08-05,4.2098278855375355,1.1298696318410035,,3.1723875572722435,2.7233837330901864,0.4490038241820571,2.460720772891441,,14.373370398012545,3.588794245571024e-05
2014-08-06,4.474233158991662,1.2210402027145808,,3.1746365820149647,2.7261494284764085,0.44848715353855617,2.5774496818696346,,15.513002533932259,3.544869647750631e-05
2014-08-07,4.28925021224097,1.1581344127098108,,3.176885765278966,2.7289128652113823,0.4479729000675836,2.5015808810986457,,14.726680158872632,3.504302241484339e-05
2014-08-08,4.544388786202447,1.2461270224941365,,3.1791350930068587,2.731674024157745,0.44746106884911363,2.6143328022754155,,15.826587781176706,3.5105653417691655e-05
2014-08-11,4.438477929791527,1.2103308411976383,-0.3264461058682412,3.181384551140353,2.7344328861939093,0.44695166494644356,2.5723464376909573,-0.40805763233530146,15.379135514970478,3.528846799243792e-05
2014-08-12,4.647770706341693,1.2826040543284352,,3.183634125620341,2.7371894322141923,0.44644469340614856,2.665444500124736,,16.282550679105437,3.464699236910128e-05
2014-08-13,4.239251336967663,1.1430555300687506,,3.1858838023869915,2.7399436431289517,0.44594015925803987,2.49376305571489,,14.538194125859382,3.4555583114180345e-05
2014-08-14,4.429011934869452,1.2086311281792748,,3.1881335673798303,2.7426954998647157,0.4454380675151146,2.578484410088809,,15.357889102240932,3.507132325860735e-05
2014-08-15,4.003176404754462,1.0631447512297059,,3.190383406537835,2.745444983364316,0.44493842317351895,2.3993759224014486,,14.460690609628678,3.5011487170223725e-05
2014-08-18,3.8986606537118065,1.0278247026129195,-0.44811686492472047,3.192633305799518,2.7481920745870188,0.44444123121249923,2.357972952853168,-0.5601460811559006,14.902191217338508,3.549290989698098e-05
2014-08-19,4.705043012935803,1.3048121168502769,,3.1948832511030147,2.7509367545086567,0.44394649659435803,2.706951900571503,,16.56015146062846,3.570977177372245e-05
2014-08-20,4.181849742296342,1.1259445611587227,,3.197133228386176,2.7536790041217634,0.44345422426441283,2.4861097055701666,,14.324307014484033,3.5371834012406036e-05
2014-08-21,4.386391458325608,1.1965856679034856,,3.1993832235866497,2.7564188044357008,0.442964419150949,2.5771508893150576,,15.207320848793568,3.528760652803972e-05
2014-08-22,4.146498830017341,1.114848801729367,,3.2016332226419753,2.7591561364767934,0.4424770861651819,2.477717138638502,,14.185610021617086,3.5255571175029197e-05
2014-08-25,3.8964173439523617,1.0296181218896043,-0.4469212520735972,3.2038832114896634,2.76189098128846,0.4419922302012034,2.3739136336504654,-0.5586515650919964,14.879773476379947,3.496337063469862e-05
2014-08-26,4.104051285151626,1.1013179471098882,,3.2061331760672935,2.7646233199313417,0.44150985613595184,2.466270753818702,,14.016474338873602,3.46681759994271e-05
2014-08-27,4.601316106161877,1.2723192821321259,,3.2083831023125926,2.767353133483438,0.4410299688291546,2.682752236148595,,16.15399102665157,3.5150296914811904e-05
2014-08-28,4.291564651386001,1.166628808913531,,3.210632976163529,2.7700804030402337,0.4405525731232953,2.5533664141821477,,14.832860111419135,3.485117385544485e-05
2014-08-29,3.4967289651827143,0.894623220832345,,3.2128827835584,2.77280510971483,0.4400776738435699,2.2160841357552616,,16.56720973959569,3.5199882495766e-05
2014-09-01,4.018924499225065,1.0741706652108616,-0.4172195565260924,3.215132510435915,2.775527234638079,0.4396052757978359,2.443240566151656,-0.5215244456576155,14.322866684864232,3.5070642486624234e-05
2014-09-02,4.716579938610093,1.3138752551245656,,3.2173821427352896,2.7782467589587108,0.4391353837765788,2.745590827864418,,16.673440689057067,3.507131746379382e-05
2014-09-03,4.016466847788139,1.0743443765780054,,3.219631666396328,2.780963663843465,0.4386680025528631,2.448894134565972,,14.320695292774934,3.525792158757765e-05
2014-09-04,3.4596484536499004,0.8839425569918984,,3.221881067359516,2.7836779304772223,0.4382031368822936,2.2136061267170954,,16.70071803760127,3.507726507125681e-05
2014-09-05,4.750904981914877,1.3271658662507053,,3.224130331566103,2.786389540063133,0.4377407915029701,2.770346872876515,,16.839573328133817,3.526582415285963e-05
2014-09-08,4.325698778516177,1.1818871011775351,-0.34540859921497663,3.226379444958198,2.7890984738227482,0.4372809711354497,2.591457350294667,-0.43176074901872075,15.02358876471919,3.463090437269917e-05
2014-09-09,4.060882101207797,1.091598456942464,,3.2286283934788473,2.7918047129961496,0.4368236804826977,2.48130278417423,,14.1050192882192,3.4776916226774186e-05
2014-09-10,3.953917291336511,1.0554298716701518,,3.2308771630721296,2.7945082388420803,0.43636892423004925,2.43879557842977,,14.557126604123102,3.4021309175214596e-05
2014-09-11,4.461265288819117,1.2298822315750084,,3.2331257396832442,2.7972090326380714,0.4359167070451728,2.659561822106832,,15.623527894687603,3.3960410468865406e-05
2014-09-12,3.8912782767594627,1.034961991972857,,3.235374109258593,2.799907075680576,0.43546703357801686,2.4186095656466473,,14.812975100339289,3.423106739462221e-05
2014-09-15,4.481394329626003,1.2377907709419187,-0.308139486038721,3.237622257745875,2.8026023492850967,0.4350199084607782,2.674840812962495,-0.3851743575484012,15.722384636773983,3.443192866684044e-05
2014-09-16,4.267806827730086,1.1650634342869108,,3.2398701710941675,2.8052948347863147,0.43457533630785283,2.5866241276449533,,14.813292928586383,3.4040418517910573e-05
2014-09-17,4.162212852490665,1.129361831058482,,3.242117835254021,2.807984513538219,0.4341333217158021,2.5446868023613214,,14.367022888231025,3.3692377301886046e-05
2014-09-18,4.126041887104558,1.1174617766402715,,3.244365236177541,2.810671366914236,0.4336938692633048,2.5324985877145756,,14.218272208003393,3.349256823831136e-05
2014-09-19,4.012412266511849,1.0790038355942988,,3.2466123598184797,2.8133553763073587,0.4332569835111211,2.487110170800232,,14.262452055071266,3.355713516380813e-05
2014-09-22,4.438166364624334,1.225476814425112,-0.31634879038325875,3.248859192132321,2.8160365231302764,0.4328226690020447,2.6728825411616666,-0.3954359879790734,15.568460180313899,3.2957277932731676e-05
2014-09-23,3.7678654651485144,0.99615886014778,,3.2511057190763704,2.818714788815499,0.4323909302608713,2.3889133640002242,,15.298014248152752,3.296159521738403e-05
2014-09-24,3.5016067080216824,0.905368984780375,,3.2533519266098425,2.821390154815492,0.43196177179435047,2.278101385790961,,16.432887690245312,3.306237625395484e-05
2014-09-25,4.2828815251707155,1.1737328147470971,,3.255597800693946,2.8240626026028006,0.4315351980911455,2.616228621036672,,14.921660184338712,3.298650809275262e-05
2014-09-26,4.287309831940296,1.1757485993680579,,3.2578433272919773,2.8267321136701793,0.43111121362179805,2.621417862880252,,14.946857492100722,3.31511206305824e-05
2014-09-29,4.23301173213214,1.157628938301412,-0.3615807077990587,3.2600884923694,2.82939866953072,0.43068982283867996,2.6014348424074853,-0.45197588474882333,14.72036172876765,3.322624375896642e-05
2014-09-30,4.206185167869539,1.1489274043541648,,3.2623332818939423,2.8320622517179803,0.430271030175962,2.593221507160686,,14.611592554427059,3.3072930892522e-05
2014-10-01,3.949846035355896,1.0615351545994944,,3.264577681835675,2.8347228417861103,0.42985484004956476,2.4866417850354785,,14.480810567506321,3.250973053992754e-05
2014-10-02,4.336211084477155,1.194497924526263,,3.2668216781671062,2.837380421309982,0.4294412568571242,2.655502826967811,,15.181224056578287,3.255692720879866e-05
2014-10-03,4.043205825990251,1.0945330247894551,,3.269065256863267,2.8400349718853164,0.4290302849779506,2.5332012528721353,,14.068337190131812,3.22869293808785e-05
2014-10-06,3.887222540041148,1.0415463727021788,-0.43896908486521424,3.271308403901797,2.842686475128808,0.4286219287729889,2.4696194410065315,-0.5487113560815178,14.730670341222767,3.212734066010023e-05
2014-10-07,3.947113547854432,1.062573042529352,,3.2735511052630346,2.845334912678258,0.4282161925847765,2.498551215839948,,14.4678369683831,3.227424421887748e-05
2014-10-08,4.762064748632068,1.3424767638530999,,3.2757933469301035,2.8479802661926965,0.427813080737407,2.8510762210090714,,17.030959548163747,3.269674461824187e-05
2014-10-09,3.4461667195833274,0.8918028701545482,,3.2780351148890015,2.850622517352511,0.4274125975364904,2.2903761050456963,,16.60246412306815,3.269371896517038e-05
2014-10-10,4.226903847554345,1.159974572515496,,3.2802763951286846,2.8532616478595743,0.4270147472691104,2.628229863503944,,14.749682156443699,3.28653713992759e-05
2014-10-13,3.462861213805795,0.898506748685154,-0.5343288342098974,3.28251717364116,2.85589763943737,0.4266195342037902,2.3040310752938122,-0.6679110427623718,16.518665641435575,3.2448987744044466e-05
2014-10-14,4.011242258282446,1.0870119994012433,,3.284757436421569,2.8585304738311184,0.4262269625904507,2.5422954730826723,,14.16235000748446,3.252890115772524e-05
2014-10-15,3.8959306020047366,1.0479647017814975,,3.286997169468276,2.861160132807906,0.42583703666036987,2.496116010034778,,14.650441227731282,3.251949667382047e-05
2014-10-16,3.316518866036482,0.8497966043984148,,3.289236358782957,2.8637865981568087,0.42544976062614825,2.251032353654827,,17.127542445019817,3.2889480182581695e-05
2014-10-17,4.181022748571882,1.1466845108520516,,3.2914749903706855,2.8664098516890175,0.42506513868166795,2.6247654902540822,,14.583556385650645,3.273807354090067e-05
2014-10-20,3.9104293871720466,1.0543954325369367,-0.4304030449753757,3.293713050240023,2.8690298752379677,0.42468317500205544,2.5120241659091387,-0.5380038062192196,14.570057093288295,3.267512191070688e-05
2014-10-21,3.3073059219955327,0.8480952388926508,,3.2959505244031004,2.8716466506594625,0.424303873743638,2.256765699275276,,17.148809513841865,3.299623027057152e-05
2014-10-22,4.334464743474534,1.2007481708929104,,3.2981873988757138,2.8742601598317985,0.42392723904391527,2.7001953734479365,,15.259352136161379,3.297715393077514e-05
2014-10-23,4.54145820156113,1.2722007413586722,,3.300423659677403,2.876870384655893,0.42355327502150963,2.792121311354234,,16.1525092669834,3.265785615727058e-05
2014-10-24,4.5593420652362155,1.2788149210755888,,3.302659292831547,2.879477307055407,0.42318198577613986,2.802995958399893,,16.23518651344486,3.3424866989642477e-05
2014-10-27,4.162028205254685,1.1430747728781767,-0.3712834847478823,3.3048942843654445,2.882080908976871,0.42281337538857366,2.6359243750745915,-0.4641043559348529,14.538434660977206,3.311024690826424e-05
2014-10-28,4.0511111253351535,1.105526976629254,,3.3071286203104058,2.8846811723898127,0.4224474479205931,2.5915898931763803,,14.069087207865673,3.309924617679233e-05
2014-10-29,4.4984453609150155,1.2593787945074957,,3.3093622867018393,2.8872780792868764,0.4220842074149629,2.7865015724212463,,15.992234931343695,3.3210985223278186e-05
2014-10-30,4.62102702691416,1.301886030240812,,3.3115952695793363,2.889871611683953,0.42172365789538313,2.842229149484968,,16.523575378010147,3.329939601033602e-05
2014-10-31,4.427546528847614,1.236028244345075,,3.3138275549867626,2.8924617516203033,0.42136580336645935,2.762497057051647,,15.700353054313437,3.3250891063934486e-05
2014-11-03,3.6998665358494676,0.987015487732424,-0.47532300817838413,3.31605912897234,2.895048481158679,0.4210106478136608,2.4538178408242093,-0.59415376022298,15.4123064033447,3.320394593498603e-05
2014-11-04,4.098485132639923,1.1241613823857908,,3.31828997758874,2.8976317823854525,0.4206581952032873,2.627833510367691,,14.302017279822383,3.3142098608174674e-05
2014-11-05,4.1804573660635445,1.1527419373149714,,3.320520086893165,2.9002116374107354,0.4203084494824294,2.66613905905445,,14.659274216437144,3.281910878951337e-05
2014-11-06,3.3918756226777527,0.8828459637299326,,3.3227494429474382,2.902788028368506,0.4199614145789323,2.3313454830309217,,16.714425453375846,3.34687746357279e-05
2014-11-07,4.188135224084104,1.156323279154493,,3.3249780318180933,2.9053609374167326,0.41961709440136064,2.675765036359849,,14.704040989431162,3.3410926442114756e-05
2014-11-10,4.8180261693606505,1.3727590191175267,-0.21816065392164888,3.327205839576456,2.907930346737496,0.41927549283896015,2.9488791206344045,-0.2727008174020611,17.409487738969084,3.359930440105277e-05
2014-11-11,4.245079351395785,1.176792339896095,,3.3294328522987358,2.9104962385371116,0.41893661376162417,2.7064866634072304,,14.959904248701188,3.350663532718653e-05
2014-11-12,4.535421581389158,1.2768095697730109,,3.3316590560661097,2.913058595046257,0.4186004610198526,2.8340705572625207,,16.210119622162633,3.340817450295887e-05
2014-11-13,4.082375134705649,1.1219497676154446,,3.333884436964812,2.915617398520091,0.41826703844472135,2.643054608039397,,14.274372095193058,3.327983382398569e-05
2014-11-14,3.991359229095534,1.0912138011219414,,3.336108981086219,2.9181726312383782,0.41793634984784056,2.6071898826408053,,14.109827485975732,3.282705459385383e-05
2014-11-17,4.149063999657126,1.145752566809717,-0.369498288793522,3.3383326745269377,2.920724275505611,0.4176083990213266,2.6779149840177574,-0.46187286099190245,14.571907085121463,3.2787830339821684e-05
2014-11-18,3.7287157844991743,1.0021008022418683,,3.3405555033888907,2.923272313651134,0.4172831897377569,2.500898316453469,,15.223739971976649,3.2676113972433084e-05
2014-11-19,3.675572641628699,0.9843469775318735,,3.3427774537794046,2.9258167280292624,0.4169607257501422,2.4812504499441044,,15.445662780851583,3.3030721138946674e-05
2014-11-20,4.45474216587448,1.251956546860324,,3.344998511811298,2.92835750101941,0.4166410107918881,2.818303184594815,,15.899456835754048,3.2685049481490346e-05
2014-11-21,4.490499792504855,1.2646810811439824,,3.3472186636029635,2.9308946150262045,0.416324048576759,2.8367459664561823,,16.058513514299776,3.252384284473144e-05
2014-11-24,3.6619399716674845,0.981067242129518,-0.4792885052469881,3.3494378952784616,2.933428052479615,0.41600984279884656,2.4847621051415127,-0.599110631558735,15.486659473381026,3.226998309345342e-05
2014-11-25,4.346276801335172,1.2161598565464637,,3.3516561929676,2.935957795835071,0.415698397132529,2.7811576165181506,,15.451998206830797,3.2699842314359605e-05
2014-11-26,3.9756941138640842,1.0895648029272775,,3.353873542806027,2.938483827573584,0.41538971523244284,2.625439831232681,,14.130439963409032,3.245308732780512e-05
2014-11-27,4.12371885987703,1.1407770289388517,,3.356089930935311,2.94100613020187,0.415083800733441,2.6919774163754346,,14.509712861735647,3.2625894350183985e-05
2014-11-28,4.164521023866434,1.1552262367322077,,3.358305343503036,2.943524686252469,0.4147806572505668,2.7125574821677287,,14.690327959152595,3.2920242152225704e-05
2014-12-01,4.350128712788608,1.2193220561749183,-0.32045196255005454,3.360519766662879,2.9460394782838675,0.4144802883790115,2.7951920485025155,-0.40056495318756813,15.491525702186477,3.288519726469034e-05
2014-12-02,4.029721895899852,1.1099261842235828,,3.3627331865747023,2.9485504888806173,0.414182697694085,2.660958219160096,,14.124077302794783,3.248834229423538e-05
2014-12-03,4.492994647083998,1.2692194394362324,,3.3649455894046403,2.9510577006534606,0.41388788875117966,2.8625819999487514,,16.115242992952904,3.209993295871254e-05
2014-12-04,4.106402833015472,1.137129540771191,,3.3671569613251804,2.9535610962394427,0.41359586508573765,2.6999730222034315,,14.464119259639887,3.2357370080655284e-05
2014-12-05,4.215246211394361,1.174902112696344,,3.369367288515257,2.9560606583020395,0.41330663021321756,2.7496882991724694,,14.936276408704298,3.200033821728816e-05
2014-12-08,3.7038161921064416,1.0000084890155305,-0.46666100732297977,3.3715765571603313,2.958556369531275,0.41302018762905623,2.533566980800688,-0.5833262591537247,15.24989388730587,3.2121471850979634e-05
2014-12-09,4.749668161769657,1.35903908128458,,3.3737847534524823,2.9610482126438407,0.41273654080864164,2.984847064249566,,17.23798851605725,3.2162586064205203e-05
2014-12-10,4.157258685322573,1.156378990784596,,3.37599186359049,2.963536170383214,0.41245569320727604,2.734009908863959,,14.70473738480745,3.228000653602603e-05
2014-12-11,4.241054580039169,1.185559691041412,,3.3781978737799223,2.9660202255197823,0.41217764826014003,2.772969839321547,,15.069496138017648,3.242540787498511e-05
2014-12-12,3.4273290504465357,0.9070177026546151,,3.3804027702332244,2.968500360850956,0.4119024093822685,2.427272489169225,,16.412278716817312,3.216211709111581e-05
2014-12-15,3.700940083129061,1.001275757230508,-0.4658161618463281,3.3826065391697995,2.9709765592012936,0.4116299799685059,2.5475712557394288,-0.58227020230791,15.234053034618652,3.1888948841879345e-05
2014-12-16,4.4208399118018775,1.2485460425502477,,3.3848091668160993,2.973448803422618,0.41136036339348125,2.859131356610428,,15.856825531878096,3.210281954872546e-05
2014-12-17,4.086690484550941,1.1344269341951128,,3.3870106394057076,2.975917076394132,0.41109356301157574,2.7189507441380227,,14.430336677438907,3.192948128430322e-05
2014-12-18,3.315156819631988,0.870346431820529,,3.389210943179429,2.9783813610225427,0.41082958215688636,2.391314400798204,,16.87066960224339,3.1156672406908e-05
2014-12-19,4.347085516409383,1.2245947914780584,,3.391410064385371,2.980841640242178,0.41056842414319306,2.836585129589751,,15.557434893475728,3.134695779835282e-05
2014-12-22,3.792067574120799,1.0347460634776733,-0.4435026243482179,3.393607989279034,2.9832978970151025,0.41031009226393156,2.601730476362194,-0.5543782804352724,14.815674206529085,3.106372907412337e-05
2014-12-23,4.475063234136168,1.2693580383052054,,3.3958047041233947,2.9857501143312373,0.4100545897921575,2.8974476622127443,,16.116975478815068,3.120240245937016e-05
2014-12-24,3.949073773130917,1.089459718567556,,3.398000195188991,2.988198275208478,0.40980191998051296,2.6750229234179232,,14.13175351790555,3.1603898726319875e-05
2014-12-25,4.050180829464182,1.1245648023224637,,3.4001944487540126,2.990642362692812,0.4095520860612005,2.7213483655958917,,14.307060029030795,3.161657007157826e-05
2014-12-26,4.389888096706635,1.2414745494309978,,3.4023874511043806,2.993082359858436,0.4093050912459444,2.869925546647184,,15.768431867887472,3.190916411917589e-05
2014-12-29,3.661855254298182,0.9923008434974406,-0.471799437668373,3.404579188533839,2.995518249807871,0.4090609387259678,2.560894304179672,-0.5897492970854662,15.346239456281994,3.1961352039660994e-05
2014-12-30,3.627208525187064,0.9808583830599273,,3.4067696473440336,2.9979500156720835,0.4088196316719501,2.5490229944969927,,15.48927021175091,3.2429363332605244e-05
2014-12-31,3.904660907384759,1.0764201895522272,,3.4089588138446065,3.000377640610599,0.40858117323400744,2.670902877550883,,14.294747630597161,3.212888032016085e-05
2015-01-01,4.261679632530557,1.1992607359545469,,3.4111466743532723,3.002801107811621,0.40834556654165155,2.8268770277548043,,15.240759199431833,3.213453759514713e-05
2015-01-02,3.505099282662092,0.9402947296863813,,3.4133332151959115,3.005220400492145,0.4081128147037667,2.5055888126001213,,15.996315878920235,3.2337897631031136e-05
2015-01-05,3.3858347684848846,0.8998358480133085,-0.5334427679911278,3.4155184227066497,3.0076355018980756,0.40788292080857413,2.4574303119147114,-0.6668034599889097,16.502051899833646,3.2290599086307395e-05
2015-01-06,4.256693167867004,1.198846511245255,,3.4177022832279476,3.010046395304344,0.40765588792360363,2.833604534360913,,15.235581390565688,3.263535170238849e-05
2015-01-07,3.756095825125567,1.0276426024919596,,3.419884783110684,3.012453064015022,0.407431719095662,2.6220063171299715,,14.904467468850505,3.251682842509991e-05
2015-01-08,3.8286099658206867,1.0529328784495662,,3.4220659087142415,3.014855491363439,0.40721041735080243,2.656021589425397,,14.588339019380424,3.3136390633710785e-05
2015-01-09,3.3147597286576587,0.8771827517671802,,3.424245646406593,3.0172536607122953,0.40699198569429784,2.4387321004212708,,16.78521560291025,3.3783815988903716e-05
2015-01-12,3.7257583899101245,1.0185224822777623,-0.4543183451481586,3.4264239825643834,3.0196475554537794,0.406776427110604,2.617800658300982,-0.5678979314351982,15.018468971527973,3.387815864173149e-05
2015-01-13,3.959513876687692,1.099091924404262,,3.428600903573021,3.022037159009683,0.4065637445633383,2.7209020645150104,,14.011350944946726,3.4055581147375535e-05
2015-01-14,4.2865594795547866,1.2116453429147471,,3.430776395826755,3.024422454831514,0.406353940995241,2.863979133474948,,15.395566786434339,3.443140116020538e-05
2015-01-15,3.689765006657918,1.0074523800518433,,3.432950445728766,3.0268034264006136,0.4061470193281522,2.611118901465418,,15.156845249351958,3.407398520231305e-05
2015-01-16,4.538549097169637,1.2988851344278998,,3.43512303969125,3.029180057228268,0.4059429824629821,2.9777864752631427,,16.486064180348745,3.3682425260747664e-05
2015-01-19,3.7176483098357918,1.017853277098424,-0.45476448193438407,3.437294164135501,3.0315523308558245,0.4057418332796763,2.628868927228855,-0.5684556024179801,15.026834036269701,3.407397736848397e-05
2015-01-20,3.7169398420310316,1.0180289838097791,,3.439463805491999,3.033920230854805,0.40554357463719404,2.631456460617029,,15.024637702377762,3.4166644536288115e-05
2015-01-21,4.492879779175164,1.2844829062277363,,3.441631950200491,3.0362837408270202,0.4053482093734706,2.9668873736116907,,16.306036327846705,3.410559049469075e-05
2015-01-22,4.027601979909276,1.12537521828367,,3.443798584710082,3.0386428444046802,0.4051557403054016,2.770361867259268,,14.317190228545876,3.4117533284152866e-05
2015-01-23,3.7591722070989695,1.033757032518611,,3.4459636954793114,3.0409975252505133,0.4049661702287981,2.658193815898777,,14.828037093517365,3.34010404753017e-05
2015-01-26,3.8968778650114104,1.0813840242583288,-0.4124106504944475,3.448127268976245,3.0433477670578744,0.40477950191837087,2.7200777973807857,-0.5155133131180594,14.23269969677089,3.335214174776783e-05
2015-01-27,4.423547492582568,1.2623688293050472,,3.450289291678556,3.0456935535508602,0.4045957381276959,2.9486545901821692,,16.02961036631309,3.313514726650012e-05
2015-01-28,4.461943705468398,1.275944338355082,,3.4524497500736078,3.0480348684844216,0.40441488158918615,2.967965291428274,,16.19930422943852,3.341841898749568e-05
2015-01-29,3.6616998003867036,1.0019848184875695,,3.454608630658544,3.050371695644475,0.4042369350140689,2.6278527187539367,,15.225189768905384,3.372746503630028e-05
2015-01-30,3.931534008192821,1.094907942790507,,3.4567659199403664,3.0527040188480172,0.4040619010923492,2.746338947336151,,14.063650715118662,3.391144655167454e-05
2015-02-02,3.9767529116774827,1.110818819320109,-0.3927874537865942,3.4589216044360263,3.0550318219432344,0.40388978249279184,2.7685553460933705,-0.4909843172332427,14.13523524150136,3.404086591777336e-05
2015-02-03,3.5988299328417295,0.9816511867380084,,3.4610756706725,3.057355088809615,0.40372058186288484,2.6094190722321255,,15.479360165774896,3.359360162088502e-05
2015-02-04,3.9233439393946488,1.0933177936820009,,3.463228105186883,3.059673803358063,0.40355430182882035,2.7513210454605637,,14.08352757897499,3.37810977741289e-05
2015-02-05,3.94352024951025,1.1006387432542042,,3.4653788945264643,3.0619879495310074,0.4033909449954569,2.7627863785987627,,14.00798429067755,3.398149086685844e-05
2015-02-06,4.339557928143649,1.2368251374724084,,3.4675280252488196,3.0642975113025153,0.4032305139463044,2.9353289331430257,,15.710314218405104,3.437304645594109e-05
2015-02-09,4.361914571568667,1.2448910033973442,-0.30340599773510396,3.4696754839218884,3.0666024726784,0.4030730112434884,2.9477162269250803,-0.3792574971688799,15.8111375424668,3.504337613498706e-05
2015-02-10,3.822927579648271,1.0604948721969192,,3.471821257124059,3.068902817696335,0.4029184394277241,2.719521407942484,,14.493814097538513,3.4522233517417004e-05
2015-02-11,3.862106199639895,1.0743256227367026,,3.473965331444259,3.071198530425962,0.40276680101829676,2.7391055588468407,,14.320929715791218,3.441034599459842e-05
2015-02-12,4.168334927306543,1.1797150762466764,,3.476107693482028,3.073489594969003,0.4026180985130252,2.8731334402773485,,14.996438453083453,3.418978362696996e-05
2015-02-13,3.729863393855147,1.0297773861287587,,3.4782483298476126,3.075775995459369,0.4024723343882437,2.687997728120317,,14.877782673390517,3.425146850266877e-05
2015-02-16,4.139554058337056,1.1706368182084883,-0.3529087878610078,3.48038722716204,3.07805771606327,0.40232951109877035,2.8663537388238804,-0.4411359848262597,14.882960227606103,3.4264165022342073e-05
2015-02-17,3.9016173307580724,1.0894512215156944,,3.482524372057212,3.0803347409793265,0.4021896310778854,2.7671487678739446,,14.131859731053822,3.420060444851811e-05
2015-02-18,3.5919536540399046,0.9836721706713656,,3.4846597511759776,3.0826070544386766,0.40205269673730104,2.6371972677778834,,15.454097866607931,3.452700450383344e-05
2015-02-19,3.595212837339724,0.9851795944544425,,3.4867933511722247,3.084874640705087,0.4019187104671378,2.64134913377314,,15.43525506931947,3.4194986138976825e-05
2015-02-20,4.435442753572168,1.2736470435237324,,3.488925158710961,3.0871374840750607,0.40178767463590015,3.004196288479726,,16.170588044046653,3.388454246759062e-05
2015-02-23,3.8730952246567028,1.0812294225028043,-0.4125137183314639,3.4910551604683953,3.089395568877946,0.40165959159044906,2.7659323470064514,-0.5156421479143298,14.234632218714948,3.358202348772741e-05
2015-02-24,4.500841233606814,1.2968424912677974,,3.4931833431320247,3.091648879476047,0.4015344636559779,3.037701993560794,,16.460531140847465,3.3481664487625893e-05
2015-02-25,3.74582321051623,1.038363648714211,,3.495309693400713,3.0938974002647264,0.4014122931359867,2.71685196115749,,14.770454391072365,3.312176596587179e-05
2015-02-26,4.026400382413734,1.1349446241357792,,3.49743419798478,3.096141115672521,0.4012930823122587,2.8398218958422454,,14.43680780169724,3.311556802597145e-05
2015-02-27,4.76080215108125,1.3871212067621892,,3.4995568436060767,3.0983800101612444,0.40117683344483224,3.157281518613981,,17.58901508452736,3.30745496263907e-05
2015-03-02,3.5521707656241475,0.9731135906404066,-0.4845909395730624,3.501677616998077,3.100614068226095,0.4010635487719818,2.6420060565266037,-0.6057386744663279,15.58608011699492,3.2849464950577425e-05
2015-03-03,3.2569159881549226,0.8722622600120269,,3.503796504905953,3.1028432743957666,0.4009532305101864,2.5181710994108,,16.846721749849664,3.3117086360191135e-05
2015-03-04,4.3703566709131145,1.254390815754468,,3.505913494086662,3.105067613232552,0.40084588085411,2.998056132925637,,15.92988519693085,3.3107632624184985e-05
2015-03-05,3.6295701411829815,1.0007829073528312,,3.5080285713090285,3.107287069332451,0.40074150197657765,2.68326570352349,,15.24021365808961,3.343414472513598e-05
2015-03-06,3.9106134612313714,1.097515236307252,,3.510141723353827,3.1095016273252782,0.4006400960285488,2.8063956727093435,,14.031059546159351,3.338384920489404e-05
2015-03-09,3.7117008492618004,1.02968981474581,-0.44687345683612684,3.5122529370138644,3.1117112718747686,0.40054166513909584,2.723823540307031,-0.5585918210451585,14.878877315677377,3.3384925718049624e-05
2015-03-10,4.009544920260369,1.132179533714638,,3.5143621990940614,3.113915987678684,0.4004462114153773,2.854140404821982,,14.402244171432974,3.322456229859925e-05
2015-03-11,3.581920204211569,0.985935655137711,,3.5164694964115384,3.1161157594689164,0.400353736942622,2.6735353283910555,,15.425804310778613,3.323076195350018e-05
2015-03-12,3.8505529975397597,1.0784071894540033,,3.518574815795692,3.118310572011599,0.40026424378409287,2.7913195588291035,,14.26991013182496,3.345282018707936e-05
2015-03-13,4.069895781852706,1.153977839186784,,3.5206781440882846,3.120500410107208,0.4001777339810766,2.8879727090906884,,14.674722989834802,3.3337539869916265e-05
2015-03-16,3.558484950159806,0.9790029336470887,-0.48066471090194096,3.5227794681435203,3.1226852585906677,0.4000942095528526,2.671438925649529,-0.6008308886274262,15.512463329411393,3.3501820918108166e-05
2015-03-17,3.665300562105778,1.0159899164424935,,3.5248787748281307,3.1248651023314578,0.40001367249667297,2.7198524978845744,,15.050126044468833,3.326597392280843e-05
2015-03-18,3.7876871779026913,1.0583140599681762,,3.5269760510214563,3.1270399262337163,0.39993612478774,2.7749325011939368,,14.521074250397797,3.3502381490016144e-05
2015-03-19,3.408131265580359,0.9285421478928467,,3.5290712836155267,3.1292097152363434,0.3998615683791833,2.614887400102402,,16.143223151339416,3.333631599319343e-05
2015-03-20,3.7592701377935387,1.0492926820641506,,3.5311644595151463,3.1313744543131095,0.3997900052020369,2.7679903068932976,,14.63384147419812,3.360122390237782e-05
2015-03-23,3.9476994168040975,1.1142555847883484,-0.3904962768077679,3.5332555656379716,3.133534128472755,0.39972143716521646,2.8513536094581906,-0.4881203460097098,14.178194809854352,3.3628074909164453e-05
2015-03-24,3.7652369916697457,1.0520541270093886,,3.535344588914597,3.135688722759096,0.39965586615550075,2.775756381520832,,14.599323412382642,3.4100084573721746e-05
2015-03-25,3.8090602048167206,1.0674348208481932,,3.537431516288633,3.137838222251128,0.3995932940375049,2.7971317483113696,,14.407064739397587,3.37561713331371e-05
2015-03-26,3.8960436267145084,1.0976117994912098,,3.53951633471679,3.1399826120631293,0.3995337226536608,2.8369973614271418,,14.029852506359878,3.3318995305840446e-05
2015-03-27,3.672470627218937,1.0213107845081224,,3.5415990311689614,3.1421218773447634,0.3994771538241979,2.7437603579799164,,14.983615193648472,3.314300582646634e-05
2015-03-30,4.142828773224122,1.1829275079040253,-0.3447149947306498,3.543679592628299,3.1442560032811824,0.3994235893471165,2.9479153881612143,-0.43089374341331227,15.036593848800315,3.274074118531715e-05
2015-03-31,4.402529678661215,1.2723173749762131,,3.545758006091302,3.146384975093129,0.3993730309981727,3.061781693813396,,16.153967187202664,3.23439050324526e-05
2015-04-01,3.7363890963134123,1.0442743529365464,,3.5478342585678915,3.14850877803704,0.39932548053085126,2.778851719207723,,14.696570588293174,3.2533474796881724e-05
2015-04-02,4.067730967007866,1.158223787777325,,3.549908337081498,3.1506273974051484,0.3992809396763497,2.9234071321268047,,14.72779734721656,3.254038534339186e-05
2015-04-03,3.813039402755403,1.0712459413478426,,3.5519802286691364,3.152740818525581,0.39923941014355524,2.8167982452103844,,14.359425733151971,3.24083081748037e-05
2015-04-06,4.023824282730163,1.1438584814046207,-0.37076101239691966,3.5540499203814924,3.1548490267624674,0.399200893619025,2.909672128518243,-0.4634512654961495,14.548231017557757,3.23037121768097e-05
2015-04-07,4.442929351157235,1.2878935437443906,,3.5561173992829977,3.1569520075160353,0.3991653917669624,3.0918189371965235,,16.348669296804882,3.2138574700100066e-05
2015-04-08,4.071944671773508,1.161039145162172,,3.5581826524519165,3.1590497462227147,0.3991329062292017,2.93534867767543,,14.762989314527148,3.2627658053584434e-05
2015-04-09,3.272230587511179,0.8871902553428384,,3.5602456669804243,3.161142228355238,0.39910343862518616,2.5951300475337864,,16.66012180821452,3.242049497789883e-05
2015-04-10,4.050840533992381,1.1544794757736352,,3.562306429974685,3.1632294394227403,0.3990769905519449,2.9313287841397844,,14.680993447170438,3.2045013260966986e-05
2015-04-13,4.322465317099933,1.2479436491970812,-0.30137090053527926,3.5643649285549386,3.1653113649708584,0.3990535635840802,3.05024092646721,-0.37671362566909905,15.849295614963514,3.228349259231223e-05
2015-04-14,3.8124298629457947,1.0734084596002278,,3.5664211498555742,3.167387990581835,0.3990331592737393,2.8341485650821197,,14.332394254997155,3.222892153453784e-05
2015-04-15,4.237490806052671,1.21947617673414,,3.5684750810252166,3.1694593018746144,0.39901577915060216,3.0188045227922893,,15.493452209176748,3.283395511771461e-05
2015-04-16,3.646512886285093,1.0171861350617666,,3.5705267092268014,3.171525284504943,0.3990014247218583,2.7680079533321513,,15.035173311727918,3.268699675862002e-05
2015-04-17,3.3671539362224068,0.9217353008573272,,3.5725760216376603,3.173585924165471,0.3989900974721894,2.65075505023713,,16.22830873928341,3.294505598773159e-05
2015-04-20,3.9355457438149197,1.1169402822599168,-0.3887064784933888,3.574623005449597,3.175641206585848,0.39898179886374896,2.8968165594107442,-0.48588309811673597,14.21175352824896,3.327581909047326e-05
2015-04-21,3.2704183230747477,0.8892227935104424,,3.5766676478689683,3.177691117532825,0.3989765303361432,2.614219609420878,,16.63471508111947,3.312833496012581e-05
2015-04-22,3.8003185659539556,1.071227478452769,,3.578709936116767,3.1797356428103516,0.39897429330641554,2.843769990876313,,14.359656519340387,3.291579620535041e-05
2015-04-23,4.333691128546919,1.2544210715174604,,3.5807498574286973,3.1817747682596726,0.3989750891690247,3.0748011076564983,,15.930263393968254,3.314443963727196e-05
2015-04-24,3.2139419207237334,0.8708284513104464,,3.582787399055259,3.183808479759429,0.39897891929582974,2.597344043897487,,16.864644358619422,3.332470442002044e-05
2015-04-27,3.433602359105496,0.9464603844903323,-0.5023597436731119,3.5848225482618217,3.1858367632257547,0.39898578503606696,2.6939122438386702,-0.6279496795913898,15.919245193870847,3.291253227664041e-05
2015-04-28,3.519286964433048,0.9761561305806108,,3.586855292328711,3.187859604612374,0.398995687716337,2.7330547678381376,,15.548048367742366,3.258811283051125e-05
2015-04-29,3.8574130382564222,1.0924016168346848,,3.5888856185512825,3.1898769899106965,0.39900862864058606,2.880379010954053,,14.09497978956644,3.1860586555934747e-05
2015-04-30,3.7506555931038528,1.056113985722455,,3.5909135142400035,3.191888905149919,0.3990246090900844,2.837031387302988,,14.548575178469314,3.203977809866907e-05
2015-05-01,4.3674404341951085,1.2678963658035305,,3.5929389667205336,3.193895336397118,0.3990436303234155,3.1037657936515313,,16.09870457254413,3.197235910879639e-05
2015-05-04,4.210855615418961,1.2145217994910038,-0.3236521336726642,3.5949619633338004,3.1958962697573488,0.3990656935764516,3.0390485191211036,-0.40456516709083024,15.431522493637546,3.1933716586122296e-05
2015-05-05,4.082743761556935,1.1720327535282318,,3.599344991436082,3.20104169137374,0.39830330006234194,2.97533263328403,,14.868909419102897,3.14541746901565e-05
2015-05-06,3.9929381645860325,1.1426756377212661,,3.6037255383990847,3.2061815874275896,0.3975439509714951,2.9280261345791727,,14.470445471515827,3.114195318342385e-05
2015-05-07,4.112172107884897,1.1849875732381794,,3.6081035916100213,3.2113159441384638,0.3967876474715575,2.970300410686188,,14.96784466547724,3.100099016081392e-05
2015-05-08,3.705426813430835,1.046962117362395,,3.61247913847169,3.2164447477642866,0.39603439070740354,2.7871473944672807,,15.796973532970062,3.079565787707588e-05
2015-05-11,4.339728047024092,1.2658652424267935,-0.295985671715471,3.616852166402556,3.22156798460144,0.39528418180111613,3.050149537634932,-0.3709664646443388,15.91581553033492,3.081393591719568e-05
2015-05-12,3.6830775664719466,1.042154689476896,,3.6212226628368254,3.226685640984856,0.39453702185196926,2.759879002830976,,16.4240663815388,3.094286440407012e-05
2015-05-13,4.397268495330943,1.288445239268268,,3.6255906152245267,3.2317977032881147,0.3937929119364121,3.0571042523734495,,16.135065490853346,3.1557424039277124e-05
2015-05-14,4.552634787870941,1.3431371002542598,,3.62995601103159,3.236904157923534,0.393051853108056,3.114825533241359,,16.787213753178246,3.152670149276228e-05
2015-05-15,4.24389077309657,1.2387037522505704,,3.634318837739922,3.242004991342267,0.39231384639765476,2.97363468165548,,15.45029690313213,3.180436405528998e-05
2015-05-18,4.141021740340872,1.204854432924563,-0.34322204471695805,3.6386790828474873,3.2471001900343945,0.39157889281309277,2.920668231190098,-0.4309963058961976,15.524319588442964,3.151748593706339e-05
2015-05-19,4.3754178386039815,1.2866371889971608,,3.643036733868386,3.2521897405290203,0.3908469933393657,3.0122362267754714,,15.986464862464508,3.099860817271619e-05
2015-05-20,3.2663959246427283,0.9078177955879194,,3.6473917783329313,3.2572736293943607,0.39011814893857055,2.52804587387926,,19.80427755515101,3.0800880387249935e-05
2015-05-21,4.406340650479865,1.3000709862182553,,3.6517442037877252,3.2623518432378433,0.3893923605498819,3.0076905760106625,,16.091387327728192,3.0303555808244347e-05
2015-05-22,4.293504243459899,1.2627975202592234,,3.6560939977957423,3.2674243687061915,0.3886696290895508,2.9504212690302207,,15.93403099675971,3.0238138931608945e-05
2015-05-25,4.3480911331287055,1.2829246264331613,-0.2977377490445593,3.660441147936399,3.2724911924855262,0.38794995545087296,2.964896975526978,-0.37512531130569904,15.965942169585487,2.9953380939006918e-05
2015-05-26,4.645735155874323,1.3863839015477395,,3.6647856418056395,3.2775523013014523,0.38723334050418723,3.0835321782361267,,17.07579876934674,2.936824173218979e-05
2015-05-27,4.404922443432561,1.3052277294122328,,3.66912746701601,3.2826076819191514,0.38651978509685847,2.9713923436844425,,16.25415338234709,2.974692804501349e-05
2015-05-28,4.064666953949477,1.189975177201861,,3.6734666111967313,3.2876573211434748,0.3858092900532566,2.816626292645801,,17.978310284976736,2.949262746413114e-05
2015-05-29,4.446901217107095,1.3224316795009547,,3.677803061993787,3.2927012058190335,0.38510185617475345,2.971490805195227,,16.606104006238066,2.896764138065008e-05
2015-06-01,4.552694391834573,1.360106658089699,-0.252845561273534,3.682136807069988,3.2977393228302905,0.38439748423969755,3.0078726454424145,-0.31999445159191753,16.621333226121237,2.91082718151249e-05
2015-06-02,4.601939696357639,1.3783920693897216,,3.6864678341050614,3.3027716591016505,0.3836961750034109,3.0200117458388025,,16.81840086737152,2.8820558169374207e-05
2015-06-03,4.651052507061261,1.3966303240742084,,3.690796130795719,3.3077982015975524,0.38299792919816644,3.0320861066903126,,17.0148790509276,2.900280616949386e-05
2015-06-04,4.990832853596248,1.5145242853902265,,3.6951216848557364,3.312818937322555,0.3823027475331813,3.1687242940603384,,18.45705356737783,2.8729027042227207e-05
2015-06-05,4.279619623604172,1.2720758536359025,,3.6994444840160345,3.3178338533214338,0.38161063069460077,2.854928670366312,,18.653051829551224,2.844610160464492e-05
2015-06-08,4.753909987740329,1.436084054739782,-0.20875646350681204,3.7037645160247474,3.322842936679265,0.38092157934548254,3.0491980051039924,-0.265867454383515,17.413550684247273,2.8420419349785473e-05
2015-06-09,5.176578426762527,1.582391563834189,,3.708081768647309,3.3278461745215173,0.38023559412579155,3.2213356293142534,,19.21089454792736,2.8485937457612988e-05
2015-06-10,4.1506823172751615,1.2320466203675366,,3.7123962296665196,3.3328435540141417,0.37955267565237794,2.7726518294735625,,20.003917245405795,2.8501272210696818e-05
2015-06-11,4.853371104697769,1.4743576016936064,,3.716707886882631,3.337835062363658,0.378872824518973,3.0647820644806663,,17.797470021170078,2.8350023680576862e-05
2015-06-12,4.618315843615611,1.3951545797632348,,3.721016728113415,3.342820686817246,0.3781960412961691,2.9550139115212897,,18.532067752959566,2.8327372104787377e-05
2015-06-15,4.726158376601343,1.4335147538632276,-0.2170318307578484,3.725322741194247,3.3478004146628337,0.3775223265314134,2.992193856991868,-0.27719603844731044,18.336065576709657,2.8361587595855275e-05
2015-06-16,4.571938227125409,1.3820230996142695,,3.7296259139781758,3.35277423322918,0.37685168074899567,2.9170531077470168,,19.26321125482163,2.8233057955309618e-05
2015-06-17,4.86199710622887,1.482853914115947,,3.733926234336003,3.357742129885972,0.3761841044500307,3.032309522530906,,18.286326073550665,2.803842812742971e-05
2015-06-18,5.598503497727959,1.7367506737312286,,3.7382236901563575,3.3627040920439044,0.37551959811245306,3.3388924342079402,,20.919883421640357,2.758752400856269e-05
2015-06-19,4.544242765716382,1.3766683566587343,,3.742518269345771,3.3676601071547694,0.37485816219100165,2.8779955529781875,,20.18064554176582,2.7530351256480003e-05
2015-06-22,4.610164445143742,1.400646799702541,-0.24550630019830622,3.7468099598287568,3.3726101627115455,0.3741997971172113,2.8971686623397215,-0.3137735002478827,20.16441500371824,2.7333285541821688e-05
2015-06-23,4.59659060563097,1.3973678515803796,,3.7510987495478783,3.37755424624848,0.37354450329939803,2.882264060723955,,20.48890185524526,2.7015436509310737e-05
2015-06-24,5.6896090807627075,1.773490194395372,,3.755384626463833,3.38249234534118,0.37289228112265294,3.3416050883353954,,21.25312742994215,2.722454667131352e-05
2015-06-25,4.955943985549625,1.5233192353374458,,3.75966757855552,3.3874244476066937,0.3722431309488261,3.018073491778501,,19.48150955828193,2.668478663352923e-05
2015-06-26,5.141544650813513,1.5883233127582792,,3.7639475938201215,3.392350540703602,0.3715970531165196,3.0885046816514508,,18.952458590521513,2.690172084149839e-05
2015-06-29,5.0423049799669775,1.5556660470672514,-0.14872263528849916,3.768224660273172,3.397270612332095,0.3709540479410771,3.0368531711661593,-0.19377829411062394,19.644174411659357,2.6696111383301057e-05
2015-06-30,4.885496947772168,1.503269254591629,,3.772498765948638,3.4021846502340685,0.3703141157145695,2.960521218473605,,20.582634317604636,2.6544862792201774e-05
2015-07-01,5.166513443593908,1.6009819224062678,,3.77676989889899,3.4070926421931995,0.36967725670579066,3.0718200452010342,,19.644725969921655,2.6250895027294078e-05
2015-07-02,6.141977925767648,1.9367892326883873,,3.781038047195278,3.411994576035036,0.36904347116024194,3.4807311168955204,,23.10536540860484,2.577717678611312e-05
2015-07-03,5.801599269347375,1.821448510516911,,3.785303198927208,3.416890439627079,0.36841275930012873,3.3257010777732177,,21.632106381461384,2.561296077163308e-05
2015-07-06,5.048633293583484,1.5646474618649275,-0.14929752542338182,3.7895653422032103,3.4217802208788677,0.3677851213243426,2.993839548210027,-0.19548128177922725,20.94940672668841,2.545409085585203e-05
2015-07-07,5.6066048583284465,1.7573088923674025,,3.7938244651505224,3.4266639077420615,0.3671605574084609,3.2238000232013144,,20.76736115459253,2.5437762780551108e-05
2015-07-08,5.12171866391666,1.592417267280035,,3.798080555915257,3.431541488210527,0.3665390677047302,3.0068130723105706,,21.169284158999567,2.5149445421602118e-05
2015-07-09,4.823826002420293,1.4916358833384535,,3.8023336026624768,3.436412950320417,0.36592065234205995,2.8699578044934837,,22.71255145826933,2.4373358037806778e-05
2015-07-10,5.835191878286958,1.8397413101197555,,3.806583593576272,3.4412782821502543,0.36530531142601763,3.294204919799949,,21.703266376496945,2.3882608860908776e-05
2015-07-13,5.917209283707492,1.8692111415972261,0.04718242773148404,3.8108305168598298,3.446137471821018,0.3646930450388117,3.3201513988175506,0.04913428466435511,22.040139269965326,2.4174376883028864e-05
2015-07-14,5.910114164406602,1.8681262701257482,,3.8150743607355113,3.4509905074962206,0.3640838532392907,3.3078983451534056,,21.99507837657185,2.3778325752057166e-05
2015-07-15,5.412367496960605,1.6988161700936513,,3.819315113444923,3.4558373773819935,0.3634777360629293,3.0853575899990577,,21.25679787382936,2.3847803796584892e-05
2015-07-16,5.551278662955351,1.747786911919762,,3.823552763248992,3.460678069727166,0.3628746935218259,3.135661709626868,,20.92816360100298,2.3424825313927932e-05
2015-07-17,5.904903336777333,1.870371866438975,,3.8277872984280377,3.465512572823351,0.36227472560468676,3.2779774058720696,,21.928648330487185,2.3206451726420143e-05
2015-07-20,5.812349626053815,1.839979524481773,0.02113218298784856,3.8320187072818466,3.4703408750050193,0.36167783227682726,3.2290652806072355,0.015587103734810731,21.51724405602216,2.313645997448664e-05
2015-07-21,5.570398924148893,1.7583635034443548,,3.8362469781297444,3.4751629646495883,0.36108401348015606,3.116117343955032,,21.64645620694557,2.2725496919447624e-05
2015-07-22,5.174348343530158,1.6239113815858204,,3.840472099310669,3.4799788301774948,0.36049326913317437,2.93711805715977,,23.61060773017725,2.2744740932523138e-05
2015-07-23,5.813736664469425,1.8444650232970414,,3.844694059183245,3.484788460052281,0.35990559913096387,3.201869739173583,,21.478812791213016,2.2539034969612206e-05
2015-07-24,6.18439601973164,1.9728811567083337,,3.8489128461258533,3.4895918427806722,0.359321003345181,3.3514432886660894,,23.05251445885417,2.245916930181049e-05
2015-07-27,5.420454486818552,1.7122894053159015,-0.07055706312273258,3.853128448536707,3.494388966912656,0.3587394816240512,3.0147507235575324,-0.10000882890341567,23.35638243355124,2.21111044813427e-05
2015-07-28,6.096049364941469,1.9452511258011176,,3.857340854833921,3.499179821041562,0.3581610337923591,3.2949937282929587,,22.644139072513966,2.204276020979711e-05
2015-07-29,6.021401828228907,1.9209850034160434,,3.86155005345559,3.5039643938041416,0.3575856596514484,3.2536956480741956,,22.30931254270054,2.2137369290301123e-05
2015-07-30,6.200798249572756,1.9838177915878803,,3.86575603285985,3.5087426738806444,0.3570133589792057,3.3212649133654946,,23.0632223948485,2.1911980657857993e-05
2015-07-31,6.276327382432834,2.011037059966281,,3.8699587815249634,3.5135146499949,0.3564441315300635,3.344310974952751,,23.37196324957851,2.2058727809834404e-05
2015-08-03,3.585499459094761,1.0166641709689577,-0.45555721935402826,3.7205957879493803,3.3135303109143934,0.40706547703498686,2.9093605246255905,-0.5694465241925353,15.041697862888029,2.1943127232205267e-05
2015-08-04,3.321212271978942,0.9282345895883887,,3.726605112703351,3.320707074852388,0.4058980378509629,2.7781631648276464,,16.64813627632924,2.2090665593187682e-05
2015-08-05,3.7765639203488357,1.0871265682734954,,3.733850449050471,3.3295298702966383,0.40432057875383265,2.9495019414442067,,15.311768402078728,2.217582246978787e-05
2015-08-06,4.3589834115469115,1.289863107407836,,3.741681207061976,3.3391312481617685,0.4025499589002073,3.17250034579082,,16.16536926933646,2.1948458624263065e-05
2015-08-07,3.9484269637836955,1.1523451923088903,,3.7499209733071233,3.3492759947097537,0.4006449785973696,2.967975409180858,,15.986862462609025,2.195558706271359e-05
2015-08-10,3.9900849623543873,1.1700224959570542,-0.3692878875723776,3.7584769781080802,3.3598404212230935,0.3986365568849868,2.9557339226444475,-0.46400529219703407,16.574141933986173,2.1907949025859016e-05
2015-08-11,3.6940901704220725,1.0720551073071898,,3.767289813230268,3.3707453209252494,0.39654449230501854,2.7975427696365536,,18.63819699626842,2.1664074108696787e-05
2015-08-12,5.0466423971788394,1.5394056278413841,,3.7763170735671276,3.3819341578936437,0.39438291567348394,3.344831291076285,,18.919850544779127,2.169670727414278e-05
2015-08-13,4.826498847787932,1.4676324932784648,,3.7855262807717387,3.393363631901808,0.3921626488699306,3.2172206781156047,,17.92403902521224,2.1663820748270355e-05
2015-08-14,4.91350607839746,1.5012420740128327,,3.794891286568487,3.4049988828349083,0.3898924037335787,3.220483280026123,,18.243389534510754,2.1577263696724003e-05
2015-08-17,5.091240481527351,1.5660215876909593,-0.12576628958909214,3.8043902396850866,3.416810779932431,0.3875794597526556,3.261969587949352,-0.16267496419382482,18.950533492943432,2.1486196274316313e-05
2015-08-18,5.064563249529013,1.5607716390924804,,3.8140043459119117,3.428774268533939,0.3852300773779729,3.215280522765449,,18.78072889938782,2.1371321015428614e-05
2015-08-19,4.888829446369562,1.5044632348639948,,3.8237170673583134,3.4408673024208025,0.3828497649375109,3.1042179741438733,,18.704320257624676,2.1169454408649082e-05
2015-08-20,5.029897011956127,1.5568120418016271,,3.833513581732501,3.4530701228560234,0.38044345887647735,3.1285055072376933,,19.01028349914621,2.1054697872492517e-05
2015-08-21,5.05148663059156,1.5682301615471985,,3.843380403915363,3.4653647540159844,0.37801564989937875,3.1012300993271658,,19.836725399870723,2.077142632724416e-05
2015-08-24,6.238087145905605,1.979107857281333,0.12743242915093725,3.85330511326556,3.477734639397203,0.37557047386835674,3.5729457525594532,0.1504946150831789,23.581500799137828,2.1209692247730845e-05
2015-08-25,5.626001264755741,1.7733148420498872,,3.8632761522963976,3.4901643733854932,0.3731117789109044,3.27355117808041,,20.899922029888703,2.0791571353627023e-05
2015-08-26,5.385163032782595,1.6948233410108386,,3.873282674994392,3.5026394990140215,0.37064317598037055,3.1330694328113067,,21.20049460175726,2.0479920136057223e-05
2015-08-27,5.826890098222791,1.8503659550941107,,3.8833144305596448,3.5151463529504543,0.36816807760919046,3.2849708690753965,,21.643308583190993,2.0214233982848955e-05
2015-08-28,5.426909148477944,1.7173300533396951,,3.8933616729862166,3.5276719449374405,0.3656897280487761,3.076041607258993,,22.902646611609008,2.033373001358179e-05
2015-08-31,6.424179904207695,2.0633545369664805,0.16069326102601067,3.903415089859679,3.540203862855989,0.36321122700369024,3.465879870644373,0.18863511173976688,24.084897385241575,1.9951852942733487e-05
2015-09-01,5.783133470095667,1.8476686755081302,,3.9134657456909623,3.552730197170581,0.36073554852038114,3.1535698327995103,,23.26157331376058,1.9768054585970378e-05
2015-09-02,6.306686746111026,2.031268454719868,,3.9235050364122808,3.5652394802570466,0.35826555615523414,3.3404022951504166,,23.463010176985414,1.9602684162835068e-05
2015-09-03,6.620974741652931,2.143110495324435,,3.9335246525596324,3.577720637312547,0.3558040152470854,3.4376172817740174,,24.75089824216729,1.94743398503664e-05
2015-09-04,6.498790017596108,2.1052912760106026,,3.943516549296866,3.5901629463876388,0.35335360290922724,3.347878228018388,,24.16834332336752,1.9455706436540263e-05
2015-09-07,6.512976304324296,2.1142106479354914,0.17167436436145941,3.953472921886462,3.602556005680631,0.350916916205831,3.3167265044535768,0.19892304531249408,24.170447476900808,1.940490811046919e-05
2015-09-08,6.598928351513976,2.1477146307691193,,3.9633861855387957,3.614889706669914,0.3484964788688818,3.3165100193983164,,24.480386933147997,1.9049435774138468e-05
2015-09-09,6.6899696778409385,2.1829392046889944,,3.973248958812067,3.627154211980505,0.34609474683156183,3.318688047447439,,24.98178300848513,1.8793618324666158e-05
2015-09-10,6.621694932929363,2.163513399382704,,3.9830540499143896,3.6393399371201562,0.34371411279423336,3.252835163781031,,26.192219913931297,1.8156347857199694e-05
2015-09-11,6.7791752514578505,2.221458267213404,,3.992794445394974,3.6514375354009014,0.34135690999407275,3.284015020935446,,26.428187932512238,1.7849617279531734e-05
2015-09-14,7.56634903308559,2.495263717609036,0.40333072082571964,4.002463300814663,3.663437885499752,0.3390254153149108,3.585376441547392,0.48513663739510393,28.396514288185646,1.7524369204104413e-05
2015-09-15,7.121450916121429,2.3466070186631227,,4.012053933065851,3.675332081218563,0.3367218518472881,3.3590515863157897,,26.759119094881147,1.71847814311256e-05
2015-09-16,6.994212441467477,2.306821593201806,,4.021559814073892,3.6871114230858986,0.33444839098799317,3.2692419826784826,,28.189865859351546,1.6570331617631235e-05
2015-09-17,7.197105239224946,2.3801803946029017,,4.030974565660906,3.6987674115087414,0.33220715415216473,3.3213227719795153,,28.195807457555087,1.6288648649061733e-05
2015-09-18,7.8701851284597515,2.614699596165889,,4.040291955391534,3.7102917412334744,0.33000021415805936,3.575347343338058,,29.477107165868052,1.5811859126212437e-05
2015-09-21,7.827355316376158,2.6037145435324383,0.4542845136515524,4.049505893251019,3.721676296916648,0.3278295963343707,3.5230172918913203,0.5456268647589297,29.239827425273724,1.5569945411956027e-05
2015-09-22,7.89135328709812,2.6293038295950852,,4.058610429030873,3.732913149639165,0.3256972793917079,3.516962526374004,,29.46113704942053,1.5128097350940546e-05
2015-09-23,7.707876025058941,2.569989370130114,,4.067599750317375,3.7439945542242627,0.3236051960931121,3.405366374387794,,29.39520093835758,1.4685239243895619e-05
2015-09-24,8.099800714304608,2.707897785702987,,4.076468180994596,3.754912947241519,0.3215552337530774,3.540917317767461,,30.250986598081756,1.4564682856098445e-05
2015-09-25,7.773259556774345,2.5994146245753034,,4.085210180187008,3.7656609455969794,0.31954923459002904,3.369126776854382,,30.731761283119784,1.4279122709904919e-05
2015-09-28,8.005213402423703,2.682352464136679,0.48682808568505975,4.093820341577818,3.7762313456242422,0.31758899595357537,3.437289240922376,0.5833240735454159,30.52448252600038,1.4088972378476054e-05
2015-09-29,8.53119797615063,2.866035331393366,,4.1022933930483205,3.7866171226035754,0.3156762704447451,3.632087795712337,,31.951294660151184,1.4033974338379644e-05
2015-09-30,8.591494781290628,2.8899858698396015,,4.110624196591215,3.79681143064631,0.3138127659449048,3.62795308248417,,32.16214200207173,1.367655514824222e-05
2015-10-01,8.033532699858634,2.7018916024674766,,4.118807748457202,3.8068076028902857,0.3120001455669166,3.3595211259976656,,32.67007260874194,1.3463244283207564e-05
2015-10-02,8.167373978549044,2.7509144128453293,,4.126839179499596,3.816599151959302,0.3102400275402939,3.388270184023016,,32.81906555130645,1.2905787650746615e-05
2015-10-05,8.59229770892284,2.899662024282782,0.6136686655692323,4.134713755686181,3.8261797706455773,0.3085339850406035,3.542485093567589,0.7391699293686471,32.02923088867184,1.2681235234923428e-05
2015-10-06,9.243613643526626,3.125952737096418,,4.142426878751455,3.835543332779382,0.3068835459720729,3.794463188979809,,34.77736708336503,1.2430674956366317e-05
2015-10-07,8.051943445541768,2.7202832859985513,,4.149974086965665,3.8446838942543904,0.3052901927112748,3.2573491195840414,,35.3748588040518,1.188113071915683e-05
2015-10-08,8.900379197697708,3.013997472136556,,4.157351055999843,3.853595694181038,0.30375536181880536,3.5953456351166135,,33.22347460323671,1.1657171146693616e-05
2015-10-09,8.39950724428359,2.8450086236600405,,4.164553599868507,3.8622731561434374,0.30228044372506924,3.3558666564074655,,35.165403231847904,1.1354350931482643e-05
2015-10-12,8.734797454216158,2.9626187721079673,0.639793921891662,4.171577671933749,3.8707108895381346,0.30086678239561415,3.475561240509303,0.7694496134375303,34.33888140359865,1.110040713991923e-05
2015-10-13,8.90243021031769,3.022659334947286,,4.178419365956267,3.878903690975459,0.2995156749808081,3.524239428265823,,34.21055007824631,1.0797058694922244e-05
2015-10-14,8.953391871075633,3.0426095601215017,,4.1850749171804456,3.8868465457262715,0.298228371454174,3.5237702942107383,,34.561468128494624,1.0486248620951664e-05
2015-10-15,8.98170246347867,3.0547031641218987,,4.191540703441971,3.894534629198767,0.29700607424320413,3.514465238249886,,34.98828067829885,1.0209311875995507e-05
2015-10-16,9.23633725299238,3.144301442226737,,4.197813246287701,3.901963308431597,0.29584993785610436,3.6030443674880526,,34.44517654038028,9.950216451116882e-06
2015-10-19,9.109034484829301,3.102855923185673,0.7199157622090588,4.2038892120985025,3.909128143590974,0.29476106850752837,3.5288398085963877,0.8675964747741151,35.47374926175929,9.681245311712901e-06
2015-10-20,8.844303402116523,3.0141968331236377,,4.209765413206775,3.916024889460672,0.2937405237461035,3.3966562817325494,,37.090603270342584,9.330979379603328e-06
2015-10-21,9.686094880697436,3.304820170856053,,4.215438809001159,3.9226494969149406,0.2927893120862186,3.739629938793357,,36.28216259231736,9.176364095666926e-06
2015-10-22,9.73076945184774,3.322048173336761,,4.220906507011675,3.9289981143653416,0.29190839264633306,3.741928939437674,,36.44634338351227,8.822227776669096e-06
2015-10-23,9.813606811365327,3.3522611478504847,,4.226165763969217,3.935067089173372,0.29109867479584484,3.7615432356767724,,36.77556377151165,8.59999237998799e-06
2015-10-26,9.027541683922587,3.08446405456615,0.6970018494901581,4.2312139868338825,3.9408529690215524,0.29036101781233015,3.4097427945819403,0.8373561838296064,38.004623685574515,8.154787652385086e-06
2015-10-27,9.7167599656604,3.322376613041577,,4.236048733787184,3.9463525032363416,0.2896962305508426,3.691190226123964,,36.31344157619101,7.945774086628424e-06
2015-10-28,9.891075676302222,3.383648257687154,,4.240667715183641,3.9515626440569083,0.2891050711267331,3.752959472427947,,37.039276233613606,7.856547094421487e-06
2015-10-29,9.332881305391712,3.193669685479168,,4.245068794457714,3.956480547844343,0.28858824661337046,3.5018002375784056,,37.72094243957856,7.530808689592555e-06
2015-10-30,9.733278165398131,3.3322461202905007,,4.24924998898241,3.9611035762264457,0.28814641275596387,3.6624795634537652,,36.325213177359636,7.308851718057525e-06
2015-11-02,9.722560498822565,3.3297632928541887,0.8527885191641014,4.253209470876299,3.965429297173716,0.2877801737025827,3.6479893003771613,1.0309275975443233,36.61155287087987,7.12619260616099e-06
2015-11-03,10.43809010108251,3.576173026110715,,4.256945567755967,3.9694554860025995,0.2874900817533672,3.945778084787839,,39.31437545867763,6.866723764282621e-06
2015-11-04,10.49387044429504,3.596275792264736,,4.260456763431281,3.9731801263024806,0.2872766371288007,3.9618545318543665,,39.54010673375113,6.7127295894333435e-06
2015-11-05,9.261588355692302,3.1746492885445345,,4.263741698541125,3.9766014107833034,0.2871402877578215,3.4269479517837733,,39.24025514743688,6.447701293572834e-06
2015-11-06,10.737643724484837,3.6814871941142506,,4.266799171127518,3.9797177420410375,0.2870814290864807,4.053806792900236,,40.5630500428609,6.194077318717713e-06
2015-11-09,9.56192171882129,3.279035358988956,0.8142670679168709,4.2696281371463165,3.982527733238582,0.2871004039077345,3.5452438750655837,0.9820703591847239,38.26146303700353,5.908067732638761e-06
2015-11-10,10.239780688111246,3.511987656471846,,4.272227710912909,3.9850302087000067,0.2871975022129023,3.8321312028491206,,38.41407855301669,5.819672582035487e-06
2015-11-11,10.247316351261018,3.515005133587144,,4.274597165481578,3.9872242044163304,0.28737296106524735,3.8327989015458903,,38.44120073013056,5.726867649225118e-06
2015-11-12,9.567042307057276,3.2820921862172736,,4.276735932957392,3.9891089684613603,0.2876269644960314,3.5397554344350897,,38.50928547464561,5.524873020299734e-06
2015-11-13,10.092858601286913,3.462585782231338,,4.278643604739737,3.990683961316361,0.2879596434233762,3.7646741303922258,,37.77383816046511,5.411948332556569e-06
2015-11-16,9.88404482000341,3.3910959506880722,0.8873973004587149,4.280319931696775,3.991948856102648,0.2883710755941271,3.6758187944627387,1.0732466255733937,37.201300616399095,5.246813073075872e-06
2015-11-17,10.113948530979041,3.469913247526533,,4.281764824270343,3.99290353872142,0.28886128554892343,3.776053039416279,,37.86543147665505,5.126730185642838e-06
2015-11-18,9.995705508283367,3.4292556897239654,,4.282978352510992,3.9935481079004527,0.28943024461053923,3.7281489532575467,,37.36175858795384,4.958832727123605e-06
2015-11-19,10.32551536225881,3.5421061141279258,,4.2839607460430695,3.993882875147512,0.2900778708955576,3.873333797953049,,38.77996298689033,4.848806767768104e-06
2015-11-20,9.921807540548164,3.403354806330083,,4.2847123939599445,3.9939083646106246,0.2908040293493199,3.705218296082534,,37.05616792624464,4.6719110971496555e-06
2015-11-23,9.822085659882553,3.368717557196198,0.8740552000550321,4.285233844649667,3.9936253128455985,0.29160853180406887,3.668444202431652,1.0568055243574255,37.14043555941301,4.5713185505969206e-06
2015-11-24,10.246700835458471,3.513743661393754,,4.285525805551564,3.9930346684914513,0.29249113706011265,3.8574443034500283,,38.46625588385469,4.524328222361695e-06
2015-11-25,10.045279005931967,3.4440195715271913,,4.285589142844461,3.9921375918546866,0.29345155098977393,3.7791969865834774,,37.61431450472949,4.456127337225034e-06
2015-11-26,10.074177116873251,3.453153875141734,,4.285424881067452,3.9909354544036133,0.2944894266638385,3.800707463551747,,37.75108276971361,4.324002354821287e-06
2015-11-27,9.558195938809229,3.2753645464114918,,4.285034202674318,3.989429838174216,0.29560436450010164,3.589741837335427,,37.548029479213135,4.134851546508822e-06
2015-11-30,9.394594098219844,3.218283756523616,0.7784688282770531,4.284418447522953,3.987622535089359,0.2967959124335944,3.530833117879588,0.9380279839355129,38.005047075012044,4.024147018537406e-06
2015-12-01,9.528265410618742,3.2630186733183213,,4.283579112301365,3.9855155461934197,0.2980635661079454,3.600357224705515,,37.1630365199655,3.90447880405508e-06
2015-12-02,9.473133607623426,3.242915367410248,,4.282517849892062,3.9831110808047816,0.29940676908728037,3.5899878729526935,,37.10537141544007,3.7804658770027506e-06
2015-12-03,9.92599036512144,3.396874707228673,,4.281236468676908,3.980411555588945,0.30082491308796255,3.7983414458868827,,37.2046068528826,3.6650163984447673e-06
2015-12-04,9.949789109417313,3.4036245207667646,,4.2797369317847895,3.977419593555385,0.30231733822940443,3.823817201099493,,37.32904042275586,3.5924512641667966e-06
2015-12-07,9.508277829414396,3.2507365593739515,0.8078501860286926,4.278021356284734,3.974138022981673,0.30388333330306105,3.650868479551813,0.9759166045027746,35.92621737547699,3.4478784225111297e-06
2015-12-08,10.01481078866367,3.422790512906687,,4.276092012327407,3.9705698762687884,0.30552213605861844,3.8852077290924414,,37.65718083471417,3.397653019527732e-06
2015-12-09,9.94144053312986,3.3959198405307114,,4.273951322238314,3.966718388732019,0.30723293350629444,3.8719887977967886,,37.36973922343665,3.369903011401283e-06
2015-12-10,9.49326098259731,3.240443687321385,,4.271601859566323,3.9625869973322936,0.30901486223402985,3.6990968347923747,,35.477456548134015,3.325865602340914e-06
2015-12-11,9.063151080881696,3.0910647067209713,,4.2690463480915835,3.958179339353372,0.3108670087382115,3.5348955736219163,,36.129754850375924,3.2336230942417067e-06
2015-12-14,9.84212442226849,3.3561317891136078,0.8887663394943484,4.266287660797303,3.953499251030867,0.3127884097664362,3.8898057484461983,1.0786596963807271,37.03393088596673,3.1346671158478762e-06
2015-12-15,9.20654640183024,3.136114512858164,,4.263328818810393,3.9485507661397214,0.3147780526706718,3.63939816348546,,34.52589197635834,3.0508599096298758e-06
2015-12-16,9.20649567241331,3.133898500452721,,4.26017299031644,3.943338114547486,0.3168348757689543,3.6622628940121325,,34.3768345634565,3.026290943591573e-06
2015-12-17,8.975234053707966,3.0523179582611406,,4.256823489455122,3.9378657207415055,0.31895776871361603,3.5869249669005203,,34.44011315174914,2.914293787880993e-06
2015-12-18,8.711798869685317,2.9596159059593314,,4.253283775202807,3.9321382023390257,0.32114557286378176,3.498669653394446,,34.99859294059575,2.8185562402687962e-06
2015-12-21,8.43575423436742,2.862501759693198,0.5730492469484825,4.249557450249839,3.926160368590195,0.3233970816596443,3.4058644540429017,0.6860187697585559,35.590344058783266,2.753946997805046e-06
2015-12-22,9.095310566457304,3.0860780222756934,,4.245648259880786,3.91993721888505,0.3257110409957362,3.7148674674186433,,34.050640719824116,2.7067693459084968e-06
2015-12-23,8.52117616093378,2.886589392920502,,4.241560090866952,3.9134739412768207,0.32808614959013127,3.4959637831923276,,33.98107677472589,2.683917177507254e-06
2015-12-24,9.78535077464466,3.3172948532144493,,4.237296970381408,3.9067759110352798,0.3305210593461281,4.065705595384803,,37.090807900843544,2.6448203596467227e-06
2015-12-25,8.251184996822854,2.7884880222225794,,4.232863064948095,3.899848689245511,0.3330143757025841,3.436937651853639,,33.817278895279486,2.5400790537512244e-06
2015-12-28,8.105731495153703,2.7357318689474086,0.5043818953456499,4.228262679437848,3.892698021469248,0.33556465796860024,3.4040906502220425,0.6025614665891692,33.75225137192378,2.487598599662742e-06
2015-12-29,8.636640285906434,2.9147942330679717,,4.223500256125823,3.8853298364880744,0.33817041963774885,3.661850643830091,,32.30098394536375,2.4083473352966476e-06
2015-12-30,8.903464583312475,3.00323840145765,,4.218580373826574,3.8777502451501658,0.3408301286764086,3.80714726699526,,33.491178058266684,2.366601593744602e-06
2015-12-31,8.298828047770314,2.792823307202501,,4.2135077471251465,3.8699655393450443,0.34354220778010225,3.5796539878865277,,30.947609969107976,2.311179423872995e-06
2016-01-01,8.38249581845669,2.818327883328831,,4.208287225724958,3.8619821911340555,0.34630503459090267,3.647818554162147,,31.354951559344492,2.2866401587953606e-06
2016-01-04,7.441001916120597,2.492280457803128,0.36011341479602543,4.202923793936051,3.853806852068012,0.3491169418680391,3.277274739449206,0.42493073493412303,32.900382605169796,2.2274924590810303e-06
2016-01-05,7.751262886845215,2.5953405740863706,,4.197422570330616,3.8454463527278495,0.35197621760276654,3.4438196208740846,,30.782686914231476,2.18088432479278e-06
2016-01-06,7.512965249985568,2.5102604017857266,,4.191788807596504,3.8369077025292886,0.3548811050672156,3.3758653431586536,,31.001366486528696,2.1160503736465795e-06
2016-01-07,7.124070384488437,2.373486412005544,,4.186027892624042,3.8281980898385437,0.3578298027854987,3.243941212346362,,31.85148791491472,2.0766203781394413e-06
2016-01-08,7.72523038364102,2.5761019562900818,,4.180145346866796,3.8193248824533166,0.3608204644134796,3.5368719175569,,28.796113633107986,2.1110772617455914e-06
2016-01-11,6.794673955937257,2.2535024329594497,0.22080977326955978,4.174146827023358,3.810295628511813,0.3638511985115449,3.173871485270248,0.25378343928143887,31.590658907942665,2.0620341436316937e-06
2016-01-12,7.010778998648679,2.3239915985517285,,4.1680381260948565,3.8011180579027233,0.3669200681921332,3.302788662989606,,29.809845093953395,2.0131153863560096e-06
2016-01-13,7.178005504850153,2.3776728509446734,,4.161825174882063,3.791800084261326,0.37002509062073674,3.4112210151593136,,28.22715175328296,1.948628564557222e-06
2016-01-14,6.966226940211623,2.3013628452136103,,4.155514043997,3.782349807651604,0.3731642363453962,3.3576569322589425,,28.258100209204006,1.8964079254032379e-06
2016-01-15,7.285839651255016,2.4072004348501905,,4.1491109464774105,3.7727755180521703,0.37633542842524026,3.5322367933832304,,27.190926899164023,1.8629010449311115e-06
2016-01-18,7.142825680847855,2.3543824957992223,0.3094099062858434,4.142622241108786,3.763085699785604,0.3795365413231817,3.508922728570976,0.3677356192202587,26.635499015562967,1.8250590181259035e-06
2016-01-19,7.236426684464834,2.382652128298024,,4.13605443657874,3.7532890370575824,0.3827653995211575,3.5873588489479014,,27.09466090676088,1.801233375120657e-06
2016-01-20,7.073699032938198,2.3230032659795263,,4.12941419661332,3.743394420805263,0.386019775808057,3.556251980712165,,26.45574777960907,1.8066208943714197e-06
2016-01-21,7.095556706278718,2.3266096710388138,,4.12270834627572,3.7334109570955363,0.3892973891801841,3.6045328754997437,,26.60834054719655,1.806684655949228e-06
2016-01-22,6.5807473948693955,2.1461881725853122,,4.115943879646489,3.7233479773652585,0.3925959022812302,3.4230602173639006,,24.467061405877562,1.7781837135283557e-06
2016-01-25,6.572119683427149,2.139290277015136,0.18839411708122236,4.109127969153102,3.7132150508606654,0.39591291829243636,3.458735085983166,0.21982273621219778,24.483942840396363,1.7364036020621008e-06
2016-01-26,6.528868738827945,2.120500694936307,,4.102267976878913,3.703021999715927,0.39924597716298615,3.479749055003806,,24.35846105993883,1.736979888584979e-06
2016-01-27,6.2829039977127055,2.032191983442183,,4.095371468261183,3.692778917217148,0.4025925510440347,3.414027421825802,,23.36441684363913,1.715134754406109e-06
2016-01-28,5.9774543003172855,1.923474885615124,,4.088446228691263,3.682496189935928,0.40595003875533475,3.322917043448367,,23.307173492927337,1.6667430986715331e-06
2016-01-29,5.883042331861957,1.8871038628842152,,4.081500283665461,3.672184524597137,0.40931575906832407,3.3223181444461716,,22.76863347155953,1.657059349280318e-06
2016-02-01,5.5960710032231695,1.7847067229361784,-0.025071948327524393,4.074541923314378,3.6618549807846614,0.4126869425297164,3.2392212210351667,-0.043571399952151924,23.054474904852686,1.6512249887298686e-06
2016-02-02,5.912617602422663,1.8892283430716332,,4.067579732378966,3.6515190109094506,0.4160607214695151,3.4147615353959253,,22.01876847968928,1.6008270446748128e-06
2016-02-03,5.6151241425302985,1.783224521303939,,4.060622627028139,3.641188509299634,0.41943411772850503,3.327086233186861,,21.08608618306931,1.5736202667442e-06
2016-02-04,5.299170620447979,1.6708985438965993,,4.05367990036298,3.630875872872757,0.4228040274902236,3.2313998102772423,,21.49955456568526,1.5560325576344442e-06
2016-02-05,5.183159872490873,1.6271360199750036,,4.046761279083008,3.6205940766907663,0.42616720239224204,3.2212573537920774,,21.05942121192643,1.5514875497921009e-06
2016-02-08,4.87552733601097,1.5176911194175986,-0.1801787294248857,4.039876994688749,3.6103567688967413,0.42952022579200744,3.128796959729323,-0.23401933313659978,21.444987759189516,1.5292490797311203e-06
2016-02-09,5.526693387870816,1.736998846246719,,4.0330378739014785,3.600178391274518,0.4328594826269603,3.4470045924600985,,20.66364086483835,1.5095638112261229e-06
2016-02-10,5.09742139633869,1.5858978546401066,,4.026255454922972,3.5900743342616455,0.43618112066132664,3.3018669846914137,,18.882563847260602,1.5098828304029428e-06
2016-02-11,4.654781561853573,1.430246695136747,,4.019542139117061,3.580061139191432,0.4394809999256295,3.1506411362554414,,19.6320270042153,1.4930148947373557e-06
2016-02-12,5.12785057789239,1.5885923656595151,,4.0129113923328745,3.5701567667238945,0.44275462560898005,3.3914389291641975,,19.128487981475757,1.4939280958464455e-06
2016-02-15,4.538249838938862,1.3826406841020984,-0.24802022531499937,4.0063780175998716,3.560380960439106,0.44599705716076565,3.1763136389699502,-0.3154923838512089,18.33961862746579,1.4712643275093536e-06
2016-02-16,4.133364643568973,1.2400744810183937,,3.9999585335541403,3.550755751405547,0.44920278214859355,3.0397806573537123,,19.198296503116964,1.445565132990336e-06
2016-02-17,4.876251576675136,1.4910935310137243,,3.993671715158634,3.5413061791403972,0.4523655360182368,3.3944895225232674,,18.217301996902982,1.4515447609306454e-06
2016-02-18,4.226284109246105,1.2646362825473387,,3.9875393944469772,3.532061359267899,0.45547803517907814,3.1514968108329824,,17.09652469730189,1.449973041818369e-06
2016-02-19,4.169228291670757,1.2415492575130922,,3.9815877004642544,3.5230561367737105,0.4585315636905438,3.1617212732423923,,16.519520118694654,1.458156461040373e-06
2016-02-22,4.227921480931282,1.258249297261873,-0.3104700200358318,3.975849092335106,3.514333796762327,0.46151529557277904,3.220510799814704,-0.3904829577763518,15.594846978723481,1.448449164376213e-06
2016-02-23,4.518271359392895,1.3544963674668211,,3.9703659559521816,3.505950860041653,0.46441509591052865,3.3773392434601703,,16.887740441505244,1.4367101688053938e-06
2016-02-24,4.034767449262948,1.1855723042085526,,3.965197680344643,3.4979865182809693,0.46721116206367386,3.2009921119109164,,14.86173422934542,1.453083753887955e-06
2016-02-25,3.523299349250283,1.0072548562180137,,3.960437015993516,3.490564445098025,0.46987257089549095,3.0106968761762407,,16.31016480277226,1.4323557224598905e-06
2016-02-26,4.056928944930728,1.1875349581016441,,3.956260357141469,3.483919839138718,0.47234051800275134,3.265501389755545,,15.038512682250094,1.4485430753233718e-06
2016-02-29,3.637969468502683,1.0418012330885933,-0.4387991779409379,3.9533182745380406,3.478920134404018,0.4743981401340225,3.1061716757647595,-0.5484989724261724,14.727484586392587,1.4662275622209423e-06
2016-03-01,4.468792880941647,1.326550876583536,,3.9545470557493823,3.4794803873295925,0.47506666841978973,3.4626689830590127,,16.831885957294197,1.4779908381099575e-06
2016-03-02,3.8079370056402118,1.0998656333602532,,3.9557711210440822,3.48003316463353,0.47573795641055217,3.179865206333847,,14.001679582996836,1.4692372021536413e-06
2016-03-03,3.0263816954519975,0.8317957402521601,,3.956990462771735,3.4805784624877356,0.4764120002839993,2.8453231378029358,,17.352553246848,1.458844437953467e-06
2016-03-04,3.9340428606291074,1.142883796658681,,3.9582050733114604,3.48111627711591,0.47708879619555056,3.234721022939261,,14.536047458233512,1.4564531627801617e-06
2016-03-07,4.4899011328563,1.3333517350712274,-0.24443217661918173,3.9594149450719454,3.481646604793577,0.47776834027836834,3.4733362736326114,-0.30554022077397713,16.91689668839034,1.439936164549941e-06
2016-03-08,4.361196571445119,1.2891104346254467,,3.960620070491496,3.48216944184811,0.47845062864338583,3.4185574851299187,,16.363880432818085,1.4278838690887527e-06
2016-03-09,4.450796811186866,1.319714514650788,,3.961820442038082,3.4826847846587556,0.4791356573793264,3.4573279279722406,,16.74643143313485,1.436552498755692e-06
2016-03-10,3.4533908546801926,0.9776287777542245,,3.9630160522093845,3.48319262965666,0.4798234225527245,3.0302286018494407,,15.529640278072195,1.4453337837357313e-06
2016-03-11,4.1299101322806475,1.2094582875172135,,3.964206893532845,3.483692973324893,0.4805139202079518,3.32051583272141,,15.368228593965169,1.4321031723243106e-06
2016-03-14,3.5583143384137816,1.0133606552315948,-0.45775956317893696,3.965392958565708,3.484185812198473,0.48120714636723516,3.0758866312379665,-0.5721994539736712,15.082991809605067,1.4412044838418232e-06
2016-03-15,3.8898751049973503,1.1269147279300311,,3.9665742398950723,3.48467114286439,0.4819030970306821,3.218314552776929,,14.336434099125388,1.447471065285292e-06
2016-03-16,3.3662076019232887,0.9472457085512322,,3.967750730137932,3.485148961961631,0.48260176817630107,2.9942060976506712,,15.9094286431096,1.467641832504807e-06
2016-03-17,3.5865543145239744,1.0226653082140742,,3.968922421941228,3.4856192661812,0.4833031557600278,3.0889509014487926,,14.966683647324075,1.4755475556771185e-06
2016-03-18,3.575806106360378,1.0188503963163662,,3.9700893079818895,3.4860820522661458,0.48400725571574377,3.0846450476616036,,15.014370046045423,1.4900450800646218e-06
2016-03-21,4.127371149045412,1.207826633617114,-0.3281155775885907,3.971251380966883,3.4865373170115794,0.4847140639553036,3.321320609032972,-0.4101444719857384,15.347832920213925,1.4968307998466196e-06
2016-03-22,4.093518570805209,1.1960862946003588,,3.9724086336332562,3.4869850572647003,0.48542357636855593,3.307092925515149,,15.201078682504484,1.51046784638564e-06
2016-03-23,3.910549581609067,1.1332183675196985,,3.9735610587481833,3.487425269924816,0.4861357888233675,3.228948229324439,,14.415229593996232,1.493444774078082e-06
2016-03-24,3.3414166931884663,0.9379494298333538,,3.9747086491090116,3.487857951943364,0.48685069716564744,2.9852947392350564,,16.025632127083078,1.492182301574208e-06
2016-03-25,3.7053976098926062,1.0626032679260338,,3.9758513975433045,3.488283100323933,0.48756829721937134,3.1415371852314755,,14.46745915092458,1.4920318301655275e-06
2016-03-28,3.5537435680908045,1.0104660220468729,-0.4596893186354181,3.9769892969088887,3.4887007121222844,0.4882885847866043,3.076783239680876,-0.5746116482942726,15.119174724414089,1.4891345107520356e-06
2016-03-29,4.11968947427982,1.204361090803339,,3.978122340093896,3.489110784446371,0.48901155564752496,3.319562147950545,,15.304513635041737,1.4954692924774976e-06
2016-03-30,4.22809197101636,1.2413821823380622,,3.9792505200168113,3.4895133144563584,0.48973720556045297,3.3662410423789364,,15.767277279225777,1.5044080258027854e-06
2016-03-31,4.1858922252355475,1.226766270323706,,3.9803738296265125,3.4899082993646444,0.4904655302618681,3.3483661372692772,,15.584578379046324,1.5101059231977108e-06
2016-04-01,3.5522661490630654,1.0093736696699576,,3.981492261902319,3.4902957364358773,0.4911965254664419,3.0770128235233245,,15.13282912912553,1.5080799738681898e-06
2016-04-04,2.8581977004869827,0.7712560253252626,-0.6191626497831584,3.9826058098540327,3.490675622986978,0.4919301868670547,2.7797456546435564,-0.7739533122289479,18.10929968343422,1.4985016824500088e-06
2016-04-05,3.199044641538251,0.8879645722243936,,3.9837144665219824,3.491047956387153,0.4926665101348293,2.926003671667645,,16.65044284719508,1.5137505893215886e-06
2016-04-06,4.315503419361601,1.270595237369865,,3.9848182249770674,3.491412734057919,0.49340549091914854,3.4046567807702504,,16.132440467123313,1.5189024482943143e-06
2016-04-07,3.6779530712772264,1.0518494072816211,,3.9859170783208007,3.4917699534731153,0.4941471248476854,3.1315817125751417,,14.601882408979735,1.5054178123039106e-06
2016-04-08,3.5561026517300713,1.0099130458081866,,3.987011019685353,3.492119612158925,0.49489140752642813,3.0795109194191586,,15.126086927397669,1.503171618092326e-06
2016-04-11,4.394256977123174,1.2971192352123482,-0.26858717652510133,3.988100042233594,3.4924617076938906,0.4956383345397035,3.438860751709326,-0.33573397065637656,16.46399044015435,1.4801413512949314e-06
2016-04-12,4.262607092906142,1.2518191934585994,,3.989184139159137,3.4927962377089314,0.4963879014502055,3.3825702295321807,,15.89773991823249,1.480982807305027e-06
2016-04-13,3.8288390264588625,1.1029338466303744,,3.9902633036863793,3.493123199887358,0.4971401037990213,3.1967905081753263,,14.03667308287968,1.4787106222731028e-06
2016-04-14,3.718077370839896,1.0647916290723232,,3.9913375290705453,3.4934425919648904,0.4978949371056549,3.1494321283052944,,14.440104636595962,1.4714529357791679e-06
2016-04-15,3.7750251170802587,1.084147854462425,,3.992406808597731,3.4937544117296744,0.4986523968680565,3.1739392298077056,,14.198151819219689,1.4929614624212796e-06
2016-04-18,3.9012652125008347,1.127259535806496,-0.38182697612900274,3.9934711355849424,3.494058657022294,0.4994124785626486,3.2281330767804137,-0.4772837201612534,14.340744197581198,1.4778765869000575e-06
2016-04-19,4.382278068312967,1.292005673758353,,3.9945305033801395,3.494355325735788,0.5001751776443513,3.4343624179337295,,16.400070921979413,1.48767404336668e-06
2016-04-20,3.9706339929604666,1.1506960909084674,,3.9955849053622763,3.4946444158156664,0.5009404895466099,3.2580145294512506,,14.63370113635584,1.5176213821435231e-06
2016-04-21,4.077395010980199,1.1871234839646971,,3.9966343349413447,3.4949259252599214,0.5017084096814233,3.303830280215793,,15.089043549558712,1.5327900550489526e-06
2016-04-22,4.233049415232581,1.2403124130884207,,3.9976787855584126,3.4951998521190415,0.5024789334393711,3.3705903684795673,,15.753905163605257,1.5327381724568796e-06
2016-04-25,3.414943869350747,0.9596388798770699,-0.4935740800819535,3.998718250685668,3.495466194496028,0.5032520561896399,3.0200147943423654,-0.6169676001024419,15.754514001536629,1.517553006250532e-06
2016-04-26,4.089063281961202,1.1905834270968851,,3.9997527238264565,3.495724950546406,0.5040277732800504,3.308954234417513,,15.132292838711065,1.4994383636132899e-06
2016-04-27,3.7222992547272016,1.0646517494406067,,4.000782198515324,3.4959761184782367,0.5048060800370875,3.151790805278995,,14.441853131992417,1.4942682893721857e-06
2016-04-28,2.945307241039932,0.7980685765072681,,4.001806668318058,3.4962196965521315,0.5055869717659265,2.818805417186217,,17.77414279365915,1.485429033352424e-06
2016-04-29,3.081628993983855,0.8446196549617027,,4.0028261268317245,3.4964556830812623,0.5063704437504621,2.8772302517833905,,17.19225431297872,1.4762095973119812e-06
2016-05-02,3.4707004690795342,0.9778258866177578,-0.4814494089214949,4.003840567684712,3.4966840764313742,0.5071564912533377,3.0439664347035715,-0.6018117611518685,15.527176417278028,1.4722486098342498e-06
2016-05-03,4.013528579679466,1.1637467874311098,,4.004849984536768,3.496904875020797,0.5079451095159708,3.2765883593096845,,14.796834842888872,1.4712622043166325e-06
2016-05-04,3.867994622964452,1.1136559478408357,,4.005854371079041,3.4971180773204544,0.5087362937585862,3.214188012121499,,14.170699348010444,1.4780705906157058e-06
2016-05-05,3.893262948544414,1.1221240048610797,,4.006853721034117,3.497323681853879,0.5095300391802384,3.2249786879302285,,14.276550060763496,1.4620614856831004e-06
2016-05-06,4.512140137995787,1.3341132179224031,,4.007848028156064,3.497521687197216,0.5103263409588483,3.4901632096002198,,16.926415224030038,1.4534749725909317e-06
2016-05-09,3.3857093554513433,0.9477092462168226,-0.501527169188785,4.008837286230465,3.4977120919792384,0.5111251942512265,3.007348649750267,-0.6269089614859813,15.903634422289718,1.4517506505778592e-06
2016-05-10,3.8208753232673973,1.0967079974979532,,4.009821489074459,3.4978948948813544,0.5119265941931044,3.193779891753796,,14.041150031275585,1.449561079278665e-06
2016-05-11,3.9376211731058293,1.136532262737658,,4.0108006305367825,3.4980700946376166,0.5127305358991658,3.243735423059689,,14.456653284220723,1.474086712460975e-06
2016-05-12,3.5739703497781576,1.0116472260154,,4.011774704497805,3.498237690034731,0.5135370144630738,3.087796722553981,,15.104409674807503,1.477540438348044e-06
2016-05-13,3.842182950513159,1.103399209409953,,4.012743704869567,3.4983976799120655,0.5143460249575011,3.2026466916745067,,14.04249011762441,1.4566022988874165e-06
2016-05-16,3.2728944117792187,0.9080060799098787,-0.5279959467267477,4.013707625595818,3.498550063161657,0.5151575624341609,2.9585576630490054,-0.6599949334084345,16.399924001126518,1.4624603129489706e-06
2016-05-17,4.326957374541277,1.2691887460730034,,4.014666460652059,3.4986948387282215,0.5159716219238373,3.410180771319476,,16.11485932591254,1.4700275422141457e-06
2016-05-18,3.595544046631585,1.018206253696348,,4.015620204045573,3.4988320056091577,0.5167881984364149,3.0965898227295927,,15.02242182879565,1.468740138332555e-06
2016-05-19,4.545723551791947,1.3437680197734205,,4.0165688498154655,3.4989615628545576,0.5176072869609079,3.503671587571333,,17.047100247167755,1.4531511633119547e-06
2016-05-20,3.8239972381946123,1.0961030811299055,,4.017512392032706,3.4990835095672104,0.5184288824654955,3.1942123609795923,,14.048711485876183,1.4766956263925657e-06
2016-05-23,4.195817150929778,1.223366427847902,-0.31775571476806536,4.018450824800157,3.4991978449026107,0.519252979897546,3.353405879712488,-0.3971946434600817,15.542080348098775,1.4629105102794116e-06
2016-05-24,3.817982934999872,1.0936036557210616,,4.019384142252617,3.499304568068963,0.5200795741836544,3.19130913772029,,14.079954303486732,1.472004240952901e-06
2016-05-25,3.8265245091192988,1.0963107401287364,,4.020312338556855,3.4994036783271874,0.5209086602296678,3.194792103488108,,14.046115748390795,1.4750256155952549e-06
2016-05-26,3.6335258606485974,1.0299164800133591,,4.021235407911648,3.499495174990925,0.5217402329207235,3.111890775007624,,14.876043999833012,1.4833939192105173e-06
2016-05-27,3.8802861353881593,1.1142948715239533,,4.022153344547815,3.499579057426543,0.5225742871212717,3.2174476468314848,,14.178685894049416,1.50673396679472e-06
2016-05-30,3.9505542822428943,1.1381598433296858,-0.3745601044468762,4.023066142728254,3.4996553250531384,0.5234108176751158,3.247355129215246,-0.4682001305585953,14.476998041621071,1.5147480511410608e-06
2016-05-31,3.565431576627458,1.0058889789301786,,4.023973796747981,3.4997239773425424,0.5242498194054388,3.0820852010052655,,15.17638776337277,1.5075278808547974e-06
2016-06-01,3.796829151336861,1.084994670096814,,4.02487630093416,3.499785013819324,0.5250912871148361,3.1810283514403417,,14.187566623789825,1.5229893402161416e-06
2016-06-02,3.627738052547823,1.0267881360731463,,4.025773649646143,3.499838434060793,0.5259352155853501,3.1083236041522264,,14.91514829908567,1.5147420790804494e-06
2016-06-03,4.6468383454239754,1.3759596883537808,,4.026665837275504,3.4998842376970036,0.5267815995785008,3.5448338481392296,,17.44949610442226,1.5173527455878856e-06
2016-06-06,3.811238713484199,1.0892323076106059,-0.40717846159292953,4.027552858246073,3.499922424410756,0.5276304338353173,3.1864628089240137,-0.5089730769911619,14.134596154867427,1.500171521544152e-06
2016-06-07,4.3841695842592445,1.2854278582035872,,4.0284347070139725,3.4999529939375993,0.5284817130763733,3.4317378166920833,,16.31784822754484,1.486656915439642e-06
2016-06-08,3.775569639648628,1.0765253203030776,,4.02931137806765,3.4999759460658337,0.5293354320018162,3.1706325964446807,,14.293433496211533,1.4877165062330094e-06
2016-06-09,3.93549251994603,1.131114516984189,,4.030182865927913,3.4999912806365105,0.5301915852914028,3.238884426866747,,14.388931462302361,1.493026366724993e-06
2016-06-10,3.382974065602128,0.9414363114025678,,4.031049165147968,3.499998997543435,0.5310501676045325,3.001794386796645,,15.982046107467903,1.4706929187492596e-06
2016-06-13,3.689690973587347,1.0463512889758564,-0.4357658073494292,4.031910270313444,3.4999990967331667,0.5319111735802777,3.132938207952987,-0.5447072591867864,14.670608887801796,1.4776592521162094e-06
2016-06-14,3.9205736397991484,1.1252641604947098,,4.03276617604244,3.4999915782050177,0.5327745978374221,3.231571778823405,,14.31580200618387,1.4671685524170093e-06
2016-06-15,4.402713193706649,1.290320459715184,,4.033616876985546,3.4999764420110555,0.5336404349744903,3.437877016655036,,16.379005746439802,1.4845349833523383e-06
2016-06-16,3.9260363857411624,1.1266379333211527,,4.034462367825885,3.4999536882561015,0.5345086795697833,3.2332511049075423,,14.332974166514406,1.4802098982059496e-06
2016-06-17,4.333380302684678,1.26604644334316,,4.035302643279141,3.49992331709773,0.5353793261814106,3.4074813712766803,,16.0755805417895,1.4656829340090786e-06
2016-06-20,4.074074318695651,1.1768874932243505,-0.3487416711837664,4.0361376980935955,3.4998853287462683,0.5362523693473271,3.2959946952767067,-0.435927088979708,14.96109366530438,1.4670499408557974e-06
2016-06-21,4.420155732978766,1.2952881607357625,,4.036967527050159,3.4998397234647918,0.537127803585367,3.4439499243844947,,16.441102009197028,1.4553660160606353e-06
2016-06-22,3.8306517912973783,1.0929149339233935,,4.037792124962403,3.499786501569128,0.5380056233932748,3.19093016897337,,14.088563325957583,1.4724503719134915e-06
2016-06-23,4.6886509773028875,1.3868267252782167,,4.038611486676592,3.4997256634278484,0.5388858232487435,3.558259070025619,,17.585334065977705,1.4728255586364655e-06
2016-06-24,3.6829459656177654,1.0417524556503053,,4.0394256070717205,3.4996572094622698,0.5397683976094507,3.1268477790251517,,14.728094304371185,1.4711841414955487e-06
2016-06-27,3.585339738307444,1.00802457989628,-0.4613169467358135,4.040234481059537,3.49958114014645,0.5406533409130869,3.0846118650167997,-0.5766461834197669,15.149692751296504,1.4794106871499162e-06
2016-06-28,3.430854750758006,0.954793658037316,,4.041038103584581,3.499497456007184,0.5415406475773974,3.0179895285538287,,15.815079274533552,1.4664570141908155e-06
2016-06-29,4.671008863882503,1.3797229605869685,,4.041836469624217,3.4994061576240023,0.5424303120002145,3.549059858357713,,17.496537007337103,1.4499033720851364e-06
2016-06-30,4.14273896126314,1.1983337087141477,,4.042629574188657,3.499307245629164,0.5433223285594933,3.322224381521849,,15.229171358926846,1.455605664812872e-06
2016-07-01,3.739777225925907,1.059905511994363,,4.043417412321002,3.4992007207076554,0.5442166916133466,3.149082610700609,,14.501181100070463,1.4416308999338744e-06
2016-07-04,4.294669676384778,1.2498827236248196,-0.30007818425012045,4.044199979097265,3.499086583597183,0.5451133955000822,3.3864399881282075,-0.3750977303126505,15.873534045310242,1.427785940013742e-06
2016-07-05,4.099001313528564,1.1825230622141338,,4.044977269626407,3.49896483508817,0.5460124345382367,3.3021186628558374,,15.031538277676674,1.438938595015085e-06
2016-07-06,4.547256034570721,1.3359352965650708,,4.045749279050364,3.498835476023749,0.546913803026615,3.4937545967300876,,16.949191207063386,1.4461159858013104e-06
2016-07-07,3.318177341706485,0.9142600600712107,,4.046516002544081,3.4986985072997587,0.5478174952443222,2.9665235823887723,,16.321749249109867,1.4302465844985368e-06
2016-07-08,3.7678552396119422,1.0681567870022894,,4.047277435315537,3.498553929864734,0.5487235054508028,3.158749913617596,,14.398040162471382,1.4226547119929976e-06
2016-07-11,3.699666256260318,1.0444974339268611,-0.43700171071542604,4.04803357260578,3.4984017447199047,0.5496318278858752,3.129023537128481,-0.5462521383942825,14.693782075914239,1.4114831877478812e-06
2016-07-12,3.1715822736849337,0.863158078830968,,4.048784409688955,3.498241952919183,0.5505424567697723,2.9021895514578926,,16.9605240146129,1.4345883320163615e-06
2016-07-13,4.23431319639104,1.2272392645735635,,4.049529941872333,3.4980745555691595,0.5514553863031733,3.3571236362861137,,15.590490807169541,1.4466955508338868e-06
2016-07-14,3.7693923267391565,1.0675524133035972,,4.050270164496339,3.497899553829096,0.5523706106672428,3.1573400704585923,,14.405594833705038,1.4415867571961377e-06
2016-07-15,4.123739459515516,1.1887557445983876,,4.051005072934585,3.497716948910914,0.5532881240236707,3.308661629658898,,15.109446807479843,1.4494442018026304e-06
2016-07-18,4.691631088845368,1.3831726321195534,-0.2112182452536311,4.051734662593895,3.4975267420791902,0.5542079205147048,3.5514925322286324,-0.2640228065670388,17.53965790149442,1.4322182958775803e-06
2016-07-19,3.742922938848883,1.0576107569806872,,4.052458928914336,3.4973289346511462,0.55512999426319,3.144342380877005,,14.529865537741413,1.4239300403497617e-06
2016-07-20,3.720006938781552,1.0494616420811416,,4.053177867369247,3.497123527996638,0.5560543393726092,3.133950580598065,,14.631729473985732,1.4256308994651728e-06
2016-07-21,3.9098001137951734,1.1142397003668796,,4.0538914734652645,3.4969105235381495,0.556980949927115,3.214710148996749,,14.177996254585993,1.4318030568545928e-06
2016-07-22,4.214666306893355,1.2184696823580092,,4.054599742742352,3.496689922750779,0.5579098199915729,3.3447770256982903,,15.480871029475114,1.4309054086557808e-06
2016-07-25,3.6716471479725357,1.031994436962782,-0.445337042024812,4.055302670773829,3.496461727162232,0.5588409436115969,3.1114547733657094,-0.556671302531015,14.850069537965226,1.4344615013745855e-06
2016-07-26,3.650032003016271,1.0242846083441444,,4.056000253166398,3.49622593835281,0.5597743148135881,3.1015816987829905,,14.946442395698195,1.435832106852766e-06
2016-07-27,4.241761530580675,1.226862712428964,,4.056692485560172,3.495982557955398,0.5607099276047736,3.3545609484916032,,15.58578390536205,1.4340783096682731e-06
2016-07-28,4.0051506291561685,1.1454367188605643,,4.057379363628699,3.495731587655455,0.5616477759732437,3.252527486231161,,14.567958985757054,1.4306187451561055e-06
2016-07-29,3.1578583963697016,0.8546326084394216,,4.058060883078994,3.495473029191002,0.562587853887992,2.8887637897402794,,17.06709239450723,1.425497186614057e-06
2016-08-01,3.4455174108948623,0.9529529840637071,-0.4980313439575287,4.058737039651564,3.4952068843526085,0.5635301552989551,3.0113981144322426,-0.6225391799469109,15.838087699203662,1.4288330945243049e-06
2016-08-02,4.400733161831175,1.2801483036592654,,4.05940782912043,3.494933154983382,0.5644746741370481,3.420118534557464,,16.251853795740814,1.4344843313237847e-06
2016-08-03,4.016876380591336,1.1482313939694575,,4.060073247293163,3.4946518429789535,0.5654214043142094,3.2549410854407754,,14.602892424618219,1.437406813420549e-06
2016-08-04,3.610338567585824,1.00853648827553,,4.0607332900109,3.494362950287467,0.5663703397234325,3.08003356063188,,15.143293896555873,1.4225958878017465e-06
2016-08-05,3.818374201867385,1.0795508411318022,,4.061387953148375,3.4940664789095623,0.5673214742388129,3.168505030324315,,14.255614485852472,1.410216081629529e-06
2016-08-08,3.883565618878631,1.1015884007362005,-0.3989410661758664,4.062037232613949,3.4937624308983644,0.5682748017155843,3.195747931818615,-0.49867633271983297,14.019855009202505,1.415641631703209e-06
2016-08-09,4.137359410503706,1.1882880032336198,,4.0626811243496235,3.4934508083594684,0.5692303159901551,3.303810812401493,,15.103600040420245,1.434875287817702e-06
2016-08-10,3.4053852331131313,0.9370083926169454,,4.063319624331079,3.493131613450923,0.5701880108801562,2.9893921042221048,,16.037395092288186,1.437204169161714e-06
2016-08-11,3.58737463190878,0.9990861033595451,,4.063952728567694,3.492804848383218,0.5711478801844758,3.0666624775826494,,15.261423708005687,1.4322471743539834e-06
2016-08-12,3.978175462248396,1.1327546905836068,,4.064580433102567,3.4924705154192686,0.572109917683298,3.233413878648777,,14.409433632295084,1.4355007248595573e-06
2016-08-15,3.8486376571303147,1.088019850340546,-0.40798676643963605,4.065202734012548,3.4921286168743984,0.5730741171381495,3.177153429800081,-0.509983458049545,14.149751870743176,1.4212436991100108e-06
2016-08-16,4.08467396725109,1.1686231019164053,,4.065819627408256,3.4917791551163244,0.5740404722919319,3.277558032511831,,14.857788773955065,1.4384452188321281e-06
2016-08-17,3.455143824086928,0.9524591123168483,,4.066431109434113,3.491422132565141,0.5750089768689719,3.006996022961202,,15.844261096039396,1.4412231581752753e-06
2016-08-18,4.0114192624763065,1.1428554411525587,,4.067037176268356,3.491057551693302,0.5759796245750546,3.244626853134,,14.535693014406982,1.432923916416803e-06
2016-08-19,4.269435943871182,1.2309900343252966,,4.06763782412307,3.4906854150256033,0.5769524090974665,3.3544229579322242,,15.637375429066209,1.4311322215647472e-06
2016-08-22,4.0587302444247415,1.158418225657914,-0.36105451622805734,4.068233049244207,3.4903057251391685,0.5779273241050387,3.263328507211561,-0.45131814528507164,14.730227820723925,1.4247161034679154e-06
2016-08-23,3.937999547966305,1.1166934087713911,,4.068822847911613,3.489918484663426,0.5789043632481867,3.210785245627665,,14.208667609642388,1.441995038323881e-06
2016-08-24,3.85672246027267,1.0884939676920835,,4.069407216439047,3.489523696280096,0.5798835201589512,3.1751411558952003,,14.143825403848956,1.4397326508545398e-06
2016-08-25,3.599059681447442,0.9998178616674198,,4.069986151174209,3.4891213627231683,0.580864788451041,3.0638936898074434,,15.252276729157252,1.4421077071098632e-06
2016-08-26,3.8670385085001096,1.0913601689072254,,4.070559648498758,3.488711486778885,0.581848161719873,3.177911697912917,,14.107997888659682,1.4499357818134862e-06
2016-08-29,4.334120047985205,1.251164702345649,-0.29922353176956756,4.071127704828338,3.48829407128572,0.5828336335426174,3.377249949217781,-0.3740294147119594,15.889558779320609,1.4406614776781519e-06
2016-08-30,3.8525525439057624,1.085716579207985,,4.071690316612598,3.487869119134361,0.5838211974782368,3.1700148431443425,,14.178542759900187,1.4435361351369935e-06
2016-08-31,3.5837751701604432,0.9932235212781909,,4.072247480335218,3.487436633267688,0.58481084706753,3.0539660348654265,,15.334705984022616,1.4474677825811185e-06
2016-09-01,3.723918639354128,1.0409303493481536,,4.072799192513924,3.4869966166807536,0.5858025758331702,3.113159553365946,,14.73837063314808,1.4277202816660526e-06
2016-09-02,3.967505772459768,1.1241020356731117,,4.0733454497005175,3.486549072420763,0.5867963772797546,3.2166766170121526,,14.301275445913895,1.4313287833529682e-06
2016-09-05,3.7674857965546615,1.0551783203382985,-0.4298811197744678,4.073886248480894,3.4860940035870507,0.5877922448938437,3.130066904009924,-0.5373513997180847,14.56027099577127,1.431097129250267e-06
2016-09-06,4.069083836054176,1.158236393967577,,4.074421585475062,3.4856314133310615,0.5887901721440008,3.258426905790533,,14.72795492459471,1.4331302959189352e-06
2016-09-07,4.083239443947445,1.1627412512898838,,4.074951457337168,3.4851613048563275,0.5897901524808402,3.263587868968682,,14.784265641123545,1.4339483700913956e-06
2016-09-08,4.212409115783117,1.2066779816485578,,4.075475860755512,3.4846836814184448,0.5907921793370674,3.318031158479142,,15.333474770606973,1.4376563690822954e-06
2016-09-09,4.400536112041776,1.270827136671804,,4.075994792452578,3.4841985463250533,0.5917962461275246,3.3977324671648086,,16.13533920839755,1.4554284946323576e-06
2016-09-12,4.251870548371129,1.2195030469246835,-0.32033130205021115,4.076508249185042,3.483705902935813,0.5928023462492291,3.3330847115916673,-0.4004141275627639,15.493788086558542,1.440420073259252e-06
2016-09-13,3.577370409232868,0.9878913123022449,,4.077016227743801,3.4832057546623787,0.5938104730814224,3.043069895040185,,15.40135859622194,1.4363503505407768e-06
2016-09-14,3.5891554856817485,0.9915758664108474,,4.077518724953993,3.48269810496838,0.5948206199856134,3.047167937981939,,15.355301669864408,1.4453550276021525e-06
2016-09-15,3.879915343614414,1.0909074228248212,,4.07801573767501,3.4821829573693943,0.5958327803056154,3.170817235900421,,14.113657214689736,1.4519875152289623e-06
2016-09-16,3.749571146400296,1.0458589571312704,,4.078507262800524,3.481660315432923,0.5968469473676006,3.1139840118470112,,14.676763035859121,1.4583679500232645e-06
2016-09-19,3.5101196552328022,0.9634007927646869,-0.49106613815687544,4.0789932972585055,3.4811301827783696,0.5978631144801358,3.0103811737342285,-0.6138326726960943,15.707490090441414,1.4953348518895271e-06
2016-09-20,3.754997681565386,1.0469969846992409,,4.079473838011241,3.4805925630770087,0.5988812749342323,3.1143387939510596,,14.662537691259491,1.503998732352655e-06
2016-09-21,3.7445703786195095,1.0430584479657155,,4.079948882055351,3.480047460051968,0.5999014220033834,3.1088705200091122,,14.711769400428558,1.5197651598801326e-06
2016-09-22,3.676567572651559,1.0193782712286554,,4.080418426421813,3.4794948774781957,0.6009235489436175,3.078717716514015,,15.007771609641809,1.5159498016642611e-06
2016-09-23,3.802256602171912,1.0621052616613995,,4.080882468175976,3.4789348191824394,0.6019476489935367,3.131566396259189,,14.473684229232509,1.5028389654500005e-06
2016-09-26,4.326313609463864,1.2414141020382,-0.3057239319745335,4.08134100441758,3.4783672890432173,0.6029737153743628,3.355134916590967,-0.3821549149681669,15.767676275477497,1.4989683518941045e-06
2016-09-27,3.98466624871294,1.1239085649499088,,4.081794032280776,3.4777922909907906,0.6040017412899852,3.207677997178177,,14.298857061873859,1.5089812399894216e-06
2016-09-28,4.781147450281607,1.3966170891266563,,4.08224154893414,3.477209829007138,0.6050317199270019,3.5479811904154586,,17.707713614083204,1.5148951040609588e-06
2016-09-29,3.976777679122662,1.120460982322358,,4.082683551580695,3.4766199071259276,0.6060636444547676,3.202196135028875,,14.255762279029474,1.5207831929168765e-06
2016-09-30,3.816666518400173,1.0651921071275299,,4.083120037457926,3.476022529432489,0.6070975080254368,3.132512663341901,,14.435098660905878,1.5182317892763849e-06
2016-10-03,3.9207299422584994,1.1004959459185841,-0.3996693693876107,4.083551003837798,3.475417700063783,0.6081333037740144,3.1760376324620134,-0.4995867117345134,14.0061993239823,1.5135110306187857e-06
2016-10-04,4.010153672442435,1.130779037413225,,4.083976448026772,3.4748054232083785,0.6091710248183935,3.21327921997491,,14.384737967665309,1.51144088211291e-06
2016-10-05,4.073822548018506,1.1522304748605277,,4.084396367365823,3.474185703106416,0.610210664259407,3.2394737966820757,,14.652880935756595,1.5217084766754893e-06
2016-10-06,4.64943893013981,1.3492053591030828,,4.084810759230457,3.473558544049583,0.6112522151808744,3.4850652429284366,,17.115066988788534,1.5336495906206373e-06
2016-10-07,3.6278382101211863,0.9985615442026918,,4.085219621030726,3.4729239503810856,0.6122956706496403,3.0461258806344507,,15.267980697466353,1.5202032962761848e-06
2016-10-10,4.2254809872672805,1.2030855269813283,-0.33127631534578117,4.0856229502112456,3.4722819264956124,0.6133410237156331,3.301138835222273,-0.4140953941822264,15.288569087266604,1.5310521158579075e-06
2016-10-11,3.998646140892727,1.124930071713695,,4.086020744251209,3.4716324768393108,0.6143882674118979,3.2027950664814293,,14.311625896421186,1.5224923035095223e-06
2016-10-12,3.3771718408849565,0.911468270891526,,4.086413000664405,3.470975605909751,0.6154373947546539,2.9353109445241583,,16.356646613855926,1.5293135281216287e-06
2016-10-13,4.197927281202135,1.1924838538513716,,4.0867997169992325,3.470311318255899,0.6164883987433334,3.2859161355701136,,15.156048173142144,1.5270553431032244e-06
2016-10-14,4.3729816313955405,1.2521148272964686,,4.087180890838715,3.4696396184780816,0.6175412723606333,3.359783152598667,,15.901435341205858,1.5491143267942202e-06
2016-10-17,3.6304363256722083,0.9971388315467085,-0.4685741123021944,4.087556519800518,3.468960511227957,0.6185960085725615,3.0403840506613427,-0.585717640377743,15.285764605666145,1.5436823427726474e-06
2016-10-18,3.928459882561968,1.0989279358529636,,4.087926601536962,3.468274001208481,0.619652600328481,3.1669339210246856,,14.013400801837957,1.5465524076202672e-06
2016-10-19,3.3288553845568254,0.8929574885590756,,4.088291133735035,3.467580093173875,0.6207110405611602,2.90877695387272,,16.588031393011555,1.5554074528679692e-06
2016-10-20,3.4932937090079457,0.9489432248378797,,4.088650114116415,3.466878791929595,0.6217713221868202,2.978057822976945,,15.888209689526505,1.5436070365835738e-06
2016-10-21,4.301836852442598,1.2257635493140704,,4.089003540437475,3.466170102332293,0.6228334381051823,3.323374538974881,,15.572044366425878,1.5429809013962604e-06
2016-10-24,3.7729351732745493,1.0440300192791079,-0.4373133204805948,4.0893514104893,3.4654540292897904,0.6238973811995097,3.0954915533886753,-0.5466416506007434,14.69962475901115,1.5396681893729325e-06
2016-10-25,3.5492582618932804,0.9669436430074354,,4.089693722097706,3.4647305777610384,0.6249631443366672,2.9984101315203326,,15.663204462407059,1.532947895018666e-06
2016-10-26,4.018812668934966,1.1275352437350117,,4.090030473123244,3.463999752756086,0.626030720367158,3.1984188074248507,,14.344190546687644,1.5272750025891317e-06
2016-10-27,3.7568232969422035,1.0373105082282774,,4.0903616614612215,3.463261559336046,0.6271001021251754,3.084899694621393,,14.783618647146534,1.5430226227098104e-06
2016-10-28,3.77605002535572,1.0435014010669357,,4.090687285041715,3.4625160026130573,0.6281712824286574,3.091892753946727,,14.706232486663303,1.5351165065179946e-06
2016-10-31,4.200775505955974,1.1887191230809884,-0.3408539179460078,4.091007341829575,3.4617630877502528,0.6292442540793219,3.2726619916014883,-0.42606739743250965,15.108989038512355,1.5433477939476975e-06
2016-11-01,3.536582329130086,0.9605919969278784,,4.091321829824449,3.4610028199617204,0.6303190098627285,2.9867428161215686,,15.74260003840152,1.548110730798642e-06
2016-11-02,3.6274925870803516,0.9913561744781803,,4.091630747060789,3.460235204512471,0.6313955425483178,3.0244304226101963,,15.358047819022747,1.529150699770319e-06
2016-11-03,3.999483597031109,1.1184895990578643,,4.091934091607861,3.459460246718397,0.6324738448894642,3.1825722455407273,,14.231119988223304,1.536696539290431e-06
2016-11-04,4.286037978766666,1.2163291748897846,,4.092231861569765,3.458677951946239,0.6335539096235259,3.30408942055847,,15.454114686122308,1.51765046029575e-06
2016-11-07,4.38129335612978,1.248579236178782,-0.30094717588081205,4.092524055085438,3.4578883256135478,0.6346357294718898,3.3436123708370253,-0.37618396985101504,15.857240452234775,1.5266353797011866e-06
2016-11-08,3.7163620758196023,1.0201925935566054,,4.092810670328672,3.4570913731886472,0.6357192971400245,3.057332115134404,,14.997592580542435,1.5200625583406076e-06
2016-11-09,4.278415754741578,1.2124852360303577,,4.093091705508123,3.456287100190594,0.6368046053175291,3.2968936452285416,,15.406065450379472,1.5205571231536248e-06
2016-11-10,3.6770878452607763,1.005902924783551,,4.093367158867322,3.4554755121891434,0.6378916466781783,3.0378541681685824,,15.176213440205613,1.5033234289556973e-06
2016-11-11,4.591918426522566,1.3191451216288161,,4.093637028684686,3.4546566148047075,0.6389804138799784,3.4285880168407274,,16.7393140203602,1.5053564551902128e-06
2016-11-14,3.557136460949589,0.9639474769496327,-0.4907016820335783,4.093901313273529,3.453830413708318,0.6400708995652109,2.9837647598953585,-0.6133771025419729,15.700656538129593,1.5183470426961485e-06
2016-11-15,4.420138708059831,1.2594174572950079,,4.094160010982074,3.4529969146215853,0.6411630963604891,3.352268736240345,,15.992718216187596,1.5077365946844777e-06
2016-11-16,3.7266194130568686,1.0212216671817531,,4.094413120193462,3.45215612331666,0.6422569968768017,3.053683207293852,,14.984729160228087,1.499894959406242e-06
2016-11-17,4.662247839482662,1.341589574575352,,4.09466063932576,3.4513080456161944,0.6433525937095652,3.4532950138353846,,17.0198696821919,1.5064210437188583e-06
2016-11-18,4.165799450887142,1.1709584874622982,,4.094902566831974,3.450452687393298,0.6444498794386755,3.239150796721171,,14.886981093278727,1.513315944224498e-06
2016-11-21,3.6044605934728207,0.9780780164710134,-0.48128132235265775,4.095138901200059,3.4495900545715026,0.6455488466285564,2.9971875751602695,-0.6016016529408222,15.524024794112332,1.4808934958593978e-06
2016-11-22,3.7785156432122946,1.0373313824548993,,4.095369640952924,3.448720153124714,0.6466494878282103,3.070384381193338,,14.78335771931376,1.5083770572670044e-06
2016-11-23,4.235948796240842,1.193741744626849,,4.0955947846484495,3.447842989077178,0.6477517955712715,3.2650201698607395,,15.171771807835613,1.5159484120628363e-06
2016-11-24,4.332200696724327,1.2263173301138675,,4.095814330879485,3.446958568503436,0.6488557623760496,3.3048552311457704,,15.578966626423341,1.525868148246322e-06
2016-11-25,3.9402679640477962,1.0915141289930645,,4.096028278273869,3.4460668975282776,0.6499613807455917,3.1354595587696084,,14.106073387586694,1.5242792289860984e-06
2016-11-28,3.9818955661356212,1.105358993715616,-0.3964273375229227,4.096236625494431,3.4451679823267085,0.6510686431677222,3.151866724471229,-0.49553417190365334,14.0669874214452,1.4994126728882055e-06
2016-11-29,4.2329389334824805,1.191002363917288,,4.096439371239001,3.4442618291238976,0.652177542115103,3.2580147840205074,,15.137529548966098,1.5089227393514036e-06
2016-11-30,4.0148984648869686,1.1158158112412986,,4.096636514240418,3.443348444195143,0.6532880700452752,3.1631182082467664,,14.19769764051623,1.501642165566622e-06
2016-12-01,3.5172993786133535,0.944779416879395,,4.096828053266541,3.4424278338658185,0.6544002194007223,2.948402104965062,,15.940257289007564,1.5093886051299374e-06
2016-12-02,3.686745636683205,1.0024431170431785,,4.097013987120249,3.441500004511341,0.655513982608908,3.019553900815314,,15.21946103696027,1.5067958790594375e-06
2016-12-05,4.0548423746667925,1.1282143931781998,-0.3811904045478668,4.0971943146394585,3.440564962557116,0.6566293520823425,3.175832954029866,-0.4764880056848335,14.352679914727497,1.5104049842367589e-06
2016-12-06,4.399236454229329,1.2458578899797232,,4.097369034697122,3.4396227144784994,0.6577463202186227,3.3219450769531536,,15.82322362474654,1.5002816376481569e-06
2016-12-07,4.5406820166925215,1.2939178908994458,,4.09753814620124,3.438673266800753,0.6588648794004865,3.3810706304250604,,16.423973636243073,1.5123766432272816e-06
2016-12-08,4.249197352380482,1.1935435304925741,,4.097701648094865,3.437716626098994,0.6599850219958707,3.2546460392147116,,15.169294131157175,1.4966614656973731e-06
2016-12-09,4.078191016597416,1.1344748913243636,,4.097859539356112,3.436752798998154,0.6611067403579582,3.179846413153609,,14.430936141554545,1.5275987573035275e-06
2016-12-12,4.241004594808919,1.1898576663178972,-0.34009488912140184,4.0980118189981605,3.435781792172933,0.6622300268252275,3.2481038750703046,-0.4251186114017523,15.123220828973716,1.559068613898293e-06
2016-12-13,3.74684069203711,1.0199898979751774,,4.098158486069264,3.4348036123477503,0.6633548737215134,3.034790984816722,,15.000126275310283,1.5825427626091622e-06
2016-12-14,3.9278596598372513,1.0816122847690144,,4.0982995396527535,3.4338182662967007,0.6644812733560528,3.1108336222579687,,14.229846440387321,1.6012141860426329e-06
2016-12-15,3.6943349821620557,1.001104313439263,,4.0984349788670436,3.4328257608435067,0.6656092180235369,3.0092061526425855,,15.236196082009215,1.6003962782803868e-06
2016-12-16,3.5470142728852005,0.9501508867150747,,4.09856480286564,3.4318261028614705,0.6667387000041698,2.944514711255314,,15.873113916061568,1.6176915968841349e-06
2016-12-19,4.1021129868724975,1.1400258813963446,-0.37331607906910363,4.098689010837145,3.4308192992734274,0.6678697115637173,3.1808516510188585,-0.4666450988363795,14.500323517454307,1.616696071014212e-06
2016-12-20,4.0516003112551795,1.1222615967901692,,4.098807602005256,3.4298053570516975,0.6690022449535586,3.1576323530394093,,14.278269959877115,1.5946478792306048e-06
2016-12-21,4.228652000435034,1.1825182981410816,,4.098920575628782,3.4287842832180373,0.6701362924107443,3.2319321558943894,,15.031478726763519,1.616772307866035e-06
2016-12-22,4.180418885056479,1.1655334197070937,,4.099027931001635,3.4277560848435913,0.671271846158044,3.2096728594774584,,14.819167746338671,1.6336898683698934e-06
2016-12-23,4.075514469754421,1.1291173125588636,,4.099129667452846,3.426720769048842,0.6724088984040044,3.1631174097474215,,14.363966406985792,1.6336375062322033e-06
2016-12-26,4.186717136117575,1.1667939998813066,-0.3554706667457957,4.099225784346563,3.425678343003563,0.6735474413430005,3.209170842855196,-0.44433833343224455,14.834924998516332,1.6161268755254696e-06
2016-12-27,3.9782776261694677,1.0948780284527029,,4.0993162810820545,3.424628813926766,0.6746874671552883,3.118226349492645,,14.064024644341215,1.608024911736755e-06
2016-12-28,4.13904716381622,1.149546967426688,,4.099401157093717,3.4235721890866557,0.6758289680070613,3.185505898370016,,14.6193370928336,1.5822792213785032e-06
2016-12-29,3.7417061396041817,1.012862671677637,,4.099480411851076,3.422508475800573,0.6769719360505029,3.013586815397619,,15.08921660402954,1.5961940556987007e-06
2016-12-30,4.126578279442,1.1443647110766957,,4.099554044858787,3.4214376814349485,0.6781163634238387,3.1768935702808183,,14.554558888458695,1.573720088555838e-06
2017-01-02,4.232454920516629,1.1802101222343213,-0.34652658517711926,4.099622055656647,3.4203598134052533,0.6792622422513941,3.220622466198155,-0.43315823147139904,15.002626527929014,1.5781823565244391e-06
2017-01-03,3.7654507366758825,1.0196382286313357,,4.099684443819588,3.4192748791759415,0.6804095646436465,3.018822664965111,,15.004522142108305,1.5666358308522622e-06
2017-01-04,4.019313937937666,1.1062198518791417,,4.099741208957684,3.4181828862604045,0.6815583226972795,3.1259577011093316,,14.07774814848927,1.5470350164683304e-06
2017-01-05,3.784248232937485,1.025167698844477,,4.099792350716152,3.417083842220915,0.6827085084952369,3.0235434657765112,,14.93540376444404,1.5507449094898874e-06
2017-01-06,3.8195710970039607,1.0368191964180662,,4.099837868775357,3.415977754668578,0.6838601141067793,3.0370017501911613,,14.789760044774173,1.5464797326985054e-06
2017-01-09,3.6114653976223945,0.9650084773877415,-0.4899943484081724,4.099877762850812,3.414864631263274,0.6850131315875378,2.946125227997951,-0.6124929355102154,15.687394032653232,1.5585796250349366e-06
2017-01-10,4.449557008631231,1.2518929910199867,,4.099912032693178,3.4137444797136105,0.6861675529795672,3.303610718488594,,15.898662387749834,1.5412849664580132e-06
2017-01-11,4.380873570782889,1.2278822209664058,,4.099940678088269,3.412617307776865,0.6873233703114043,3.272470083984872,,15.59852776208007,1.5311982985171609e-06
2017-01-12,4.197336425371091,1.1644920625072805,,4.099963698857052,3.4114831232589315,0.6884805755981205,3.192098201393032,,14.806150781341005,1.4990204337732175e-06
2017-01-13,4.700856798302752,1.3366635142332577,,4.099981094855646,3.410341934014271,0.6896391608413746,3.4061713268058433,,16.958293927915722,1.470206299132385e-06
2017-01-16,3.945708662000399,1.0772905164117932,-0.41513965572547135,4.099992865975327,3.4091937479458503,0.690799118029477,3.0808068934605917,-0.5189245696568392,14.283868544852588,1.4945668944768031e-06
2017-01-17,5.074420723645339,1.4638114898132761,,4.099999012142526,3.4080385730050917,0.6919604391374339,3.5628029352716872,,18.54764362266595,1.5232387831787213e-06
2017-01-18,3.9350305673103136,1.0726964701564137,,4.099999533318828,3.4068764171918176,0.6931231161270102,3.0727470048873347,,14.34129412304483,1.524891686397027e-06
2017-01-19,4.105348261758741,1.130623202210722,,4.099994429500977,3.405707288554194,0.6942871409467828,3.1439862913175967,,14.382790027634025,1.5140057052398385e-06
2017-01-20,3.878175766159397,1.0522666503271751,,4.099983700720871,3.4045311951886736,0.695452505532197,3.0448645080976426,,14.596666870910312,1.5103220149136891e-06
2017-01-23,4.149082130663067,1.1446790672072367,-0.37021395519517564,4.099967347045564,3.403348145239944,0.6966192018056203,3.15919697924899,-0.4627674439939695,14.558488340090458,1.5226238302976295e-06
2017-01-24,4.312606238946345,1.2002737913463495,,4.099945368577269,3.4021581469008675,0.6977872216764016,3.2275003860838045,,15.253422391829368,1.5159700781312377e-06
2017-01-25,3.981645766794385,1.08633003283363,,4.099917765453349,3.400961208412423,0.6989565570409262,3.083873749454461,,14.170874589579626,1.5195956115793118e-06
2017-01-26,4.6447465813160775,1.3132063816541146,,4.099884537846325,3.399757338063656,0.7001271997826692,3.366265315131299,,16.66507977067643,1.5198010680252976e-06
2017-01-27,4.107977634807191,1.1286979141560154,,4.099845685963869,3.3985465441916114,0.7012991417722576,3.1344189368866306,,14.35872392695019,1.5124186675604239e-06
2017-01-30,4.120328620157964,1.132458246333224,-0.3783611691111841,4.099801210048804,3.397328835181286,0.7024723748675186,3.1379016430978157,-0.4729514613889801,14.405728079165298,1.5056495522197593e-06
2017-01-31,3.708895470783124,0.990920276658354,,4.099751110379106,3.39610421946556,0.703646890913546,2.959754565288503,,15.363496541770576,1.5100070038003994e-06
2017-02-01,4.174907827306827,1.1502198889460462,,4.0996953872678965,3.3948727055251497,0.7048226817427468,3.1576475667077077,,14.627748611825577,1.4971634669973297e-06
2017-02-02,3.982914649250188,1.0839167335028763,,4.099634041063446,3.3936343018885378,0.7059997391749082,3.073530218767133,,14.201040831214048,1.5036385336565168e-06
2017-02-03,3.818333813975424,1.0270112324795257,,4.099567072149167,3.3923890171319226,0.7071780550172444,3.00115305773133,,14.912359594005931,1.4976446629911104e-06
2017-02-06,3.7608477158777793,1.0068230710221964,-0.4621179526518691,4.099494480943616,3.391136859879156,0.7083576210644598,2.9746656986569016,-0.5776474408148364,15.164711612222545,1.4997372934692546e-06
2017-02-07,4.969129457255555,1.4206116055708022,,4.0994162679004855,3.38987783880168,0.7095384290988056,3.490642345765183,,18.00764506963503,1.5189140187769795e-06
2017-02-08,3.9431962078257645,1.0683827299785158,,4.099332433508609,3.388611962618474,0.7107204708901351,3.0490903750916187,,14.395215875268553,1.516995736332897e-06
2017-02-09,3.5268717538749965,0.925161749506248,,4.099242978291951,3.3873392400959865,0.7119037381959643,2.8687914269787966,,16.1854781311719,1.529988361989812e-06
2017-02-10,3.793844959953944,1.0162134248320913,,4.099147902809606,3.386059680048082,0.7130882227615238,2.9813264610881967,,15.047332189598858,1.5058866081197853e-06
2017-02-13,4.0215819399113375,1.0938118592628545,-0.40412542715809713,4.099047207655795,3.3847732913359736,0.7142739163198217,3.077038115414542,-0.5051567839476213,14.07735175921432,1.4999001901691985e-06
2017-02-14,4.23237473033569,1.1656000439139782,,4.098940893459863,3.3834800828681653,0.715460810591698,3.165480137760638,,14.820000548924728,1.5006491236462418e-06
2017-02-15,4.236632988173307,1.1665755826070376,,4.098828960886273,3.3821800636003907,0.7166488972858822,3.165399541859188,,14.83219478258797,1.5272332112802756e-06
2017-02-16,4.280684565896975,1.1811937462131832,,4.098711410634603,3.380873242535546,0.7178381680990573,3.182365425302025,,15.014921827664788,1.5009048670966296e-06
2017-02-17,3.819585942278206,1.0226167632035206,,4.098588243439543,3.3795596287236354,0.7190286147159073,2.982830582728036,,14.967290459955993,1.4999807612660111e-06
2017-02-20,4.165861070303184,1.1408528532201856,-0.3727647645198764,4.0984594600708855,3.3782392312617,0.7202202288091857,3.1293052977869316,-0.46595595564984543,14.510660665252319,1.5201552713751584e-06
2017-02-21,3.741508235761702,0.9948728643067307,,4.098325061333528,3.376912059293763,0.7214130020397644,2.9455031396771765,,15.314089196165867,1.509830357084865e-06
2017-02-22,3.832678383877206,1.0256428420383188,,4.09818504806746,3.3755781220107597,0.7226069260567005,2.9826316745586583,,14.929464474521017,1.5073177532134585e-06
2017-02-23,3.7297818921269874,0.9898749230599689,,4.098039421147767,3.3742374286504786,0.7238019924972887,2.9365810824754397,,15.37656346175039,1.5122028061070579e-06
2017-02-24,3.636472743797314,0.9573933374482078,,4.097888181484614,3.3728899884974926,0.7249981929871216,2.8946316603077524,,15.782583281897404,1.5150947477416544e-06
2017-02-27,4.42631315701009,1.2277051386629612,-0.3148632408913593,4.097731330023251,3.371535810883101,0.7261955191401501,3.2311672342118025,-0.3935790511141991,15.596314233287012,1.5369807053791642e-06
2017-02-28,4.296287086385416,1.1826334041174666,,4.0975688677439965,3.37017490518526,0.7273939625587365,3.1734666603320933,,15.032917551468332,1.5435827498380067e-06
2017-03-01,4.398541166597615,1.2171998443973757,,4.0974007956622405,3.3688072808285168,0.7285935148337237,3.2153070863252364,,15.464998054967195,1.5625297327363737e-06
2017-03-02,4.071905275973519,1.1047175679229158,,4.097227114828433,3.3674329472839513,0.7297941675444819,3.073329907187596,,14.058969599036445,1.5578646292894003e-06
2017-03-03,4.331467911661323,1.1932169238638177,,4.097047826328079,3.366051914069101,0.7309959122589778,3.182573068898873,,15.16521154829772,1.5479033340005045e-06
2017-03-06,3.4445755167663377,0.8886452714428947,-0.5409031523714036,4.09686293128173,3.364664190747904,0.7321987405338257,2.8004707800515223,-0.6761289404642545,16.641934106963816,1.5451481855758554e-06
2017-03-07,4.3645510868537185,1.2035705021654426,,4.096672430844979,3.363269786930626,0.7334026439143533,3.1927329146374293,,15.294631277068033,1.5294954211355227e-06
2017-03-08,4.1259080776444295,1.1212543796006038,,4.096476326208455,3.3618687122737985,0.7346076139346565,3.088436686774553,,14.265679745007546,1.5365497735443166e-06
2017-03-09,4.284852191872114,1.1752531520179,,4.0962746185978105,3.3604609764801476,0.7358136421176629,3.1545274165025226,,14.94066440022375,1.5316055942316208e-06
2017-03-10,4.199821672820995,1.1456027958858337,,4.096067309273717,3.359046589298531,0.7370207199751864,3.116050084155823,,14.57003494857292,1.5227539322343247e-06
2017-03-13,3.722795870611945,0.9815533814555737,-0.47896441236295095,4.095854399531858,3.35762556052387,0.7382288390079883,2.909567287343337,-0.5987055154536887,15.48058273180533,1.5299857455730278e-06
2017-03-14,3.545404858596481,0.9202352269530745,,4.095635890702918,3.356197899997076,0.7394379907058424,2.8314919336884192,,16.24705966308657,1.514696330173223e-06
2017-03-15,3.8219553543374083,1.0145535000580446,,4.095411784152576,3.35476361760499,0.7406481665475861,2.9479554926775458,,15.068081249274446,1.5256178822129434e-06
2017-03-16,4.27035279916815,1.1677900737527496,,4.095182081281498,3.3533227232803093,0.741859358001189,3.1380603154712463,,14.847375921909368,1.519443972196162e-06
2017-03-17,4.315623068398581,1.1828109698210476,,4.094946783525327,3.351875227001522,0.7430715565238044,3.155388939277832,,15.035137122763093,1.535761467646966e-06
2017-03-20,3.5967724609238974,0.9358469267141766,-0.5094353821905491,4.094705892354671,3.350421138792833,0.7442847535618382,2.845229797185554,-0.6367942277381863,16.051913416072793,1.5307253223434845e-06
2017-03-21,3.7336305052546903,0.9822680759038144,,4.0944594092751005,3.3489604687241017,0.7454989405509989,2.9017955636038697,,15.471649051202322,1.5398405574780086e-06
2017-03-22,3.825347638948579,1.0132117176870994,,4.094207335827134,3.347493226910763,0.7467141089163709,2.9390078740196373,,15.084853528911259,1.5427166771222448e-06
2017-03-23,3.954890000722807,1.0571233927679822,,4.093949673586229,3.3460194235137677,0.7479302500724612,2.9924236644737454,,14.535957590400223,1.5534683172137136e-06
2017-03-24,3.6046973997392215,0.9365539002976818,,4.093686424162774,3.3445390687395045,0.7491473554232697,2.8402314441116068,,16.04307624627898,1.5553950692938994e-06
2017-03-27,3.585167245321057,0.9293537880631841,-0.5137641412912106,4.093417589202078,3.34305217283973,0.7503654163623477,2.8297444079187106,-0.6422051766140133,16.1330776492102,1.5326664564355016e-06
2017-03-28,3.796714915122814,1.0013797644310936,,4.093143170384357,3.341558746111504,0.7515844242728527,2.918283451650371,,15.232752944611331,1.5470318233057214e-06
2017-03-29,4.116019727628745,1.1103504603470007,,4.092863169424728,3.3400587988971084,0.7528043705276195,3.0529968743308595,,14.12938075433751,1.5461979716231474e-06
2017-03-30,3.674098171010959,0.9583286792295812,,4.092577588073198,3.3385523415839855,0.7540252464892121,2.861463190620962,,15.770891509630236,1.5576131861948564e-06
2017-03-31,4.048251933475392,1.0861035788033881,,4.0922864281146465,3.3370393846046564,0.7552470435099901,3.0196688581088917,,14.173705264957649,1.5677114159587732e-06
2017-04-03,4.460755264873443,1.2270263379370179,-0.3153157747086548,4.091989691368825,3.3355199384366596,0.7564697529321656,3.194302860857932,-0.39414471838581844,15.587829224212722,1.5572278024374406e-06
2017-04-04,3.6361191117318383,0.9437864315103789,,4.0916873796903355,3.333994013602467,0.7576933660878686,2.8387270529904405,,15.952669606120265,1.5448456957627852e-06
2017-04-05,4.020967846433073,1.0752265089907354,,4.091379494968626,3.3324616206694193,0.7589178742992067,3.0014947569078387,,14.30966863761581,1.5543729675112318e-06
2017-04-06,4.45337214026645,1.2229708080500927,,4.091066039127973,3.3309227702496518,0.7601432688783216,3.184636280312268,,15.537135100626159,1.5505240750474404e-06
2017-04-07,3.9497983259859093,1.049807793156343,,4.090747014127478,3.3293774730000147,0.7613695411274635,2.9666372144454436,,14.627402585545713,1.564037861941963e-06
2017-04-10,3.896894385587882,1.0311596370969898,-0.4458935752686735,4.090422421961044,3.3278257396220083,0.7625966823390358,2.941775285993246,-0.5573669690858419,14.860504536287628,1.5619218868481032e-06
2017-04-11,4.506390340796369,1.239619497716777,,4.090092264657371,3.3262675808617006,0.7638246837956704,3.2007919530076716,,15.74524372145971,1.5767688630608912e-06
2017-04-12,3.9934855981632955,1.0632557505234144,,4.089756544279941,3.3247030075096604,0.7650535367702802,2.9787726956639284,,14.459303118457322,1.5831831466024465e-06
2017-04-13,4.4887205742186875,1.2325394030246681,,4.089415262927005,3.323132030400875,0.7662832325261304,3.18880628418171,,15.656742537808352,1.587688595503166e-06
2017-04-14,4.2537776394077955,1.151475846935264,,4.089068422731573,3.3215546604146833,0.7675137623168893,3.0858994690837633,,14.643448086690798,1.582748898113106e-06
2017-04-17,3.9851379865570613,1.0588586416508197,-0.42742757223278693,4.088716025861391,3.319970908474691,0.7687451173866999,2.968544210538216,-0.5342844652909837,14.514266979364756,1.5864597997768952e-06
2017-04-18,4.2745205666940285,1.1575628636717037,,4.088358074518941,3.3183807855487046,0.7699772889702361,3.090334365138334,,14.719535795896295,1.6039842131465604e-06
2017-04-19,4.220282857968261,1.1384539416615247,,4.087994570941417,3.3167843026486508,0.7712102682927662,3.0648517297255564,,14.480674270769057,1.6036026079428114e-06
2017-04-20,4.466932521698416,1.222505938520297,,4.087625517400715,3.315181470830496,0.7724440465702194,3.168313893980867,,15.53132423150371,1.6116899680635342e-06
2017-04-21,3.919201939248513,1.0341985354561978,,4.087250916203419,3.3135723011941796,0.7736786150092394,2.931320470514427,,14.822518306797528,1.6127657120340052e-06
2017-04-24,4.127045658777267,1.1049447280137945,-0.39670351465747045,4.086870769690785,3.3119568048835273,0.7749139648072578,3.0181377149007704,-0.49587939332183806,14.061809100172429,1.6149790349804004e-06
2017-04-25,4.092594997994166,1.0926181184474435,,4.086485080238727,3.3103349930861823,0.7761500871525451,3.0011076411454867,,14.092273519406955,1.640633867878816e-06
2017-04-26,4.362080556213286,1.1844977769967742,,4.086093850257804,3.3087068770335195,0.7773869732242842,3.1143290982794873,,15.056222212459677,1.6588892339892372e-06
2017-04-27,3.758320457461989,0.976978496666699,,4.0856970821932,3.3070724680005754,0.778624614192625,2.8532955888339493,,15.537768791666263,1.660490227567769e-06
2017-04-28,4.474580837117878,1.222037245788543,,4.085294778524717,3.3054317773059667,0.7798630012187502,3.1579783345416454,,15.525465572356783,1.6641141892203186e-06
2017-05-01,4.283360838776976,1.15595945266045,-0.3626936982263667,4.084886941766749,3.3037848163118086,0.7811021254549404,3.0737341321373712,-0.4533671227829583,14.699493158255624,1.6540488470472395e-06
2017-05-02,3.660730072302658,0.9419689911640465,,4.0844735744682765,3.3021315964236435,0.782341978044633,2.8045928353787017,,15.97538761044942,1.6518888403741135e-06
2017-05-03,4.546055075514539,1.24499153905766,,4.084054679212842,3.300472129090354,0.7835825501224876,3.181711552912429,,15.812394238220751,1.6569092429107809e-06
2017-05-04,4.906606040037075,1.3680911696957279,,4.083630258618539,3.298806425804092,0.7848238328144475,3.333920387923752,,17.351139621196598,1.6700598887619903e-06
2017-05-05,4.4768268405581955,1.220220076345929,,4.083200315337998,3.2971344981001893,0.7860658172378088,3.1474095935326005,,15.502750954324112,1.6817795275316964e-06
2017-05-08,4.627142201140447,1.2712381720671764,-0.2858412186218825,4.08276485205836,3.295456357557089,0.7873084945012709,3.2095040726410597,-0.3573015232773531,16.140477150839704,1.6654896160349933e-06
2017-05-09,4.1590911671291755,1.1102445657923106,,4.08232387150127,3.2937720157962533,0.7885518557050166,3.0065777230366417,,14.128057072403882,1.6806186815743823e-06
2017-05-10,3.5491991597874297,0.9006194096313789,,4.081877376422856,3.2920814844820936,0.7897958919407624,2.7428557465213173,,16.492257379607764,1.6796963370985423e-06
2017-05-11,3.4867994466787122,0.8787055458598971,,4.08142536961371,3.2903847753218844,0.7910405942918253,2.713766707646756,,16.766180676751286,1.6652580612254863e-06
2017-05-12,4.223037045174392,1.130609845264131,,4.080967853898873,3.288681900065681,0.7922859538331917,3.026944206645845,,14.382623065801639,1.685829227313704e-06
2017-05-15,3.9280834522536687,1.0289625430724025,-0.44735830461839843,4.080504832137817,3.286972870506243,0.7935319616315737,2.898176049346746,-0.559197880772998,14.88796821159497,1.7086047072363873e-06
2017-05-16,3.8166930001369987,0.9902508466007179,,4.080036307224426,3.2852576984789463,0.7947786087454798,2.8480712567298436,,15.371864417491027,1.7130934985301974e-06
2017-05-17,4.116352955743473,1.092470397923759,,4.07956228208698,3.2835363958617085,0.7960258862252712,2.974124393266407,,14.094120025953012,1.7244875640207768e-06
2017-05-18,4.3552896559742,1.1738702345433547,,4.079082759688133,3.2818089745748997,0.7972737851132337,3.074146767754093,,14.923377931791933,1.7368740679571012e-06
2017-05-19,3.6328910639628154,0.9256690943885424,,4.0785977430249005,3.280075446581266,0.7985222964436347,2.762161814566944,,16.179136320143222,1.7592699718312992e-06
2017-05-22,3.985771305848936,1.0461346855663538,-0.4359102096224308,4.078107235128634,3.2783358238858393,0.7997714112427947,2.911004180843782,-0.5448877620280385,14.673316430420577,1.7712784092628913e-06
2017-05-23,4.672856324648645,1.2811844819744378,,4.077611239065007,3.276590118535863,0.801021120529144,3.2030707210039107,,16.264806024680475,1.7506766257627062e-06
2017-05-24,3.7695745875492586,0.9709653943734351,,4.077109757933991,3.2748383426207033,0.8022714153132879,2.8135450855874975,,15.612932570332061,1.7830771830349605e-06
2017-05-25,4.451866671122025,1.2043713424597948,,4.076602794869845,3.2730805082717627,0.8035222865980822,3.103544686346506,,15.304641780747435,1.800710912372086e-06
2017-05-26,3.979320001421819,1.0418323086141208,,4.076090353041083,3.2713166276624053,0.804773725378678,2.8986070134300563,,14.727096142323491,1.7929204387829645e-06
2017-05-29,4.341529851056528,1.1654952511819945,-0.35633649921200383,4.075572435650468,3.2695467130078604,0.8060257226426075,3.0514157769853534,-0.4454206240150047,14.818690639774928,1.7768270096094096e-06
2017-05-30,4.536093661992638,1.231679300864344,,4.075049045934979,3.267770776565151,0.8072782693698284,3.132369902645581,,15.645991260804301,1.785364356378538e-06
2017-05-31,4.413005361907774,1.1889538120382026,,4.074520187165802,3.2659888306329954,0.8085313565328063,3.0771810956807486,,15.111922650477533,1.7813440707275545e-06
2017-06-01,4.473291000258832,1.2090991522656653,,4.073985862648302,3.264200887551736,0.8097849750965658,3.1005748278838174,,15.363739403320814,1.787089168673914e-06
2017-06-02,3.7535564632323433,0.9618087759910454,,4.073446075722004,3.2624069597032395,0.8110391160187649,2.789667929692046,,15.727390300111935,1.7995358940800642e-06
2017-06-05,4.5479247995267205,1.233639164808956,-0.3109072234606961,4.072900829760578,3.260607059510823,0.812293770249755,3.1276560155220183,-0.3886340293258701,15.670489560111948,1.7908328984760113e-06
2017-06-06,3.861231633459498,0.9976768262438217,,4.072350128171807,3.258801199439164,0.8135489287326427,2.830897232243941,,15.27903967195223,1.7733773682697892e-06
2017-06-07,4.252044759480562,1.1311450118685846,,4.071793974397574,3.2569893919942086,0.8148045824033652,2.9959206568299397,,14.389312648357308,1.7799908294904645e-06
2017-06-08,4.253122798816121,1.1309895424396674,,4.071232371913839,3.2551716497230947,0.8160607221907439,2.993908577772679,,14.38736928049584,1.7719093989616205e-06
2017-06-09,4.334061572040571,1.1582147070643498,,4.070665324230616,3.253347985214056,0.8173173390165598,3.026116369044493,,14.72768383830437,1.7746843634263988e-06
2017-06-12,4.283736084695631,1.140434801127223,-0.3730434659151848,4.07009283489195,3.2515184110963427,0.8185744237956074,3.0020619125053716,-0.46630433239398095,14.505435014090287,1.7537961125266596e-06
2017-06-13,3.872000833127333,0.9987428025770333,,4.069514907475899,3.249682940040126,0.8198319674357726,2.8231114432614177,,15.265714967787085,1.7502576422471526e-06
2017-06-14,3.6964142920633463,0.9380159105245142,,4.0689315455945065,3.24784158475642,0.8210899608380866,2.745361472912063,,16.024801118443573,1.7619965477971536e-06
2017-06-15,4.475723945642984,1.2046818415954124,,4.068342752893782,3.2459943579969823,0.8223483948968,3.0768466599912476,,15.308523019942653,1.7720746180909101e-06
2017-06-16,4.236978468918567,1.12230014930227,,4.067748533053679,3.244141272554236,0.8236072604994433,2.9720164591820737,,14.278751866278373,1.7599857969285982e-06
2017-06-19,4.5757531353947565,1.2379252209149383,-0.3080498527233746,4.067148889788069,3.2422823412611765,0.8248665485268929,3.1146888674048494,-0.38506231590421824,15.724065261436726,1.7420130325367424e-06
2017-06-20,4.1593499808031185,1.0946320478974558,,4.066543826844722,3.240417576991279,0.8261262498534427,2.933707636863099,,14.067099401281801,1.7426958145450264e-06
2017-06-21,3.684734617967048,0.9313802767187649,,4.0659333480052755,3.2385469926584194,0.8273863553468561,2.7277723385568757,,16.10774654101544,1.7519553869978163e-06
2017-06-22,4.5162235159998065,1.2159355617204928,,4.065317457085224,3.236670601216772,0.8286468558684521,3.081590053367388,,15.44919452150616,1.758795332300245e-06
2017-06-23,4.049984721999021,1.0555555268406673,,4.064696157933883,3.234788415660733,0.8299077422731505,2.879232824211567,,14.555555914491661,1.7511446604740251e-06
2017-06-26,4.300852254771039,1.1410404148905227,-0.37263972340631835,4.064069454434369,3.2329004490248177,0.8311690054095515,2.984200967637971,-0.4657996542578979,14.513005186131531,1.75628377598489e-06
2017-06-27,3.9560771328294795,1.0223048685824578,,4.063437350503578,3.2310067143835814,0.8324306361199962,2.8338878001116536,,14.971189142719279,1.7806372129284458e-06
2017-06-28,4.759730675598086,1.297316205228043,,4.062799850092157,3.229107224851524,0.8336926252406327,3.175752481386578,,16.466452565350536,1.784373881835194e-06
2017-06-29,3.8789647661277185,0.9948122210980165,,4.062156957184481,3.227201993582994,0.8349549636014868,2.7957172699555146,,15.314847236274796,1.7587780106927663e-06
2017-06-30,4.0691996288445385,1.0595084295072592,,4.061508675798629,3.2252910337721095,0.8362176420265199,2.8746765706561836,,14.506144631159263,1.762437966618931e-06
2017-07-03,4.226444864784579,1.112893844323678,-0.3914041037842147,4.0608550099863585,3.223374358652654,0.8374806513337045,2.9394916640572517,-0.48925512973026836,14.161173054045975,1.7956079790456899e-06
2017-07-04,3.8081119455397228,0.9689381207495651,,4.060195963833078,3.2214519814979954,0.8387439823350822,2.757624632434952,,15.638273490630437,1.7753669860535019e-06
2017-07-05,4.307595678575693,1.1396623434305115,,4.059531541457822,3.219523915620985,0.8400076258368374,2.969101844909124,,14.495779292881393,1.7762860152379388e-06
2017-07-06,4.757620713851085,1.2934292572960988,,4.058861747013231,3.217590174373874,0.8412715726393571,3.1593767459939976,,16.417865716201234,1.7731145931013404e-06
2017-07-07,4.023328590525188,1.0411445407167548,,4.058186584685517,3.2156507711482125,0.8425358135373044,2.842081447044156,,14.735693241040565,1.775089073560383e-06
2017-07-10,4.334828707566818,1.1474171382838072,-0.368388574477462,4.057506058694442,3.2137057193747642,0.843800339319678,2.972977142229523,-0.4604857180968275,14.592714228547589,1.778639726098598e-06
2017-07-11,3.2357647612801674,0.7700677536753735,,4.056820173293292,3.21175503252341,0.8450651407698819,2.4993397246176268,,18.124153079057834,1.7974313558565422e-06
2017-07-12,4.185980380304389,1.0953284959418192,,4.056128932768847,3.209798724103051,0.8463302086657962,2.903959344030325,,14.058393800727261,1.799253165568346e-06
2017-07-13,4.091579260314637,1.0624349256888554,,4.05543234144136,3.2078368076615247,0.8475955337798355,2.860880464772594,,14.469563428889309,1.8205105920055528e-06
2017-07-14,3.9162083425359513,1.001780287710754,,4.054730403664523,3.2058692967854996,0.8488611068790237,2.783094656423942,,15.227746403615578,1.8190385747346129e-06
2017-07-17,4.582728571058396,1.229774056355424,-0.31348396242971743,4.054023123825446,3.2038962051003916,0.8501269187250542,3.0661137755446717,-0.3918549530371468,15.622175704442798,1.8137687718477072e-06
2017-07-18,4.091573958989521,1.0608507582051407,,4.053310506344625,3.201917546270261,0.8513929600743637,2.852980994026687,,14.489365522435742,1.8033286877160776e-06
2017-07-19,4.145180382748692,1.0787027015487696,,4.0525925556759175,3.1999333339977243,0.8526592216781932,2.8733117109336863,,14.266216230640381,1.7745208535010467e-06
2017-07-20,4.0768181447777625,1.0547368550253116,,4.051869276306512,3.197943582023855,0.853925694282657,2.8413646508054944,,14.565789312183608,1.7793755310619839e-06
2017-07-21,3.539488112853915,0.8699820953881909,,4.051140672756902,3.195948304128091,0.8551923686288108,2.60842592336333,,16.875223807647615,1.813028189337586e-06
2017-07-24,3.8157162775060725,0.9641616271907647,-0.4905589152061569,4.0504067495808584,3.19394751412814,0.8564592354527183,2.7241495481165963,-0.6131986440076961,15.697979660115442,1.8209759605015863e-06
2017-07-25,4.54983193903053,1.215331218334426,,4.0496675113653975,3.1919412258798783,0.8577262854855192,3.0361052487979108,,15.441640229180324,1.8327238916763048e-06
2017-07-26,3.4765039808832148,0.8468059223744036,,4.048922962730757,3.189929453277263,0.8589935094534935,2.5734368562452676,,17.164925970319956,1.8263803250750703e-06
2017-07-27,3.9483136016318765,1.0080421580461154,,4.048173108330363,3.187912210252226,0.8602608980781365,2.7729649078098704,,15.149473024423559,1.8228241754635319e-06
2017-07-28,4.078158976564942,1.0520335932452285,,4.047417952850803,3.18588951077459,0.8615284420762128,2.8259315023311258,,14.599580084434645,1.839509236096275e-06
2017-07-31,4.82986540491322,1.309234624074988,-0.26051025061667477,4.046657501011796,3.183861368851958,0.8627961321598381,3.1454046489456933,-0.32563781327084346,16.61543280093735,1.8735350723288873e-06
2017-08-01,4.490145534472509,1.1922324518595644,,4.045891757566164,3.181827798529629,0.8640639590365349,2.9971183633540845,,15.152905648244554,1.8992680796462212e-06
2017-08-02,4.027660684631847,1.0331395367536282,,4.0451207272998,3.179788813890488,0.8653319134093116,2.7962132348325235,,14.835755790579649,1.9135607861646294e-06
2017-08-03,4.680785980282452,1.2565416436538661,,4.044344415031642,3.177744429054922,0.8665999859767197,3.073421483622255,,15.956770545673326,1.914644848247291e-06
2017-08-04,3.9665611082289556,1.0111381015398657,,4.043562825613638,3.175694658180713,0.8678681674329245,2.7646172851055453,,15.11077373075168,1.9187417215209053e-06
2017-08-07,4.580461655030486,1.2210919764480808,-0.3192720157012796,4.042775963930721,3.1736395154629395,0.8691364484677813,3.0250044860230405,-0.39909001962659946,15.513649705601008,1.9062501726659038e-06
2017-08-08,3.7532043624684337,0.9369347304892383,,4.041983834900772,3.171579015133886,0.8704048197668857,2.667747428245434,,16.038315868884524,1.8820367051874365e-06
2017-08-09,4.605985888282004,1.228790939814699,,4.041186443474595,3.1695131714629348,0.8716732720116607,3.0305018462313087,,15.609886747683735,1.8635128937943108e-06
2017-08-10,4.089732670955711,1.0512639625434819,,4.040383794635886,3.167441998756477,0.8729417958794095,2.8065219519358293,,14.609200468206478,1.8648144533975328e-06
2017-08-11,3.8734362906669992,0.9765794910870478,,4.039575893401196,3.1653655113578023,0.8742103820433935,2.711089875216612,,15.542756361411904,1.860385322675638e-06
2017-08-14,4.158945344274411,1.0739427664308423,-0.41737148904610516,4.038762744819905,3.1632837236470124,0.8754790211728922,2.8307121816855654,-0.5217143613076314,14.325715419614472,1.8364027918136569e-06
2017-08-15,4.333548388661634,1.1332813015664258,,4.037944353974189,3.161196650040908,0.8767477039332809,2.9027982769989404,,14.416016269580322,1.8362450324709132e-06
2017-08-16,4.064847752370376,1.0406301883369147,,4.037120725978988,3.1591043049929013,0.8780164209860866,2.7848920404140447,,14.742122645788568,1.831447925861733e-06
2017-08-17,4.433424645174536,1.1664744207194389,,4.036291865981974,3.157006702992909,0.8792851629890652,2.940099728892208,,14.830930258992986,1.8126706057494524e-06
2017-08-18,4.037023688891442,1.030040733960312,,4.035457779163522,3.1549038585672498,0.8805539205962725,2.76745477601764,,14.874490825496101,1.8070932579203109e-06
2017-08-21,4.459731908581003,1.174444687271763,-0.3503702084854914,4.034618470736668,3.1527957862785523,0.8818226844581161,2.945851645368256,-0.43796276060686423,14.930558590897038,1.802331388244087e-06
2017-08-22,4.398908684749026,1.153066647444392,,4.03377394594709,3.150682500725644,0.8830914452214458,2.917015810031134,,14.663333093054899,1.7928047773900812e-06
2017-08-23,4.224336633395536,1.092689233435048,,4.032924210073063,3.1485640165434603,0.884360193529603,2.83942555833727,,14.091384582061902,1.8082713609859878e-06
2017-08-24,4.0927039572837725,1.0470341225160862,,4.032069268425436,3.146440348402934,0.8856289200225014,2.780233001548042,,14.662073468548925,1.7780108255604181e-06
2017-08-25,4.301754411155217,1.118184895491832,,4.031209126347587,3.1443115110109017,0.8868976153366854,2.8670426303756917,,14.2273111936479,1.7469528379633959e-06
2017-08-28,4.442830588087518,1.166030449164044,-0.3559797005573041,4.030343789215406,3.142177519109994,0.8881662701054123,2.924715580565049,-0.44497462569663004,14.825380614550548,1.7474413054448482e-06
2017-08-29,4.973397383649485,1.347415898327793,,4.029473262437246,3.14003838747854,0.8894348749587055,3.1493082603882816,,17.092698729097414,1.7493910422803989e-06
2017-08-30,4.5820899641973405,1.2127304506157819,,4.0285975514538945,3.1378941309304644,0.8907034205234301,2.9788071942001917,,15.409130632697272,1.7562058021754975e-06
2017-08-31,4.596413647023774,1.2171187939779011,,4.027716661738544,3.1357447643151777,0.8919718974233661,2.982143256787554,,15.463984924723762,1.7481444763424866e-06
2017-09-01,5.33731996990578,1.4706214633832342,,4.026830598796752,3.1335903025174843,0.8932402962792678,3.296867131746527,,18.632768292290425,1.7341954910527635e-06
2017-09-04,4.438448872248572,1.1619150172121413,-0.3587233218585725,4.0259393681664095,3.1314307604574685,0.894508607708941,2.908824531972645,-0.44840415232321557,14.773937715151765,1.734514880894225e-06
2017-09-05,4.429010482047588,1.1581572213574043,,4.025042975417704,3.1292661530904016,0.8957768223273024,2.901962679787157,,14.726965266967554,1.7280672086660007e-06
2017-09-06,4.507311498330745,1.1844818089185987,,4.024141426153088,3.1270964954066285,0.8970449307464596,2.9326987565548768,,15.056022611482481,1.7527977158791383e-06
2017-09-07,3.909288198413441,0.9789240826894097,,4.023234726007242,3.124921802431471,0.8983129235757712,2.6735769057932335,,15.51344896638238,1.7481274053306472e-06
2017-09-08,4.108579862609231,1.0467318036297493,,4.022322880647037,3.122742089225124,0.8995807914219132,2.7561568437623105,,14.665852454628133,1.747727713090345e-06
2017-09-11,4.088304390862717,1.03925968799692,-0.44049354133538676,4.0214058957715055,3.120557370882542,0.9008485248889637,2.744631980878692,-0.5506169266692333,14.759253900038502,1.7875487318949008e-06
2017-09-12,4.493645756685358,1.1777136772663475,,4.020483777111799,3.118367662533347,0.9021161145784524,2.9155097591162815,,14.971420965829342,1.7848643461201594e-06
2017-09-13,4.207536007494596,1.0790990525334563,,4.019556530431157,3.1161729793417132,0.9033835510894441,2.7900467950085335,,14.261261843331798,1.7942692348777962e-06
2017-09-14,4.318390529532003,1.1165868110569164,,4.018624161524867,3.1139733365062723,0.904650825018595,2.834706850327418,,14.207335138211453,1.8051877670836747e-06
2017-09-15,4.652135638327852,1.2304945544178159,,4.017686676220233,3.111768749259995,0.905917926960238,2.974886942282265,,15.631181930222697,1.8175641531163038e-06
2017-09-18,4.575142412398902,1.2035780886444967,-0.3309479409036689,4.016744080376534,3.109559232870101,0.907184847506433,2.939031843675722,-0.41368492612958613,15.294726108056208,1.8227614158049086e-06
2017-09-19,4.2179493548976605,1.0805934796350505,,4.015796379884992,3.1073448026379387,0.9084515772470532,2.7830866521817517,,14.24258150456187,1.826400664002554e-06
2017-09-20,4.041564371329835,1.0196005883746133,,4.01484358066873,3.105125473898889,0.9097181067698408,2.704626209367156,,15.004992645317333,1.8285077341923799e-06
2017-09-21,4.674918635405125,1.2362329677983828,,4.013885688682741,3.1029012620222582,0.910984426660483,2.9731924717702367,,15.702912097479782,1.819508197247798e-06
2017-09-22,4.549943069213787,1.192866941709184,,4.012922709913848,3.100672182411164,0.9122505275026844,2.916755859547644,,15.1608367713648,1.825302839108298e-06
2017-09-25,3.718398776222635,0.9072491818045543,-0.5285005454636306,4.011954650380664,3.0984382505024386,0.9135163998782256,2.5574997277581315,-0.6606256818295382,16.409385227443074,1.8593997582830118e-06
2017-09-26,4.172491098600294,1.0624215273310065,,4.010981516133558,3.0961994817665137,0.9147820343670445,2.749226390930272,,14.469730908362422,1.880240815938677e-06
2017-09-27,4.34153048909499,1.1198618554420117,,4.010003313254617,3.0939558917073215,0.9160474215472956,2.818783211009836,,14.248273193025144,1.8858622142726872e-06
2017-09-28,4.557694341866405,1.1934595660545237,,4.0090200478576055,3.091707495862178,0.9173125519954275,2.908531953430333,,15.168244575681546,1.9009192645329191e-06
2017-09-29,4.605142068655399,1.2092121793927726,,4.008031726087927,3.0894543098016847,0.9185774162862419,2.9259695340426504,,15.365152242409657,1.8865787611423005e-06
2017-10-02,4.387474969229996,1.1340687201410569,-0.37728751990596215,4.0070383541225905,3.0871963491296115,0.919842004992979,2.8297822493059326,-0.47160939988245265,14.425859001763211,1.8826312512473077e-06
2017-10-03,4.494444524817046,1.170229703763063,,4.006039938170169,3.084933629482798,0.9211063086873708,2.872720759186626,,14.877871297038284,1.899234762826677e-06
2017-10-04,4.313554464137815,1.1076964162853786,,4.0050364844707556,3.0826661665310393,0.9223703179397162,2.7922866868877625,,14.09620520356723,1.925307226868175e-06
2017-10-05,4.056755839177419,1.0191377974183329,,4.004027999295937,3.0803939759769765,0.9236340233189608,2.679316222749893,,15.010777532270842,1.912474126174707e-06
2017-10-06,4.202657370032397,1.0686482730750497,,4.00301448894874,3.078117073555995,0.9248974153927447,2.738927414899807,,14.39189658656188,1.904644663901995e-06
2017-10-09,4.302241407068355,1.1022789423968131,-0.39848070506879135,4.0019959597636,3.075835475036104,0.9261604847274962,2.7786841530321205,-0.4981008813359892,14.028486779960163,1.942892506098906e-06
2017-10-10,4.284949924967332,1.0958384899977693,,4.000972418106322,3.0735491962178423,0.9274232218884797,2.768347308715054,,14.052018875027885,1.945062667678578e-06
2017-10-11,3.6386288804418925,0.8737312514667837,,3.999943870374039,3.071258252934153,0.9286856174398861,2.4884223172676325,,16.828359356665207,1.977739358294724e-06
2017-10-12,4.160950506021768,1.0523019998084684,,3.99891032299517,3.0689626610502883,0.9299476619448819,2.7093401608108736,,14.596225002394148,1.9819201946712273e-06
2017-10-13,4.321230447759451,1.1067446783706982,,3.9978717824293826,3.0666624364636865,0.931209345965696,2.7750932844270593,,14.084308479633728,1.9868128910701145e-06
2017-10-16,4.204566265600062,1.0662356009713159,-0.4225095993524561,3.9968282551675527,3.0643575951038735,0.9324706600636792,2.7221520963180184,-0.5281369991905701,14.422054987858552,1.98185321592212e-06
2017-10-17,4.2181432035830895,1.0703811445386098,,3.9957797477317216,3.0620481529323467,0.933731594799375,2.725024583605609,,14.370235693267379,1.999236526385964e-06
2017-10-18,4.4768127347163045,1.1585589644965506,,3.994726266675058,3.05973412594246,0.9349921407325978,2.8329328315631486,,14.731987056206881,2.0243230914032295e-06
2017-10-19,3.929863394111767,0.970525137554164,,3.9936678185818133,3.057415530159326,0.9362522884224873,2.595571952102031,,15.61843578057295,2.0060554851518357e-06
2017-10-20,3.739164699128755,0.9046349343258547,,3.9926044100672877,3.055092381639689,0.9375120284275988,2.5108860495470076,,16.442063320926817,2.000202236673075e-06
2017-10-23,4.188599499531325,1.0582196250995992,-0.427853583266934,3.9915360477777786,3.0527646964718294,0.9387713513059492,2.7005392278463285,-0.5348169790836674,14.522254686255012,2.017247584863527e-06
2017-10-24,4.579376786556496,1.191693728660215,,3.9904627383905478,3.0504324907754383,0.9400302476151094,2.865049651600707,,15.146171608252684,2.0154007575880195e-06
2017-10-25,4.904056470890942,1.3025063647383968,,3.989384488613774,3.048095780701518,0.941288707912256,3.001228736624514,,16.53132955922996,2.006972953313729e-06
2017-10-26,4.588632275489867,1.193855388691369,,3.9883013051865173,3.045754582432259,0.9425467227542583,2.86307381829647,,15.17319235864211,2.0257975460712316e-06
2017-10-27,3.8024678610731657,0.9238083488157385,,3.987213194878669,3.043408912180938,0.9438042826977311,2.523169348200611,,16.20239563980327,2.0465276992043463e-06
2017-10-30,4.236502707163674,1.0721159312747877,-0.4185893791501417,3.9861201644909143,3.0410587861918006,0.9450613782991137,2.7062037002852852,-0.5232367239376772,14.348550859065156,2.0387722184287186e-06
2017-10-31,4.409122595178817,1.1307961257297836,,3.9850222208546917,3.0387042207399455,0.9463180001147462,2.7771993779021753,,14.384951571622294,2.0431833794811127e-06
2017-11-01,4.382925008779241,1.1213109340308312,,3.983919370832144,3.036345232131221,0.9475741387009227,2.76298389966976,,14.266386675385387,2.0215869030157945e-06
2017-11-02,4.510990480933276,1.164716546353145,,3.9828116213160802,3.033981836702101,0.948829784613979,2.8148775196435323,,14.808956829414312,2.0058611511159668e-06
2017-11-03,4.002730717497917,0.9899541264247088,,3.9816989792299307,3.031614050819584,0.9500849284103468,2.59405670885047,,15.375573419691142,2.008606016699225e-06
2017-11-06,4.34789006091028,1.1077931705060893,-0.39480455299594064,3.9805814515277067,3.0292418908810657,0.951339560646641,2.738983354013677,-0.4935056912449257,14.097414631326114,2.009676207965201e-06
2017-11-07,4.473733250720785,1.1504387395731355,,3.979459045193951,3.0268653733142385,0.9525936718797126,2.7899137977806583,,14.630484244664194,1.9927622342839778e-06
2017-11-08,4.617063500908577,1.1990805143964391,,3.9783317672437,3.024484514576973,0.9538472526667268,2.848335157572522,,15.238506429955489,1.980457677765301e-06
2017-11-09,4.047533821238468,1.003313820006465,,3.977199624722438,3.022099331157198,0.95510029356524,2.601241606165279,,15.208577249919188,1.9620553446981377e-06
2017-11-10,4.210184872120063,1.0585811759308523,,3.976062624706051,3.0197098395727973,0.9563527851332538,2.667936309486363,,14.517735300864347,1.9706000844563827e-06
2017-11-13,3.3861062460153537,0.7755418783911993,-0.6163054144058673,3.974920774300786,3.017316056371484,0.9576047179293021,2.311743404360483,-0.770381768007334,18.05572652011001,1.93649445197717e-06
2017-11-14,4.116381444569559,1.0254245638906672,,3.973774080643204,3.014917998130698,0.9588560825125056,2.621698702994032,,14.93219295136666,1.9194240362722852e-06
2017-11-15,4.15179663919746,1.037070212843475,,3.9726225509001365,3.0125156814574776,0.9601068694426589,2.633853447511821,,14.786622339456564,1.887982287385104e-06
2017-11-16,3.9799339902983375,0.977649859019907,,3.971466192268642,3.010109122988359,0.9613570692802829,2.5571714467632427,,15.529376762251164,1.8955894990137806e-06
2017-11-17,4.396197513660952,1.1198734580279184,,3.9703050119759555,3.0076983393892465,0.9626066725867091,2.7325401619241445,,14.248418225348978,1.8655487942883162e-06
2017-11-20,4.320095007918058,1.093286548154568,-0.40447563456362146,3.9691390172794527,3.005283347355309,0.9638556699241438,2.696891532548519,-0.5055945432045268,14.083918148067902,1.8665481803926484e-06
2017-11-21,3.5503916338269876,0.8288943346906867,,3.9679682154665956,3.0028641636108606,0.965104051855735,2.363982081974219,,17.38882081636642,1.8947682743843143e-06
2017-11-22,4.417982774560534,1.125860956316211,,3.9667926138548917,3.0004408049092377,0.966351808945654,2.7327670003045013,,14.323261953952635,1.9240021202460523e-06
2017-11-23,4.019077925055569,0.9886011043053168,,3.9656122197918466,2.9980132880326975,0.9675989317591491,2.5587646684143435,,15.39248619618354,1.8934570516648373e-06
2017-11-24,4.51541676202798,1.1582826751028619,,3.964427040654921,2.995581629792284,0.9688454108626368,2.7684349736708618,,14.728533438785773,1.8990238149458717e-06
2017-11-27,3.8982097938218283,0.9461778502725602,-0.5025480998182933,3.963237083851479,2.9931458470277312,0.9700912368237478,2.5008681598684315,-0.6281851247728666,15.922776871592998,1.882666703084422e-06
2017-11-28,4.358789950779295,1.1036007846237128,,3.962042356818748,2.990705956607327,0.9713364002114213,2.6952069373869683,,14.04500980779641,1.8630240606619423e-06
2017-11-29,4.250608235348026,1.0660204005336194,,3.9608428670237665,2.9882619754278124,0.9725808915959542,2.6457874760948368,,14.424744993329758,1.8615877952967544e-06
2017-11-30,4.457226583633627,1.1363722261940397,,3.959638621963344,2.985813920414252,0.9738247015490917,2.731279203156802,,14.454652827425495,1.8827517384732465e-06
2017-12-01,4.3962082587119635,1.1149636733181618,,3.9584296291640064,2.983361808519928,0.9750678206440786,2.70206640016763,,14.18704591647702,1.893413580504443e-06
2017-12-04,4.2646777810452114,1.0693802989974255,-0.42041313400171637,3.957215896181955,2.9809056567262155,0.9763102394557395,2.6426310304729976,-0.5255164175021454,14.382746262532182,1.8817365717804993e-06
2017-12-05,3.8177086852705715,0.9156473223146907,,3.955997430603018,2.978445482042464,0.9775519485605542,2.4480046349358275,,16.304408471066367,1.8941882163065309e-06
2017-12-06,3.8397976619851986,0.9227350443846762,,3.9547742400426005,2.975981301505887,0.9787929385367136,2.4544001069867325,,16.215811945191547,1.8567859141668662e-06
2017-12-07,4.1538741546985145,1.0299335673089338,,3.95354633214564,2.973513132181433,0.9800331999642071,2.5859300913176004,,14.875830408638329,1.8447070376142673e-06
2017-12-08,4.356748417444279,1.0990064139284497,,3.9523137145865554,2.971040991161682,0.9812727234248735,2.669799008572244,,14.01241982589438,1.8315369060940658e-06
2017-12-11,4.148169027108903,1.027010246336106,-0.4486598357759294,3.9510763950692045,2.9685648955667103,0.9825114995024942,2.577327703486843,-0.5608247947199116,14.912371920798675,1.8332866507280358e-06
2017-12-12,4.581287033660928,1.1750254316695359,,3.9498343813268297,2.9660848625439877,0.983749518782842,2.7598666521309076,,14.937817895869198,1.830400670165546e-06
2017-12-13,4.266140182269795,1.0664934896945981,,3.948587681122011,2.9636009092682456,0.9849867718537655,2.621717771386493,,14.418831378817526,1.8285286891780505e-06
2017-12-14,4.02751527228431,0.9841984730264588,,3.9473363022466232,2.961113052941367,0.9862232493052563,2.5163611442244407,,15.447519087169265,1.8261121025809334e-06
2017-12-15,4.269335800559206,1.066628444841451,,3.9460802525217793,2.9586213107922665,0.9874589417295128,2.6169068668440802,,14.417144439481865,1.8269370801049631e-06
2017-12-18,4.44711775744145,1.1271031803579863,-0.3819312130946758,3.944819539797786,2.956125700076763,0.988693839721023,2.690004675524246,-0.47741401636834474,14.338789754474828,1.8362987862959401e-06
2017-12-19,4.483171291752524,1.1389861662589502,,3.943554171954092,2.9536262380774714,0.9899279338766207,2.7023589459011594,,14.487327078236877,1.8392281424766357e-06
2017-12-20,5.028286654968872,1.3254054958391757,,3.942284156899245,2.951122942103673,0.991161214795572,2.9328798119026427,,16.817568697989692,1.8349859585802657e-06
2017-12-21,4.138125480955125,1.0197308791995898,,3.941009502570833,2.9486158294912057,0.9923936730796274,2.548279428490693,,15.003364010005129,1.84209325575195e-06
2017-12-22,4.347913461603403,1.091182560609152,,3.939730216935442,2.9461049176023315,0.9936252993331105,2.6350831183637715,,14.1102179923856,1.856304486042988e-06
2017-12-25,4.524159049247913,1.1511348736183313,-0.36591008425444593,3.938446307988604,2.943590223825631,0.994856084162973,2.707508815848545,-0.45738760531805733,14.63918592022914,1.847500127536252e-06
2017-12-26,4.368199717855921,1.0971892448959022,,3.9371577837547447,2.9410717655758662,0.9960860181788784,2.637558321695744,,14.035134438801222,1.8469743584226478e-06
2017-12-27,4.202560878764264,1.0399258224813617,,3.9358646522871363,2.9385495602938767,0.9973150919932596,2.5634568383955787,,14.75092721898298,1.8668564571230658e-06
2017-12-28,3.836914064586456,0.9140891388386909,,3.934566921667846,2.936023625446449,0.9985432962213969,2.4036350489948126,,16.323885764516366,1.8488819984832004e-06
2017-12-29,4.201736176880072,1.0386998529136382,,3.933264600007687,2.9334939785261933,0.9997706214814936,2.556868794668241,,14.766251838579523,1.879627184452447e-06
2018-01-01,4.006103953805799,0.971155710473864,-0.4858961930174241,3.931957695446165,2.9309606370514336,1.0009970583947312,2.4699052751437636,-0.6073702412717801,15.6105536190767,1.8575734816492144e-06
2018-01-02,3.778956294750009,0.8928071982651467,,3.9306462161514286,2.928423618566072,1.0022225975853565,2.3694326163975057,,16.589910021685668,1.8522715944827663e-06
2018-01-03,4.106147162373815,1.0045185389995297,,3.9293301703202195,2.9258829406394824,1.003447229680737,2.5065311143888946,,15.19351826250588,1.8369582244422245e-06
2018-01-04,4.019516047225429,0.9743489935080256,,3.928009566177821,2.9233386208663736,1.0046709453114473,2.4662748627514057,,15.570637581149683,1.8739573181580374e-06
2018-01-05,4.591684081432866,1.170054385435154,,3.926684411978003,2.920790676866681,1.005893735111322,2.7083586586606234,,14.875679817939423,1.8659536399476184e-06
2018-01-08,4.5990988031856554,1.1721310204897153,-0.35191265300685654,3.925354716002975,2.918239126285434,1.0071155897175412,2.7084029018975784,-0.4398908162585706,14.90163775612144,1.8580260989531857e-06
2018-01-09,4.073713986584537,0.9915344852502951,,3.9240204865633346,2.9156839867926405,1.008336499770694,2.4801020933555096,,15.355818934371312,1.8522997004578099e-06
2018-01-10,4.300343983379309,1.0687725643324255,,3.9226817319980096,2.913125276083165,1.0095564559148444,2.5740909814986974,,14.390342945844681,1.854357683261336e-06
2018-01-11,3.7423885067630263,0.8770108805464958,,3.921338460674212,2.910563011876597,1.0107754487976153,2.3318266125597167,,16.787363993168803,1.8493466188239987e-06
2018-01-12,4.2211010386899135,1.0406792059780767,,3.9199906809873823,2.9079972119171407,1.0119934690702417,2.5338462193897366,,14.741509925274041,1.8475979988246283e-06
2018-01-15,4.535107397656712,1.1478778280842816,-0.36808144794381237,3.9186384013611413,2.905427893973481,1.0132105073876603,2.665275179078833,-0.46010180992976546,14.598472851053518,1.7902826758875844e-06
2018-01-16,4.685532813461096,1.1989925467536924,,3.9172816302472313,2.902855075838671,1.0144265544085602,2.726595759280787,,15.237406834421154,1.7916517601576193e-06
2018-01-17,4.1485759818831145,1.0144343501970425,,3.9159203761254657,2.900278775329998,1.0156416007954676,2.493321713076301,,15.06957062253697,1.792386953279924e-06
2018-01-18,4.767626638940748,1.2262225832633025,,3.914554647503681,2.8976990102888696,1.0168556372148116,2.755477239367998,,15.57778229079128,1.809671512804615e-06
2018-01-19,3.8703172916614097,0.9181169694183835,,3.9131844529176756,2.895115798580685,1.0180686543369908,2.367762010353664,,16.273537882270208,1.8315761726925235e-06
2018-01-22,3.965468790375264,0.9502846641027449,-0.49981022393150343,3.911809800931161,2.892529158094709,1.0192806428364518,2.4053849882231404,-0.6247627799143792,15.871441698715689,1.8289417486353624e-06
2018-01-23,4.651846238722206,1.1851594238765453,,3.9104307001357066,2.8899391067439573,1.0204915933917493,2.6963883865896388,,15.064492798456815,1.8428874020344467e-06
2018-01-24,4.989680071592005,1.3005345474275898,,3.90904715915069,2.88734566246506,1.0217014966856302,2.838013846749547,,16.50668184284487,1.8251633006911187e-06
2018-01-25,4.5788088639058335,1.1592118385820436,,3.9076591866232366,2.8847488432181505,1.0229103434050861,2.658763641445705,,14.740147982275543,1.8382711617841004e-06
2018-01-26,4.3933048102750645,1.0951589136159186,,3.906266791228169,2.8821486669867276,1.0241181242414417,2.576097309006626,,14.060513579801018,1.8292814907589044e-06
2018-01-29,3.6404242433914904,0.8365779504173351,-0.5756146997217767,3.9048699816679573,2.879545151777545,1.0253248298904123,2.250267589799214,-0.7195183746522209,17.292775619783313,1.8103333227544825e-06
2018-01-30,3.7021929063267054,0.8573063532747826,,3.903468766672654,2.8769383156204724,1.0265304510521815,2.2735712572139506,,17.03367058406522,1.8077639348491686e-06
2018-01-31,4.456650427887678,1.1155291444275044,,3.902063154999849,2.8743281765683837,1.0277349784314653,2.5937396071027643,,14.194114305343803,1.831151380098511e-06
2018-02-01,4.287339743076097,1.0570324796514592,,3.9006531554346098,2.871714752697025,1.0289384027375847,2.518005352261349,,14.537094004356762,1.8345954395553513e-06
2018-02-02,4.026920805245727,0.967299778141746,,3.8992387767894305,2.869098062104886,1.0301407146845447,2.403222784782068,,15.658752773228176,1.859936563729321e-06
2018-02-05,4.4381977987314505,1.1078639096996061,-0.39475739353359596,3.897820027904173,2.866478122913085,1.0313419049910881,2.5763080100375926,-0.49344674191699495,14.098298871245076,1.84790725855815e-06
2018-02-06,4.456852466174387,1.1138157641009372,,3.8963969176460123,2.8638549532652315,1.0325419643807807,2.581124658391403,,14.172697051261714,1.8658830888971774e-06
2018-02-07,4.748393930147084,1.213329904224833,,3.8949694549093823,2.8612285713273136,1.0337408835820687,2.702890951608355,,15.41662380281041,1.8554272756307458e-06
2018-02-08,4.466947841218625,1.1163922739615242,,3.8935376486159226,2.858598995287558,1.0349386533283647,2.5790893377394633,,14.20490342451905,1.8596586787668627e-06
2018-02-09,4.8503604954191815,1.2474073242001262,,3.892101507714416,2.8559662433563173,1.0361352643580988,2.740225398606475,,15.842591552501577,1.8637547026341313e-06
2018-02-12,4.4245025404988425,1.1009592835458577,-0.39936047763609495,3.8906610411807385,2.8533303337659324,1.0373307074148062,2.5545294381982546,-0.49920059704511865,14.01199104432322,1.875352301507372e-06
2018-02-13,4.3826162659785535,1.0861598006231197,,3.8892162580178034,2.8506912847706154,1.038524973247188,2.5333910355495153,,14.173002492211005,1.8800590792647966e-06
2018-02-14,4.796768364783369,1.2277174623496618,,3.8877671672554985,2.8480491146463205,1.039718052609178,2.707695942583398,,15.596468279370773,1.8680601521411384e-06
2018-02-15,4.0830770595798755,0.9825870943950279,,3.8863137779506376,2.8454038416906107,1.040909936260027,2.3986377096843956,,15.467661320062152,1.8833899221862713e-06
2018-02-16,5.411856907976334,1.4377336943919394,,3.884856099186897,2.8427554842225438,1.0421006149643532,2.964922602212468,,18.221671179899243,1.9134506068548347e-06
2018-02-19,4.559405993400459,1.1450308973800083,-0.36997940174666116,3.8833941400747674,2.8401040605825307,1.0432900794922366,2.5963926823075414,-0.4624742521833264,14.562886217250103,1.9038991771051102e-06
2018-02-20,4.562618317492805,1.1456995103405208,,3.8819279097514867,2.8374495891322247,1.044478320619262,2.594573977057876,,14.57124387925651,1.8731788231268145e-06
2018-02-21,4.614370480424526,1.163011516876712,,3.8804574173809887,2.834792088254378,1.045665329126611,2.6135564843502674,,14.787643960958896,1.8820860621201696e-06
2018-02-22,5.088840055390231,1.3252563770397972,,3.8789826721538483,2.8321315763527277,1.0468510958011206,2.813702047652474,,16.815704712997462,1.8769538039239743e-06
2018-02-23,4.710471852984177,1.195100889400713,,3.877503683287217,2.829468071851859,1.048035611435358,2.64834418360275,,15.18876111750891,1.8752091876447221e-06
2018-02-26,3.872573187986324,0.9073932825195292,-0.5284044783203139,3.8760204600247707,2.826801593197085,1.0492188668276858,2.2860431963464967,-0.6605055979003924,16.407583968505886,1.8850904799937563e-06
2018-02-27,4.92680247044035,1.2684164461721006,,3.874533011636649,2.8241321588543142,1.0504008527823347,2.73465271656944,,16.105205577151256,1.8778326909685255e-06
2018-02-28,4.317515603077133,1.059092410466598,,3.873041347419401,2.8214597873099203,1.0515815601094807,2.470325300393168,,14.511344869167527,1.8737628346684011e-06
2018-03-01,4.4755717480985595,1.1128586087407188,,3.8715454766959225,2.818784497070625,1.0527609796252975,2.534857757996524,,14.160732609258986,1.8725432703657174e-06
2018-03-02,3.991563127361526,0.9464895233389681,,3.8700454088154,2.8161063066633543,1.0539391021520457,2.3242182108370644,,15.9188809582629,1.897951847849508e-06
2018-03-05,4.624703729017995,1.1631442421748677,-0.35790383855008834,3.8685411531532545,2.813425234635126,1.0551159185181285,2.5923555373537104,-0.4473797981876104,14.789303027185843,1.8989402290240547e-06
2018-03-06,4.213779468026328,1.0218350851918938,,3.867032719111078,2.8107412995529066,1.0562914195581712,2.413035156042774,,14.977061435101328,1.8784085344953359e-06
2018-03-07,4.478043713389129,1.112020356559217,,3.865520116116578,2.8080545200034974,1.0574655961130808,2.5230799657025185,,14.150254456990211,1.8587644407049223e-06
2018-03-08,4.34476996431811,1.0659081193567062,,3.8640033536235183,2.80536491459339,1.0586384390301284,2.4627500637892727,,14.426148508041175,1.8615603931910446e-06
2018-03-09,5.119175760415035,1.3310015362083023,,3.86248244111166,2.8026725019486523,1.0598099391630078,2.79142442220903,,16.887519202603777,1.8431944954247068e-06
2018-03-12,5.1404254179837165,1.3378712360174707,-0.24141917598835286,3.8609573880867023,2.7999773007147915,1.0609800873719109,2.79731634573663,-0.30177396998544104,16.973390450218385,1.817913606973435e-06
2018-03-13,4.464123307201109,1.1055815804257692,,3.85942820408022,2.7972793295566225,1.0621488745235976,2.504256305088834,,14.069769755322111,1.8287986897922373e-06
2018-03-14,4.471441614975869,1.1076773253642627,,3.857894898649608,2.7945786071581487,1.0633162914914593,2.504175263863477,,14.095966567053281,1.8405598345540519e-06
2018-03-15,4.319546411986844,1.0551868440380583,,3.856357481378022,2.7918751522224188,1.0644823291556031,2.4358587072699915,,14.560164449524272,1.8349304051684825e-06
2018-03-16,4.838551984507586,1.2327207549803345,,3.854815961874314,2.7891689834714137,1.0656469784029001,2.655069927196832,,15.659009437254179,1.8402464227641334e-06
2018-03-19,4.337522440470614,1.0605296155599948,-0.4263135896266702,3.853270349772975,2.7864601196458993,1.0668102301270754,2.437122139095893,-0.5328919870333377,14.493379805500066,1.8438256722992216e-06
2018-03-20,4.30636722422847,1.049439527042516,,3.851720654734077,2.783748579505311,1.067972075228766,2.4205479883084564,,14.632005911968548,1.8543131488679996e-06
2018-03-21,4.797529892949379,1.2174311436397958,,3.8501668864432084,2.7810343818276193,1.069132504615589,2.627823311377364,,15.467889295497447,1.864899392267706e-06
2018-03-22,4.26780105510207,1.0354041085620023,,3.8486090546114164,2.778317545409192,1.0702915092022245,2.397572681111695,,14.807448642974974,1.8221279277493153e-06
2018-03-23,4.444171034181124,1.0954693958661763,,3.847047168975143,2.7755980890646788,1.0714490799104643,2.4699348338973994,,14.056632551672795,1.8186428180810318e-06
2018-03-26,3.90510227301437,0.910242706218681,-0.5265048625208795,3.8454812392961712,2.7728760316268652,1.072605207669306,2.2356794144002166,-0.6581310781510993,16.37196617226649,1.8275963914959234e-06
2018-03-27,4.706199592778597,1.18450284141478,,3.8439112753615547,2.7701513919465572,1.0737598834149975,2.5757799437150326,,15.056285517684751,1.8213127766714439e-06
2018-03-28,5.140204483942422,1.3329040327018244,,3.8423372869835624,2.7674241888924365,1.074913098091126,2.7585542297697168,,16.911300408772803,1.8223618338375384e-06
2018-03-29,4.714494159473667,1.1865470447359752,,3.8407592839996183,2.764694441350943,1.0760648426486754,2.572878247270912,,15.081838059199688,1.8351746801616995e-06
2018-03-30,4.974855334699737,1.2754159001056766,,3.839177276272235,2.7619621682261313,1.0772151080461039,2.6812320433582273,,16.192698751320957,1.8369709598144522e-06
2018-04-02,4.168246331595147,0.9984677436587204,-0.46768817089418646,3.8375912736889557,2.7592273884395517,1.078363885249404,2.332312068012952,-0.5846102136177331,15.269153204265997,1.8625365074201924e-06
2018-04-03,4.548248120193433,1.1283589138433843,,3.8360012861622903,2.7564901209301125,1.0795111652321778,2.4919387632343426,,14.354486423042301,1.8819945562969923e-06
2018-04-04,4.136577262158523,0.9868208090756734,,3.834407323629658,2.7537503846539457,1.0806569389757121,2.3122763959985373,,15.414739886554084,1.8804574491751293e-06
2018-04-05,4.388109963925171,1.072668134530239,,3.832809396053318,2.7510081985842874,1.0818011974690305,2.416843366747086,,14.341648318372014,1.8775780137734957e-06
2018-04-06,4.739242629196477,1.1926653772823006,,3.831207513420311,2.7482635817113303,1.0829439317089808,2.564095303314206,,15.158317216028758,1.8304827663102292e-06
2018-04-09,4.505742555132996,1.112218473572396,-0.39185435095173615,3.8296016857424013,2.7455165530421097,1.0840851327002916,2.4607896450076048,-0.48981793868967016,14.152730919654948,1.8255680867675652e-06
2018-04-10,3.9768137154239485,0.9304830772878535,,3.8279919230560053,2.7427671316003552,1.08522479145565,2.2308709782101723,,16.11896153390183,1.8039195025219125e-06
2018-04-11,4.012106606791108,0.9421965073354697,,3.8263782354221343,2.740015336426374,1.0863628989957603,2.242760970595711,,15.97254365830663,1.8079667383328284e-06
2018-04-12,3.9900841090128827,0.9342603282211073,,3.82476063292633,2.7372611865769048,1.0874994463494252,2.230086596853289,,16.071745897236163,1.8109085873006857e-06
2018-04-13,4.646620537091802,1.1589743107927508,,3.8231391256786047,2.7345047011249983,1.0886344245536064,2.508222589615937,,14.737178884909385,1.822740983535826e-06
2018-04-16,5.198091801366453,1.3476673442788003,-0.23488843714746657,3.8215137238133723,2.73174589915988,1.0897678246534923,2.7413300795083804,-0.29361054643433315,17.095841803485,1.8462590142441227e-06
2018-04-17,4.953701603738269,1.2634949892800256,,3.8198844374893888,2.7289847997868115,1.0908996377025773,2.6333535363868434,,16.04368736600032,1.846284077625827e-06
2018-04-18,3.814354807809399,0.8724817761024724,,3.818251276889688,2.7262214221269727,1.0920298547627154,2.1418236422550634,,16.843977798719095,1.8850394692087878e-06
2018-04-19,4.9764305033314615,1.2705291125683742,,3.8166142522215205,2.723455785317313,1.0931584669042076,2.6366171760277806,,16.131613907104676,1.8894595244197853e-06
2018-04-20,4.807894240447127,1.2123680500417577,,3.814973373716284,2.7206879085104343,1.0942854652058496,2.5611479710626317,,15.40460062552197,1.8677768525412066e-06
2018-04-23,3.9403951387556684,0.9145640065365492,-0.5236239956423007,3.813328651629462,2.717917810874444,1.0954108407550183,2.1861228190451305,-0.6545299945528757,16.317949918293138,1.8588169330237614e-06
2018-04-24,4.376221418541191,1.0636158059947405,,3.8116800962405657,2.7151455115928367,1.096534584647729,2.369665269086262,,14.454802425065747,1.8530547759243292e-06
2018-04-25,4.866862516461108,1.2314626893794973,,3.810027717853058,2.7123710298643458,1.0976566879887124,2.5766993915887175,,15.643283617243714,1.8634221296164326e-06
2018-04-26,4.677164896570991,1.1660520213121743,,3.8083715267943004,2.7095943849028243,1.098777141891476,2.4921594115430423,,14.825650266402178,1.8480654750175365e-06
2018-04-27,4.027409185944781,0.9429085937134418,,3.806711533415479,2.7068155959371065,1.0998959374783723,2.210451338078909,,15.963642578581979,1.8435768408176562e-06
2018-04-30,4.7004272706107635,1.1732890586955433,-0.3511406275363045,3.80504774809155,2.7040346822108683,1.1010130658806818,2.495646005580298,-0.43892578442038055,14.916113233694292,1.841367049274311e-06
2018-05-01,3.7396131286169094,0.8434999284703295,,3.803380181221165,2.7012516629825076,1.1021285182386573,2.0806265735704197,,17.20625089412088,1.8344141570242418e-06
2018-05-02,4.410817140414078,1.0732613389091348,,3.801708843226611,2.6984665575249958,1.103242285701615,2.365043231161414,,14.334233263635817,1.8483214603355875e-06
2018-05-03,4.88815206364651,1.236554812328006,,3.8000337445537458,2.69567938512576,1.1043543594279859,2.566372900535767,,15.706935154100073,1.859485433855559e-06
2018-05-04,4.497363174262883,1.1022073058685584,,3.7983548956719306,2.6928901650865322,1.1054647305853984,2.3956492974222305,,14.02759132335698,1.8795810480051487e-06
2018-05-07,4.317350757160773,1.0401274940045666,-0.4399150039969557,3.7966723070739654,2.690098916723234,1.1065733903507313,2.315258284228942,-0.5498937549961946,14.748406324942918,1.8744582391886523e-06
2018-05-08,4.8042994700931425,1.206721550452682,,3.7949859892760216,2.6873056593658253,1.1076803299101963,2.5207075974316777,,15.334019380658525,1.895328978090112e-06
2018-05-09,4.835236463445943,1.2169702178103898,,3.7932959528175836,2.6845104123581844,1.1087855404593991,2.5307231846211717,,15.462127722629873,1.8726723088197216e-06
2018-05-10,4.953627917370094,1.2572047631440342,,3.791602208261371,2.681713195057968,1.1098890132034032,2.5782191489880106,,15.965059539300425,1.8498804108151501e-06
2018-05-11,4.802170205937215,1.2049210914135666,,3.7899047661932816,2.6789140268364715,1.1109907393568101,2.5100653911034296,,15.311513642669581,1.8302394019291496e-06
2018-05-14,4.875663484056274,1.2297649752724578,-0.3134900164850283,3.7882036372223253,2.6761129270785102,1.112090710143815,2.5383191461690826,-0.39186252060628535,15.62206219090572,1.8308487996351676e-06
2018-05-15,4.754727855296162,1.1879490268925041,,3.786498831980551,2.673309915182266,1.113188916798285,2.4832461987978967,,15.099362836156303,1.8512314889002205e-06
2018-05-16,4.5921680300155145,1.1318634378939767,,3.784790361122986,2.670505010559172,1.1142853505638137,2.410334307926643,,14.398292973674709,1.8416866485725385e-06
2018-05-17,4.531579868855556,1.1107410799716577,,3.783078235327566,2.6676982326337595,1.1153800026938065,2.3811245825983316,,14.134263499645721,1.834260802524064e-06
2018-05-18,4.418225091779602,1.0715288337083118,,3.7813624652950746,2.664889600843542,1.1164728644515325,2.329300642978932,,14.355889578646103,1.8311558991587695e-06
2018-05-21,4.077946908826218,0.954515804832833,-0.49698946344477807,3.7796430617490677,2.662079134638863,1.1175639271102047,2.1802238906799043,-0.6212368293059726,15.818552439589588,1.8410809269793766e-06
2018-05-22,4.168922129713458,0.985362618941623,,3.7779200354358116,2.6592668534827753,1.1186531819530363,2.215970127159804,,15.432967263229713,1.8336421442768378e-06
2018-05-23,4.4055769491242085,1.066158262167775,,3.7761933971242145,2.6564527768509008,1.1197406202733138,2.3141506045606195,,14.423021722902815,1.8253166504816517e-06
2018-05-24,4.58978663245579,1.1289742591522915,,3.7744631576057617,2.6536369242312903,1.1208262333744714,2.389854748171655,,14.362178239403644,1.8037988653693585e-06
2018-05-25,5.010554628743091,1.2728975117605117,,3.772729327694444,2.6508193151243002,1.1219100125701438,2.56694120482494,,16.161218897006396,1.7949899655939498e-06
2018-05-28,4.492628501912865,1.0949843326549387,-0.40334377823004103,3.7709919182266916,2.6479999690424445,1.122991949184247,2.3417303848611177,-0.5041797227875513,14.06269584181327,1.8145664841925788e-06
2018-05-29,4.859457000480017,1.2204171549053198,,3.76925094006131,2.645178905510272,1.124072034551038,2.495700349141922,,15.505214436316496,1.8165060832867933e-06
2018-05-30,4.886978985665507,1.2295178787718546,,3.767506404079406,2.64235614406422,1.125150260015186,2.5042534925290383,,15.618973484648182,1.804901881426375e-06
2018-05-31,4.429185759732003,1.0722263842773452,,3.7657583211843235,2.6395317042524877,1.1262266169318358,2.3048146845991693,,14.347170196533186,1.8255503929435155e-06
2018-06-01,4.719302757276008,1.1713628253644222,,3.7640067023015744,2.6367056056348988,1.1273010966666757,2.4259091373404265,,14.892035317055276,1.816414685619063e-06
2018-06-04,4.426890810095696,1.0707766349930168,-0.41948224333798895,3.7622515583787735,2.6338778677827572,1.1283736905960162,2.2973486615240284,-0.5243528041724862,14.365292062587292,1.8402367014472696e-06
2018-06-05,4.97583301179254,1.2586563072894172,,3.7604929003855623,2.631048510278729,1.1294443901068334,2.5293688943905006,,15.983203841117716,1.8640968409984465e-06
2018-06-06,4.736585809987985,1.176301200591912,,3.7587307393135476,2.628217552716686,1.1305131865968616,2.423594053456576,,14.953765007398898,1.8655030952355352e-06
2018-06-07,4.098321874617923,0.9571419494373974,,3.7569650861762316,2.6253850147015916,1.13158007147464,2.1468124514983384,,15.785725632032532,1.8409722469119918e-06
2018-06-08,4.572470704549409,1.1193829582584618,,3.7551959520089406,2.6225509158493434,1.1326450361595972,2.3467796136724206,,14.24228697823077,1.879769819046266e-06
2018-06-11,5.093717546851008,1.2977734594188657,-0.26815102705408966,3.7534233478687566,2.6197152757866586,1.133708072082098,2.5669321000602405,-0.335188783817612,16.47216824273582,1.8868048014343164e-06
2018-06-12,4.454383954495498,1.078252275854396,,3.751647284834448,2.6168781141509174,1.1347691706835308,2.2896934589689124,,14.271846551820051,1.881783192518159e-06
2018-06-13,4.6754469020974945,1.1537258036114082,,3.7498677740064075,2.614039450590045,1.1358283234163626,2.3811967051043053,,14.671572545142602,1.8985206643271884e-06
2018-06-14,4.710731344569105,1.1655054605286974,,3.7480848265065685,2.6111993047623665,1.136885521744202,2.3930811304232384,,14.818818256608719,1.911036395361236e-06
2018-06-15,4.1577781175531605,0.9756052521002481,,3.746298453478347,2.6083576963364665,1.1379407571418803,2.152864261461777,,15.554934348746901,1.9342006791299946e-06
2018-06-18,4.700261552845379,1.1612849539056218,-0.3591433640629189,3.7445086660865705,2.6055146449910667,1.1389940210955039,2.382120837373094,-0.4489292050786486,14.76606192382027,1.92318569136932e-06
2018-06-19,4.034584349653403,0.932739781755845,,3.7427154755174037,2.6026701704148727,1.140045305102531,2.093594897609679,,16.09075272805194,1.9291881872003387e-06
2018-06-20,4.304366328250744,1.0249251072318326,,3.7409188929782813,2.5998242923064545,1.1410946006718268,2.205980676346245,,14.938436159602094,1.9091850086623684e-06
2018-06-21,4.900741133687147,1.229086756099303,,3.7391189296978378,2.596977030374094,1.1421418993237435,2.458335475498223,,15.613584451241287,1.9211490364563785e-06
2018-06-22,4.650001329829438,1.142810754837003,,3.7373155969258396,2.594128404335664,1.1431871925901755,2.347641847881918,,14.535134435462536,1.921232592259718e-06
2018-06-25,4.419463118960056,1.063462663070417,-0.42435822461972217,3.7355089059331097,2.5912784339184767,1.144230472014633,2.245606762756498,-0.5304477807746527,14.45671671161979,1.926579283680332e-06
2018-06-26,4.683180609628733,1.1535753225494225,,3.7336988680114613,2.5884271388591595,1.1452717291523018,2.355396292045938,,14.66969153186778,1.9245244359939468e-06
2018-06-27,4.5067710299225485,1.0927889302693843,,3.731885494473623,2.585574538903514,1.146310955570109,2.2765607017402445,,14.090138371632698,1.9206621408176104e-06
2018-06-28,4.533085007748401,1.10150942028222,,3.730068796653178,2.582720653806372,1.147348142846806,2.284607429159147,,14.01886775352775,1.9061889050124806e-06
2018-06-29,4.759443369404084,1.1788182232064166,,3.7282487859044786,2.5798655033314732,1.1483832825730054,2.378388282339494,,14.985227790080206,1.9202776461649246e-06
2018-07-02,4.275847653852278,1.0127158711209043,-0.4581894192527306,3.7264254736025855,2.5770091072513126,1.1494163663512729,2.167903946152443,-0.5727367740659132,15.091051610988698,1.9466834297215677e-06
2018-07-03,4.545408695100127,1.1048403686665629,,3.724598871143198,2.5741514853470187,1.1504473857961792,2.2802019461802225,,14.060504608332035,1.9374392057256736e-06
2018-07-04,4.445523441035632,1.071061149980535,,3.7243689899425725,2.5734259907415353,1.1509429992010372,2.226585761550538,,14.553735625243313,1.94735227349818e-06
2018-07-05,4.02337757056486,0.926794261714636,,3.724135841437463,2.5726993098994986,1.1514365315379642,2.0348588037094606,,16.54907172856705,1.9547957818408417e-06
2018-07-06,4.2796957534051,1.0151453092500842,,3.723899437085038,2.571971462627086,1.1519279744579518,2.1339030991896912,,15.63668363437395,1.954579288158892e-06
2018-07-09,5.174239102300793,1.3223181069809933,-0.25534348423489345,3.7236597883628226,2.5712424687385576,1.152417319624265,2.5064734357981324,-0.31971268862695007,16.693643003929083,1.9277873339957763e-06
2018-07-10,4.783526632489401,1.1888334644168947,,3.7234169067686134,2.570512348056115,1.1529045587124984,2.3282208452439,,15.003751638544516,1.9047672191536263e-06
2018-07-11,4.209119229844795,0.9923694038318334,,3.7231708038204134,2.5697811204097567,1.1533896834106567,2.0712428751995486,,16.497382452102084,1.8901367760881259e-06
2018-07-12,4.156747790781642,0.9748908082315242,,3.722921491056363,2.569048805637155,1.1538726854192078,2.037995649259894,,16.90786489710595,1.8524713628621698e-06
2018-07-13,4.680106156047389,1.1548069986533966,,3.722668980034659,2.5683154235835035,1.1543535564511553,2.251490838566916,,14.850912516832542,1.8747193490175963e-06
2018-07-16,5.289265506014969,1.364142383981178,-0.23190507734588142,3.72241328233349,2.567580994101394,1.1548322882320958,2.5017589740778665,-0.29108134668235175,17.109779799764723,1.880077466401708e-06
2018-07-17,4.700966557967753,1.162922357156811,,3.7221544095509578,2.5668455370506638,1.155308872500294,2.238831816830011,,15.133470535539862,1.8776923132832328e-06
2018-07-18,5.247258409959246,1.3507066130751488,,3.7218923733050153,2.566109072298276,1.1557833010067395,2.4621590053088784,,16.89916599677269,1.8397777827502258e-06
2018-07-19,4.936455960563273,1.244631692498239,,3.7216271852333818,2.5653716197181615,1.1562555655152202,2.3181612353409604,,15.551896156227986,1.807875816839436e-06
2018-07-20,5.001684427014398,1.2674833882748406,,3.721358856993474,2.564633199191101,1.1567256578023728,2.3353207678679855,,15.816209020102175,1.8057659820732785e-06
2018-07-23,4.392706104153057,1.0591802055501183,-0.4396576407443656,3.7210874002623413,2.563893830604577,1.1571935696577644,2.0635357542088917,-0.5514387175971236,17.19824743062352,1.8345342035666609e-06
2018-07-24,5.211797748555013,1.3405027506099711,,3.7208128267365796,2.5631535338526312,1.1576592928839484,2.403781972115095,,16.686284382624635,1.820894421345834e-06
2018-07-25,4.789889872638324,1.1963414888605006,,3.7205351481322686,2.5624123288357414,1.1581228192965272,2.2121725232447007,,15.867731389243744,1.8317816976222327e-06
2018-07-26,5.232644708790067,1.3486377610999758,,3.7202543761848914,2.561670235460668,1.1585841407242232,2.3911341035023046,,16.74530534708303,1.8213377259842883e-06
2018-07-27,4.669044013741452,1.1558996021616665,,3.719970522649269,2.5609272736403312,1.159043249008938,2.1388017763424143,,16.75725497297917,1.8180556341274287e-06
2018-07-30,5.03940681808663,1.2833792550345229,-0.294636052199207,3.71968359929948,2.5601834632936553,1.1595001360058248,2.286740865420142,-0.37082839858234207,15.8869073545982,1.834477054120104e-06
2018-07-31,5.124071489587898,1.3129070211391827,,3.719393617928787,2.5594388243454502,1.1599547935833368,2.312239267436095,,16.234671097573113,1.8251891527340508e-06
2018-08-01,4.9703845630843855,1.260716002010896,,3.7191005903495675,2.558693376726261,1.1604072136233063,2.235588379239881,,16.0230499748638,1.8096191778586115e-06
2018-08-02,5.189307657337653,1.3362787565036722,,3.7188045283932403,2.55794714037223,1.1608573880210105,2.3186289193351537,,16.48415112296257,1.8289213966206662e-06
2018-08-03,4.977893315853945,1.2642990176435656,,3.7185054439101846,2.557200135224966,1.1613053086852188,2.2172405739460896,,16.36226227945543,1.8247865522417049e-06
2018-08-06,4.8673716564862675,1.2269128296350467,-0.3367247802433023,3.7182033487696717,2.5564523812313977,1.161750967538274,2.159093418275206,-0.4241059753041279,17.02158962956192,1.8371922775709436e-06
2018-08-07,5.679866846373411,1.5059913392686093,,3.7178982548597914,2.555703898343645,1.1621943565161463,2.49652640576274,,18.541558407524278,1.8228323949054788e-06
2018-08-08,5.508481061508809,1.44774101063004,,3.7175901740873742,2.5549547065188687,1.1626354675685056,2.412297636473085,,17.79209596620883,1.84210491656891e-06
2018-08-09,4.898439586097622,1.2390962305942188,,3.7172791183779186,2.5542048257191468,1.1630742926587718,2.1400751139619203,,17.445297117572263,1.840125391823354e-06
2018-08-10,5.387087224330635,1.4071466500046867,,3.7169650996755146,2.553454275911321,1.1635108237641938,2.3387209217505127,,17.241999791725252,1.8423855824574005e-06
2018-08-13,4.951578359968661,1.2583452041025285,-0.32021430837609227,3.7166481299427767,2.5527030770668704,1.1639450528759063,2.141301248861698,-0.40413455213678195,17.5886849487184,1.837565448254741e-06
2018-08-14,4.8202553361922975,1.2138378427605212,,3.7163282211607567,2.5519512491617715,1.1643769719989852,2.0742485526124232,,18.337026965493486,1.8213801666354607e-06
2018-08-15,5.620102018404806,1.4885904663012106,,3.7160053853288777,2.551198812176349,1.1648065731525286,2.406270228386196,,18.1960474954318,1.816595268562326e-06
2018-08-16,4.6852023370007965,1.1685747115889782,,3.7156796344648604,2.550445786095155,1.1652338483697053,1.9948308422480443,,19.286816105137778,1.8002697960597826e-06
2018-08-17,5.629399997030552,1.492822709629185,,3.715350980604639,2.5496921909068115,1.1656587896978277,2.388720577943293,,18.20628387036481,1.8106358612411518e-06
2018-08-20,5.239905558114666,1.3598066558245665,-0.2570177850058447,3.715019435802295,2.548938046603892,1.166081389198403,2.2110296997179333,-0.32580556459063914,17.28041680219292,1.8000085929242114e-06
2018-08-21,5.277669705382699,1.3732810742970032,,3.7146850121299755,2.548183373182763,1.1665016389472127,2.2164513827206838,,17.303986571287457,1.7685772860720434e-06
2018-08-22,5.518471290836203,1.4563701463547947,,3.7143477216778242,2.5474281906434633,1.166919531034361,2.308890873586957,,17.686626829434935,1.7356534621717953e-06
2018-08-23,5.601819984165493,1.4854771907726438,,3.7140075765539,2.5466725189895505,1.1673350575643493,2.3338523407886886,,18.029131551324713,1.7027199854329497e-06
2018-08-24,5.132517002578472,1.3251054854471978,,3.7136645888841007,2.5459163782279743,1.1677482106561263,2.121964901703638,,18.48218143191003,1.703425697478402e-06
2018-08-27,5.696272460621888,1.5189270730500077,-0.15538195129999494,3.713318770812096,2.5451597883689336,1.1681589824431624,2.3528186296814435,-0.19942743912499367,18.404588413125094,1.6796647760403403e-06
2018-08-28,5.508074227715588,1.4549377978963602,,3.7129701344992427,2.544402769425732,1.1685673650735109,2.2614083501295155,,17.583389140371168,1.6767643194932377e-06
2018-08-29,5.052096052752905,1.2991400915225022,,3.7126186921245097,2.543645341414651,1.1689733507098587,2.0552371224844452,,19.38274885596872,1.6687115806566213e-06
2018-08-30,5.455574491181427,1.4380150619704315,,3.7122644558844047,2.5428875243547986,1.169376931529606,2.217406351817838,,17.83881172536961,1.659454913856465e-06
2018-08-31,6.021788175789634,1.6326868152004046,,3.7119074379929002,2.5421293382679844,1.1697780997249159,2.4493211906018235,,19.741251856671724,1.6604832869828834e-06
2018-09-03,6.148453279855577,1.6766580424561504,-0.05467241614034429,3.711547650681351,2.541370803178565,1.1701768475027858,2.4928600229154196,-0.07420718684209701,20.26955886403521,1.65776553627919e-06
2018-09-04,5.836016251537511,1.5700818149130413,,3.7111851061984216,2.5406119391133233,1.1705731670850983,2.348214207754625,,18.916022686413015,1.6109013766313663e-06
2018-09-05,5.191617862842898,1.3496921147531291,,3.7108198168100057,2.5398527661013106,1.1709670507086951,2.061301242876055,,19.71084856558589,1.5954424593486597e-06
2018-09-06,5.80323888403421,1.5599394949613734,,3.71045179479916,2.5390933041737256,1.1713584906254346,2.312684339542109,,18.746577020350497,1.5939288192411204e-06
2018-09-07,5.95261075194666,1.6117033084631032,,3.7100810524660135,2.5383335733637664,1.171747479102247,2.3659627089426456,,19.37229135578879,1.6104981985011645e-06
2018-09-10,5.932084771010392,1.60521829133158,-0.10674336133450227,3.7097076021276982,2.537573593706488,1.1721340084212102,2.3464297912042964,-0.13996253500146114,19.26989530831142,1.6274916233973703e-06
2018-09-11,5.9760930839375215,1.620861181309217,,3.7093314561182753,2.536813385238676,1.1725180708795993,2.354556528541864,,19.444098099698543,1.6001033153731534e-06
2018-09-12,5.851767822520113,1.578791569509704,,3.7089526267886486,2.5360529679986934,1.1728996587899552,2.2905424298858232,,18.896894618871297,1.5865228097855066e-06
2018-09-13,5.722542635042675,1.535043852673668,,3.708571126506496,2.5352923620263565,1.1732787644801395,2.224430511201775,,18.54595184157915,1.5548191929854357e-06
2018-09-14,5.558214077085015,1.4792625671581845,,3.708186967656186,2.53453158736278,1.1736553802934058,2.1432764629771777,,19.435217910522695,1.5652857636086707e-06
2018-09-17,5.130115545647927,1.3330477377798204,-0.29263484148011976,3.707800162638707,2.5337706640502566,1.1740294985884505,1.9490803362750324,-0.3729935518501496,21.454903277752244,1.565524767690929e-06
2018-09-18,5.936512392765856,1.6100903453389355,,3.7074107238715843,2.533009612132098,1.1744011117394861,2.283955877139101,,19.202795983403362,1.5613089108008016e-06
2018-09-19,5.905995579255665,1.6001930079049294,,3.7070186637888005,2.5322484516525154,1.174770212136285,2.2601563782003438,,19.05774593214495,1.5539921609659824e-06
2018-09-20,6.059262442324747,1.653309101138978,,3.706623994840729,2.5314872026564688,1.1751367921842601,2.315123579080191,,19.700363764237224,1.564412575940371e-06
2018-09-21,5.419198913449923,1.4344280901381863,,3.706226729494041,2.5307258851895273,1.1755008443045138,2.0300943311955932,,20.955648873272676,1.567737653640727e-06
2018-09-24,6.136317843228491,1.680868669384474,-0.0651986648547952,3.70582688023164,2.529964519297741,1.1758623609338992,2.326717022695,-0.08936499773516061,20.00219170063926,1.5749772436995902e-06
2018-09-25,6.65287005982393,1.8585454113544932,,3.705424459552576,2.529203125027489,1.1762213345250867,2.537384889220606,,22.201817641931168,1.5756820318156228e-06
2018-09-26,5.9844485679449395,1.6299473490266827,,3.7050194799719733,2.5284417224253524,1.176577757546621,2.2402092420420394,,19.3230085295002,1.5598704487424555e-06
2018-09-27,5.958614368580682,1.6216668283618818,,3.7046119540209475,2.5276803315379643,1.176931622482983,2.2184305336569836,,19.383164645476477,1.5592656017329699e-06
2018-09-28,6.111548717746186,1.674680282730284,,3.7042018942465265,2.5269189724118832,1.1772829218346432,2.2732693258247387,,19.83950353412855,1.5601288958624182e-06
2018-10-01,5.287244294694935,1.3438804429652407,-0.23741303802317298,3.6013893132115817,2.389624331760108,1.211764981451474,2.394474885466659,-0.2967662975289662,17.048505537065505,1.557843831922621e-06
2018-10-02,4.325705328515101,1.0176452152942672,,3.6069647760006585,2.3968504996365123,1.2101142763641461,1.9433033353815288,,15.940301109532378,1.5522301039090055e-06
2018-10-03,4.894788369732881,1.2172599047505088,,3.6147707138296505,2.407054054248697,1.2077166595809534,2.137535094257783,,15.233561127523258,1.5665808077749398e-06
2018-10-04,4.697968682785378,1.1547688317946492,,3.6235980163713504,2.4186228517253525,1.2049751646459979,1.9986742383807061,,16.70676335815013,1.5866520913928771e-06
2018-10-05,4.9501256225022,1.2465355668838647,,3.633097053283493,2.4310907214869584,1.2020063317965346,2.049040013360209,,16.942268415120132,1.5711144570970735e-06
2018-10-08,5.294671268036835,1.3702064878786724,-0.24862872941677105,3.643068528332554,2.4441919384108046,1.1988765899217495,2.136753392228514,-0.3151008699713467,16.83595871006796,1.5616431439604211e-06
2018-10-09,5.958782624798212,1.6036042651910198,,3.6533726128140103,2.4577400673913234,1.1956325454226868,2.3598385536333573,,19.440239624394263,1.5617051558852206e-06
2018-10-10,6.29594447842157,1.7250142953101044,,3.66389960109754,2.4715888374003008,1.1923107636972392,2.4417374275036114,,20.790440133307666,1.5635499963406775e-06
2018-10-11,6.0027070878842785,1.6303527916905172,,3.674557362448735,2.485615410582471,1.1889419518662643,2.252836732276477,,19.43797056029318,1.5472406967022475e-06
2018-10-12,5.89504485158816,1.5993439140299022,,3.685265072932898,2.499712024793884,1.1855530481390142,2.1432228163403613,,20.010244892462428,1.5610777781359846e-06
2018-10-15,7.080009412320258,2.0115134732296087,0.1438855645246363,3.69594976026067,2.5137813867293644,1.1821683735313058,2.5876922167251424,0.17028844301153,23.862956392287643,1.5614018238891677e-06
2018-10-16,6.237355136757441,1.7284595557869045,,3.706544269768354,2.5277339598962545,1.1788103098720994,2.1636007876968266,,21.438992657458748,1.5529386233688653e-06
2018-10-17,6.364413770574528,1.7778089526432574,,3.7169860133214487,2.5414862964857488,1.1754997168357,2.155815909331788,,22.32015649520386,1.5595563997809874e-06
2018-10-18,6.117423787176982,1.6988154164978357,,3.7272161785854574,2.554959983067287,1.1722561955181705,1.988718526380478,,24.78050038534092,1.5291177768548627e-06
2018-10-19,7.397871749831932,2.143390744985592,,3.737179222965516,2.568080965841347,1.169098257124169,2.477494701228059,,24.85273492062934,1.515354608767412e-06
2018-10-22,7.414209545656736,2.1544076785238433,0.20520738907430286,3.7468225506124475,2.580779119980824,1.1660434306316234,2.426015958836518,0.24184957685163977,24.83455046294982,1.4832931441323918e-06
2018-10-23,8.082431046732939,2.388754659531305,,3.7560963107806655,2.5929879807748666,1.163108330005799,2.6556588111923336,,27.612888256147983,1.4717699054534286e-06
2018-10-24,6.9048638806616625,1.990064382637954,,3.7649532784689943,2.6046445844832813,1.160308693985713,2.0962160816505624,,26.652356877368476,1.4245629473106403e-06
2018-10-25,8.050044306165294,2.387528007890053,,3.7733487917180053,2.6156893847329328,1.1576594069850725,2.5344150058547994,,27.31273132114426,1.4194509562201467e-06
2018-10-26,7.7056120284050404,2.2740305148668787,,3.781240728226485,2.626066221339684,1.1551745068868007,2.3365865490946036,,25.76134580417862,1.4023706673472557e-06
2018-10-29,8.096911462517125,2.4125282805984054,0.34837341054660464,3.7885895092324957,2.6357223254831084,1.1528671837493873,2.456637358003129,0.41646994670540605,27.367112871024094,1.3797275433893727e-06
2018-10-30,7.363573358470954,2.1651627902582447,,3.7953581220706596,2.6446083497828305,1.150749772287829,2.09744177861716,,29.100626183564515,1.3457745530802905e-06
2018-10-31,8.570962462366479,2.582899851979782,,3.8015121551519293,2.6526784149381983,1.148833740213731,2.572890688337993,,29.269423066597405,1.3386906213473834e-06
2018-11-01,8.440122417342728,2.5415107261004,,3.807019840722298,2.6598901667398573,1.1471296739824406,2.477867679439632,,28.651062286403548,1.3048484267708354e-06
2018-11-02,8.249387923994624,2.4792677454138192,,3.8118521018925815,2.6662048387761073,1.1456472631164742,2.3603683335581747,,27.89773454806098,1.2821578837672024e-06
2018-11-05,8.5770446081068,2.5944277215412024,0.44867950196269024,3.8159826012493863,2.6715873172474764,1.1443952840019098,2.4683542203966446,0.5387085305936462,29.137811021710355,1.2687345666402473e-06
2018-11-06,8.161330580991214,2.45437535995349,,3.8193877889588994,2.6760062051050975,1.143381583853802,2.2611819099487604,,29.610590912348968,1.2194893583904107e-06
2018-11-07,8.2939050429203,2.501955374462706,,3.822046948726752,2.679433883330487,1.1426130653962652,2.2925178704932323,,29.584041975697644,1.1990017723783793e-06
2018-11-08,8.391162036266666,2.5370657942629187,,3.823942240323425,2.6818465676360494,1.1420956726873754,2.31232987559224,,29.621958399417757,1.1543301251251354e-06
2018-11-09,7.950563276802891,2.3874006670767898,,3.8250587376561302,2.6832243592275655,1.1418343784285647,2.105315179974024,,31.876371897331644,1.1193412158699138e-06
2018-11-12,8.935105783883923,2.725981833702496,0.5253867626351958,3.8253844615860038,2.683551288560409,1.1418331730255948,2.512815062690914,0.6329432843190247,30.518345885285967,1.0889445410452976e-06
2018-11-13,9.073714499587052,2.7741506959763944,,3.8249104068688826,2.6828153512605684,1.1420950556083143,2.5615543933879534,,31.09898504401871,1.0860093487772574e-06
2018-11-14,8.42296150496862,2.5513005292965194,,3.8236305627498055,2.681008535583933,1.1426220271658725,2.275806913119357,,30.406634497327566,1.048528797161289e-06
2018-11-15,8.790644311540433,2.6772461891815587,,3.8215419268738167,2.6781268409640138,1.143415085909803,2.430357293355737,,29.876922796599032,1.0129477900273374e-06
2018-11-16,8.564741459175478,2.599294605318978,,3.818644512294882,2.6741702873571285,1.1444742249377535,2.334339216162743,,29.709905334688717,9.915482642329054e-07
2018-11-19,8.750092665266147,2.6619636898478154,0.48270800006540887,3.8149413474758123,2.6691429152422805,1.1457984322335317,2.418384009554435,0.579594831106791,29.718119087102462,9.686904273990229e-07
2018-11-20,8.381755013304577,2.5344187415342994,,3.8104384692791786,2.6630527762756686,1.14738569300351,2.2689161900940142,,30.03864596661277,9.330532195946352e-07
2018-11-21,8.247240382107261,2.4866681291674504,,3.805144909056342,2.6559119147427066,1.1492329943136355,2.2233981413295614,,30.25192921311112,9.144592730225745e-07
2018-11-22,8.868689289616151,2.697737171055359,,3.799072672052797,2.647736340098454,1.1513363319543433,2.5055475730020156,,30.292994176360708,8.843071877674557e-07
2018-11-23,8.411335653595371,2.5385703258636205,,3.792236710467226,2.63854599104632,1.153690719420906,2.328965403277646,,28.558153838472336,8.584272982308943e-07
2018-11-26,9.064112072028594,2.759667273124285,0.5588392030180787,3.7846548906341484,2.6283646917815693,1.156290198852579,2.6316810344095907,0.6764081569128818,31.203305416498893,8.448866754081557e-07
2018-11-27,8.28501596970237,2.4894941453634627,,3.776347954951868,2.6172201012285576,1.1591278537233105,2.3241665959476787,,27.908834443072866,8.349828419437143e-07
2018-11-28,7.847197474344497,2.335999351098521,,3.7673394793569086,2.6051436563399557,1.162195823016953,2.166231950287382,,28.86040421993154,8.259033950618724e-07
2018-11-29,8.49372845760704,2.553962938432259,,3.757655827363997,2.5921705108166826,1.1654853165473145,2.4762116422820735,,28.907711647253368,8.232724675938441e-07
2018-11-30,8.168922728063892,2.438592066888304,,3.74732610196209,2.5783394709692677,1.1689866309928223,2.372959495591171,,27.575160718126842,8.098813511900269e-07
2018-12-03,8.077711071936157,2.40302099822596,0.34203522229830774,3.736382097003257,2.5636929309029863,1.1726891661002705,2.37272386045745,0.4085472113950349,27.248271841368528,7.812978928116459e-07
2018-12-04,8.106985761664875,2.4084863341270935,,3.724858250172733,2.548276809811237,1.1765814403614958,2.426866911641425,,27.44204354493131,7.748500639264841e-07
2018-12-05,7.321098355608512,2.1342119557310646,,3.7127916002300463,2.532140494963686,1.1806511052663602,2.134221050886817,,26.104669550694293,7.714253634345098e-07
2018-12-06,7.357232392183721,2.1415367878258955,,3.7002217520290785,2.515336795066321,1.1848849569627578,2.196248798718528,,24.75895181251923,7.684015366522144e-07
2018-12-07,7.18744696952578,2.0780440154187962,,3.687190853960618,2.497921910184831,1.189268943775787,2.172204435461662,,24.243354699205003,7.606329122271876e-07
2018-12-10,6.635498740426066,1.8833286230094144,0.024488018731350314,3.673743594071153,2.4799554265696204,1.1937881675015327,1.986343446032278,0.015950363922949073,25.318301879766313,7.400496411572004e-07
2018-12-11,6.829600550051719,1.944228938657234,,3.659927223446215,2.4615003478335993,1.1984268756126157,2.121961825309863,,23.1539827919996,7.27199796641471e-07
2018-12-12,7.21968484039061,2.072174116792502,,3.645791618912894,2.44262317855549,1.2031684403574037,2.343080097237014,,24.122655005288063,7.342354825684032e-07
2018-12-13,6.661358432907469,1.8748258348216884,,3.631389402398856,2.423394083425165,1.207995318973691,2.158994798994242,,21.819459779355036,7.179409350950123e-07
2018-12-14,5.930536868295135,1.6182387342050488,,3.616776142574272,2.4038871560995205,1.2128889864747516,1.9019779569227726,,22.816752927231956,7.019682144320548e-07
2018-12-17,5.678346297720341,1.5256840798331945,-0.18000069773963986,3.6020106778456022,2.3841808498608326,1.2178298279847697,1.8508049381110925,-0.2345693848188152,22.457607209827266,6.999661755114166e-07
2018-12-18,6.625543836090566,1.8443084078425134,,3.5871556224158025,2.364358652363679,1.2227969700521237,2.3140750611759198,,21.942516896049614,6.940728711466119e-07
2018-12-19,5.830944585663642,1.5657374531046975,,3.5722781570133577,2.3445101399402763,1.2277680170730814,2.030962288402007,,18.901235858735824,6.82221784543245e-07
2018-12-20,5.456382542253795,1.4312061985432625,,3.5574512799885833,2.3247326457288673,1.232718634259716,1.9276211148736249,,19.06006954082699,6.873057137229763e-07
2018-12-21,5.409379905593395,1.4090464644097525,,3.542755841333134,2.3051339716997004,1.2376218696334336,1.96403520696515,,17.830242409319432,6.868236773316221e-07
2018-12-24,4.813706614740421,1.1988803943064257,-0.3628461251316022,3.528283997834219,2.2858369955273017,1.2424470023069172,1.7642408323797019,-0.4578726146148856,18.977534879721055,6.811162702682401e-07
2018-12-25,5.659075672798959,1.482947551326659,,3.514145481170643,2.2669880280518204,1.2471574531188225,2.180452300478563,,18.256404058120072,6.729229997269766e-07
2018-12-26,4.860373703617154,1.2035613699600431,,3.5004801460909234,2.2487735441831695,1.2517066019077538,1.8898156035452651,,16.096856631082712,6.84030715746204e-07
2018-12-27,5.323027987206906,1.3569632560718512,,3.487487314867934,2.2314593088405323,1.2560280060274018,2.1365695380012957,,16.97985301904004,6.834295427591576e-07
2018-12-28,4.723509405620326,1.1466811524319322,,3.475516643878482,2.215511532391757,1.2600051114867248,1.9232592895588543,,14.482307038653515,6.918621726971466e-07
2018-12-31,5.098389221302873,1.2715438369482128,-0.28563744203452485,3.465777269479344,2.202542398488059,1.2632348709912846,2.116972194673325,-0.357046802543156,16.144297961852658,6.976234346499451e-07
2019-01-01,4.688044768325215,1.1308033398851702,,3.4636267864790597,2.199695368693048,1.263931417786012,1.9381995435495105,,14.385041748564628,6.945341626210979e-07
2019-01-02,4.89697589857019,1.2023879195442893,,3.4614746558122165,2.1968497260484243,1.2646249297637921,2.0248346254787855,,15.279848994303613,6.915081114006855e-07
2019-01-03,4.850163912940451,1.1862911655306005,,3.4593208909296274,2.1940054902608392,1.2653154006687881,2.00186944717409,,15.078639569132505,7.00743360583124e-07
2019-01-04,4.816764205554029,1.1747949279502365,,3.457165505292314,2.1911626810272082,1.2660028242651058,1.9846563409650038,,14.934936599377956,7.102055046074264e-07
2019-01-07,4.7205144883112276,1.1417521372619253,-0.3721652418253832,3.45500851237143,2.188321318034565,1.266687194336865,1.9405114896119717,-0.4652065522817289,14.521901715774066,6.984838989096175e-07
2019-01-08,4.517358861112972,1.07205791406613,,3.452849925648172,2.1854814209599245,1.2673685046882475,1.8505538135425867,,14.349276074173378,7.021240865184117e-07
2019-01-09,5.269372044021613,1.3298521629887432,,3.450689758613703,2.182643009470156,1.2680467491435472,2.169958213206085,,16.87315203735929,7.015338952242106e-07
2019-01-10,4.28164934549088,0.991167561788492,,3.448528024769059,2.179806103221833,1.2687219215472259,1.7437655554574478,,15.360405477643852,6.952137193285802e-07
2019-01-11,4.600686449894951,1.1005169170811793,,3.4463647376250677,2.1769707218611143,1.2693940157639534,1.8776168682125882,,14.00646146351474,6.970276102576093e-07
2019-01-14,4.6044844111937175,1.1017863050249115,-0.3988091299833924,3.44419991070227,2.174136885023589,1.270063025678681,1.8763697663047283,-0.49851141247924047,14.022328812811393,6.887846390624932e-07
2019-01-15,4.740218291919418,1.1482928904012226,,3.4420335575308245,2.1713046123341586,1.270728945196666,1.9316707253356868,,14.603661130015283,6.860706108248545e-07
2019-01-16,4.449132367819623,1.0484632824926599,,3.439865691650433,2.168473923406885,1.2713917682435483,1.8040530265227097,,14.644208968841752,6.813283101605168e-07
2019-01-17,4.709686857488817,1.1377695566707506,,3.4376963266102476,2.165644837844867,1.2720514887653804,1.9128567836833053,,14.472119458384382,6.784400839124649e-07
2019-01-18,4.540502692225712,1.0797388897756441,,3.4355254759687965,2.1628173752401016,1.272708100728695,1.8374909874596568,,14.25326387780445,6.781733015233559e-07
2019-01-21,4.045980251258006,0.9101656979074522,-0.526556201395032,3.4333531532938872,2.1599915551733386,1.2733615981205486,1.6226986775576537,-0.6581952517437899,16.372928776156847,6.721709931772185e-07
2019-01-22,4.603067055689063,1.1011462743508216,,3.4311793721625294,2.1571673972139624,1.274011974948567,1.8586002401524895,,14.01432842938527,6.819261541086146e-07
2019-01-23,4.214580099010495,0.9679321600363819,,3.4290041461608465,2.1543449209198378,1.2746592252410087,1.689260120965315,,15.650847999545228,6.851315904423325e-07
2019-01-24,3.9927912449178717,0.891873708506132,,3.426827488883997,2.1515241458371923,1.2753033430468048,1.591366281469857,,16.601578643673353,6.964611340747957e-07
2019-01-25,4.6477743056378324,1.1164247984827262,,3.4246494139360806,2.148705091500464,1.2759443224356164,1.8692360896038718,,14.205309981034077,6.956323375971327e-07
2019-01-28,4.770664279515628,1.158546001042348,-0.3609693326384347,3.422469934930057,2.145887777432183,1.2765821574978737,1.9190702787351182,-0.45121166579804334,14.731825013029349,6.923780770377621e-07
2019-01-29,4.784279975208846,1.1632037650525493,,3.4202890654876654,2.1430722231428194,1.277216842344846,1.9220769294585058,,14.790047063156864,7.035985141309648e-07
2019-01-30,4.7984700423919,1.1680604848423635,,3.4181068192393314,2.140258448130662,1.2778483711086692,1.9253340541836161,,14.850756060529541,7.001225305675587e-07
2019-01-31,3.923572855503438,0.8680893174871268,,3.4159232098240877,2.1374464718816784,1.2784767379424093,1.5475581187405867,,16.898883531410917,6.991747669242739e-07
2019-02-01,4.123635889120674,0.9366779686511038,,3.413738250889484,2.1346363138693722,1.2791019370201115,1.6304837746832517,,16.041525391861203,7.038963828611022e-07
2019-02-04,5.290731200797338,1.3368225724176406,-0.24211828505490635,3.411551956091509,2.131827993554665,1.2797239625368437,2.1278562090767155,-0.3026478563186329,16.960282155220504,6.962728640928838e-07
2019-02-05,4.2334765987766465,0.9743349487907558,,3.4093643390944974,2.1290215303857436,1.2803428087087538,1.671940216374188,,15.570813140115554,7.009196663185712e-07
2019-02-06,4.813789075444997,1.1733009237364027,,3.4071754135710464,2.12621694379794,1.2809584697731062,1.9178430984684434,,14.916261546705034,7.047854324642383e-07
2019-02-07,4.359555679633374,1.0175674854000987,,3.404985193201936,2.1234142532135856,1.2815709399883506,1.7203736099637086,,15.030406432498769,7.130612584731767e-07
2019-02-08,4.627852521715809,1.1095607287121079,,3.402793691676036,2.1206134780418857,1.2821802136341502,1.8325643889320204,,14.119509108901347,7.189758247805608e-07
2019-02-11,4.37830539126691,1.0240094957271688,-0.45066033618188756,3.400600922690223,2.1178146376787765,1.2827862850114466,1.7228265073377373,-0.5633254202273594,14.949881303410391,7.276189850014326e-07
2019-02-12,4.796455148940625,1.1673849385543575,,3.3984068999492947,2.1150177515067994,1.2833891484424953,1.8992489246997462,,14.842311731929467,7.270779853290905e-07
2019-02-13,4.647752152739585,1.116412894078004,,3.396211637165889,2.1122228388949633,1.2839887982709257,1.832738956492468,,14.205161175975048,7.216351717980741e-07
2019-02-14,4.442939342363002,1.046205227162692,,3.3940151480603897,2.1094299191986026,1.2845852288617872,1.7421864531519675,,14.672434660466351,7.356537632630249e-07
2019-02-15,4.23223415791308,0.9739793456383148,,3.3918174463608453,2.10663901175926,1.285178434601585,1.6491131938071535,,15.575258179521065,7.257962420887678e-07
2019-02-18,4.693463091475504,1.1321329036991015,-0.37857806420059914,3.389618545802887,2.1038501359045347,1.2857684098983522,1.8440162655284114,-0.47322258025074887,14.401661296238766,7.167167397583454e-07
2019-02-19,4.175232351902299,0.9544737441148893,,3.387418460129634,2.1010633109479633,1.286355149181671,1.6191554910915746,,15.819078198563885,7.205514717416696e-07
2019-02-20,4.749238193046674,1.1512977250545007,,3.3852172030916163,2.098278556188873,1.2869386469027435,1.8624007125069986,,14.641221563181258,7.313496964226545e-07
2019-02-21,5.518819531675835,1.4151781890844282,,3.38301478844668,2.0954958909122596,1.2875188975344205,2.189468627267795,,17.93972736355535,7.327815853298015e-07
2019-02-22,5.072033406170251,1.2620204061514415,,3.380811229959914,2.092715334388649,1.288095895571265,1.9952408420779506,,16.025255076893018,7.395866264066049e-07
2019-02-25,4.8508138139873695,1.1862017464272996,-0.342532169048467,3.378606541403548,2.0899369058739583,1.28866963552959,1.8976890889080826,-0.4281652113105837,15.077521830341244,7.266022327126035e-07
2019-02-26,4.569341756551688,1.0897271242710624,,3.3764007365568807,2.087160624609375,1.2892401119475059,1.7743195299482026,,14.128410946611721,7.23523689133218e-07
2019-02-27,3.920647241635311,0.8673496847595771,,3.3741938292061824,2.0843865098212078,1.2898073193849746,1.493573615770679,,16.90812894050529,7.116012822253475e-07
2019-02-28,4.136310867371064,0.941325632491978,,3.37198583314462,2.081614580720772,1.290371252423848,1.5832716213357443,,15.983429593850277,7.167961254512829e-07
2019-03-01,5.047983146418497,1.2539351427323258,,3.3697767621721604,2.0788448565042366,1.2909319056679238,1.9712637849196435,,15.924189284154071,7.070605984843316e-07
2019-03-04,4.322479657142173,1.0052292703850265,-0.46318048640998244,3.3675666300954883,2.07607735635251,1.2914892737429784,1.657613944333793,-0.5789756080124779,15.18463412018717,6.991504846958712e-07
2019-03-05,4.354038788435967,1.0160897482203144,,3.365355450727925,2.0733120994310914,1.2920433512968335,1.6684242847064843,,15.04887814724607,7.025680266409441e-07
2019-03-06,4.540676194850401,1.0801219429179174,,3.3631432378893327,2.07054910488995,1.2925941329993829,1.7457015335373465,,14.248475713526032,7.094915954290158e-07
2019-03-07,4.22680861205074,0.9725544489384135,,3.360930005406035,2.067788391863388,1.2931416135426468,1.6084814530364049,,15.593069388269832,7.086543838478547e-07
2019-03-08,4.169020791531137,0.9527877518538037,,3.3587157671107257,2.0650299794699016,1.293685787640824,1.581014669287156,,15.840153101827454,7.12478324785827e-07
2019-03-11,4.5805830757941965,1.0939431112662295,-0.40403792582251374,3.3565005368423906,2.062273886812063,1.2942266500303274,1.75470277589485,-0.5050474072781422,14.075711109172133,7.161141515761269e-07
2019-03-12,4.286066953525813,0.9930164654393557,,3.354284328446209,2.0595201329763713,1.294764195469838,1.6257907147755657,,15.337294182008055,7.149057687807934e-07
2019-03-13,4.338593132052278,1.0110777704265328,,3.352067155773476,2.0567687370331362,1.2952984187403396,1.645615950066302,,15.111527869668343,7.080738475812961e-07
2019-03-14,4.324374261315642,1.0062570768623593,,3.349849032681515,2.0540197180363324,1.2958293146451827,1.6368410641142814,,15.17178653922051,7.118608204513477e-07
2019-03-15,4.780452796324584,1.1626832256601363,,3.3476299730335883,2.05127309502348,1.2963568780101085,1.8296271270986502,,14.783540320751703,7.159785988407262e-07
2019-03-18,4.51621244877973,1.0721449171405573,-0.4185700552396286,3.3454099906988106,2.048528887015499,1.2968811036833117,1.7137100334411954,-0.5232125690495357,14.348188535743036,7.219432222477286e-07
2019-03-19,4.534780091134946,1.0785713638527377,,3.343189099552063,2.045787113016591,1.2974019865354718,1.719001317832513,,14.26785795184078,7.241547365534351e-07
2019-03-20,4.806029306480621,1.171633507677066,,3.3409673134739104,2.0430477920141015,1.297919521459809,1.832589676610434,,14.895418845963325,7.167582355667492e-07
2019-03-21,4.547196467838585,1.0829552470120474,,3.3387446463505075,2.0403109429783832,1.2984337033721243,1.7190050017434422,,14.213059412349411,7.214056903050057e-07
2019-03-22,4.499327728610349,1.0666095477851394,,3.336521112073515,2.037576584862676,1.298944527210839,1.6958385195941001,,14.41738065268576,7.215770952149131e-07
2019-03-25,4.761174520289416,1.1564540426684207,-0.3623639715543864,3.3342967245400184,2.034844736602965,1.2994519879370534,1.8054122899384906,-0.4529549644429829,14.705675533355256,7.18628539695177e-07
2019-03-26,4.830180623727202,1.1801837412269158,,3.3320714976524304,2.0321154171178586,1.2999560805345718,1.832345093651503,,15.002296765336446,7.16904664301121e-07
2019-03-27,4.544624273709063,1.0823511800589676,,3.3298454453184116,2.0293886453084466,1.300456800009965,1.707327620382156,,14.220610249262906,7.126429705548075e-07
2019-03-28,4.624095480599093,1.1096729330744626,,3.327618581450781,2.026664440058183,1.300954141392598,1.7387556064012613,,14.120911663430782,7.185463023012244e-07
2019-03-29,4.322033083073465,1.0061851724320008,,3.3253909199674334,2.0239428202327416,1.3014480997346918,1.6066742857727423,,15.172685344599993,7.096111286398197e-07
2019-04-01,4.294191649774379,0.996718034820257,-0.4688546434531621,3.323162474791244,2.021223804679895,1.301938670111349,1.5921213482052163,-0.5860683043164525,15.291024564746788,7.034703578646237e-07
2019-04-02,4.864397542412602,1.192297700236017,,3.3209332598499883,2.0185074122293822,1.302425847620606,1.8338795375244032,,15.153721252950211,7.015672665037186e-07
2019-04-03,4.750684994370857,1.1533930475053547,,3.3187032890762507,2.0157936616927707,1.30290962738348,1.782534971074464,,14.667413093816933,7.120089931118754e-07
2019-04-04,4.754063239155647,1.1546358126099892,,3.316472576407344,2.0130825718633396,1.3033900045440046,1.781377337625826,,14.682947657624863,7.189767833817475e-07
2019-04-05,4.69275548211322,1.1337025218470627,,3.314241135785214,2.010374161515935,1.3038669742692792,1.7525023138247633,,14.421281523088282,7.086143899616399e-07
2019-04-08,4.610369445796421,1.1055443930977946,-0.3963037379348037,3.312008981156356,2.0076684494068533,1.3043405317495025,1.7145989407790962,-0.49537967241850467,14.06930491372243,7.174646108919542e-07
2019-04-09,4.837678468922457,1.1835694268987325,,3.3097761264717316,2.004965454273699,1.3048106721980326,1.8094272378971143,,15.044617836234154,7.264127689780645e-07
2019-04-10,4.920952553942367,1.212213051322734,,3.307542585686674,2.002265194835268,1.3052773908514061,1.8425315089886853,,15.402663141534175,7.189575607793645e-07
2019-04-11,4.912318646419038,1.2093473606228777,,3.305308372760806,1.9995676897914032,1.3057406829694027,1.8362518905700003,,15.366842007785971,7.030016270189759e-07
2019-04-12,4.557835111684702,1.0879066500864816,,3.3030735016579493,1.9968729578228785,1.3062005438350708,1.6817562704309805,,14.15116687391898,7.027204863947008e-07
2019-04-15,5.078267560206583,1.2664391275890607,-0.28904058160729296,3.300837986346045,1.994181017591264,1.3066569687547809,1.9022299270775895,-0.3613007270091162,16.080489094863257,7.100327042401187e-07
2019-04-16,4.672488254876363,1.1274152818078786,,3.298601840797054,1.9914918877387902,1.3071099530582637,1.7257609899986384,,14.342691022598482,7.204545908904753e-07
2019-04-17,4.813559788594132,1.1758851431078958,,3.296365078986877,1.988805586888233,1.3075594920986437,1.7836620157731027,,14.948564288848697,7.150088667267163e-07
2019-04-18,4.690654185730373,1.1338505469001856,,3.294127714895272,1.98612213364277,1.308005581252502,1.7284353172680018,,14.42313183625232,7.265539610224555e-07
2019-04-19,4.678065276623049,1.129640804898101,,3.2918897625057553,1.9834415465858646,1.3084482159198907,1.7204925527084907,,14.37051006122626,7.123086851473716e-07
2019-04-22,4.333783444397875,1.0117097611699617,-0.4588601592200256,3.289651235805522,1.9807638442811253,1.3088873915243966,1.5704010457435773,-0.573575199025032,15.10362798537548,7.101306083134164e-07
2019-04-23,4.836447357983363,1.1841621006013792,,3.287412148785355,1.9780890452721875,1.3093231035131674,1.7832916710239113,,15.05202625751724,7.07646031004573e-07
2019-04-24,5.586499742717258,1.4414353273889167,,3.285172515439544,1.9754171680825818,1.3097553473569623,2.1022113273187277,,18.26794159236146,7.152020181761832e-07
2019-04-25,4.459134789469686,1.05502459102519,,3.2829323497657894,1.972748231215598,1.3101841185501915,1.6165289699970855,,14.562192612185125,7.237888946436315e-07
2019-04-26,4.614821803336778,1.108519365850994,,3.280691665765117,1.9700822531541715,1.3106094126109453,1.6807314604679138,,14.106492073137423,7.302141014378968e-07
2019-04-29,4.433456628874426,1.0464553682783286,-0.435696421147781,3.2784504774417975,1.9674192523607401,1.3110312250810574,1.6004884627086506,-0.5446205264347262,14.669307896520893,7.215724798519348e-07
2019-04-30,4.418470560579534,1.0414376118125679,,3.2762087988032493,1.9647592472771305,1.3114495515261189,1.5915562620428403,,14.732029852342901,7.273780830967875e-07
2019-05-01,5.129478139661803,1.2853339373742407,,3.273966643859957,1.9621022563244161,1.311864387535541,1.893769678042217,,16.316674217178008,7.309008243539726e-07
2019-05-02,4.353018509050201,1.0192434778727044,,3.2717240266253795,1.9594482979028043,1.3122757287225753,1.5585026452436845,,15.009456526591197,7.201695496262223e-07
2019-05-03,4.422261994613407,1.0431103431960367,,3.269480961115871,1.9567973903914946,1.3126835707243765,1.5856853193865403,,14.711120710049542,7.07072739565046e-07
2019-05-06,4.032193724571586,0.9095008611522439,-0.5269994258985041,3.2672374613505815,1.9541495521485632,1.3130879092020182,1.416025628588868,-0.6587492823731301,16.38123923559695,7.138875443542972e-07
2019-05-07,4.322272424954508,1.0090865930549304,,3.2649935413513775,1.9515048015108312,1.3134887398405464,1.537863042829494,,15.136417586813371,7.129095509266264e-07
2019-05-08,3.9891111503748475,0.8949920128455984,,3.2627492151427497,1.9488631567937325,1.3138860583490173,1.3926031728507302,,16.56259983943002,7.048872891533328e-07
2019-05-09,4.807791616395798,1.1758165639054314,,3.2605044967517336,1.946224636291198,1.3142798604605357,1.7409953411729873,,14.947707048817893,7.037437997628411e-07
2019-05-10,5.56615713826277,1.4359636666204771,,3.2582594002078094,1.9435892582755165,1.3146701419322928,2.063543841551113,,18.199545832755966,7.062298413707308e-07
2019-05-13,4.45752295784582,1.0559985447619373,-0.42933430349204177,3.256013939542822,1.9409570409972214,1.3150568985456006,1.5859552219496431,-0.5366678793650522,14.550018190475782,7.058798781272596e-07
2019-05-14,4.002086976091659,0.8999890480411716,,3.2537681287908966,1.93832800268495,1.3154401261059465,1.3883143127364144,,16.500136899485355,6.962628195438709e-07
2019-05-15,4.900038150254017,1.207999959731568,,3.251521981988341,1.9357021615453323,1.315819820443009,1.7707021112097923,,15.3499994966446,7.083562998449757e-07
2019-05-16,4.330194851318083,1.0127690049283813,,3.249275513173566,1.933079535762849,1.3161959774107173,1.5240407919233254,,15.090387438395235,7.149661344711222e-07
2019-05-17,5.038964642260351,1.255921631666425,,3.2470287363869925,1.9304601434997202,1.3165685928872723,1.825362183082751,,15.94902039583031,7.129895615545394e-07
2019-05-20,4.485051996138505,1.0661565142652067,-0.4225623238231956,3.244781665670971,1.9278440028957724,1.3169376627751985,1.5855396457272806,-0.5282029047789945,14.423043571684918,7.112762760429652e-07
2019-05-21,4.362189941036313,1.0241821173100665,,3.242534315069685,1.9252311320683095,1.3173031830013755,1.5304587787058923,,14.94772353362417,7.137596740976232e-07
2019-05-22,4.520597886567026,1.0786450933105176,,3.2402866986290664,1.9226215491119976,1.3176651495170688,1.5959279157501445,,14.26693633361853,7.067165896394097e-07
2019-05-23,4.847656832325232,1.1909332113123425,,3.2380388303967145,1.9200152720987265,1.318023558297988,1.7336817862391545,,15.136665141404281,7.089491549066316e-07
2019-05-24,4.502384022837627,1.0727095243093214,,3.235790724421796,1.9174123190774996,1.3183784053442964,1.583299224464151,,14.341130946133484,7.006841523347841e-07
2019-05-27,4.407668224625705,1.0403930356647555,-0.4397379762234965,3.233542394754967,1.9148127080742934,1.3187296866806735,1.5403040026552375,-0.5496724702793705,14.745087054190558,7.004145753724058e-07
2019-05-28,4.511465792754595,1.0761402076425355,,3.2312938554482775,1.9122164570919469,1.3190773983563306,1.582391716645116,,14.298247404468308,6.932601092321648e-07
2019-05-29,4.13543688548683,0.947377377859894,,3.2290451205550954,1.909623584110024,1.3194215364450714,1.4188453064348912,,15.907782776751327,6.86490585209007e-07
2019-05-30,4.719070977163538,1.1476437922752778,,3.2267962041300047,1.9070341070847001,1.3197620970453046,1.666588847428797,,14.595547403440971,6.969084227861941e-07
2019-05-31,3.954273701892608,0.8855928087386109,,3.2245471202287233,1.904448043948633,1.3200990762800902,1.3364390548718965,,16.680089890767366,6.974543388203099e-07
2019-06-03,4.4236979782960395,1.0467054254761383,-0.43552971634924126,3.222297882908022,1.9018654126108334,1.3204324702971886,1.535247194456006,-0.5444121454365516,14.666182181548272,6.989321748685616e-07
2019-06-04,4.844432179420197,1.1911262250596892,,3.220048506225625,1.8992862309565528,1.3207622752690724,1.7131940122811642,,15.139077813246114,6.865652631008518e-07
2019-06-05,4.684215523076006,1.136365793951926,,3.21779900424013,1.8967105168471465,1.3210884873929833,1.642167759287054,,14.454572424399075,6.830569725788701e-07
2019-06-06,4.784256498407248,1.1708384687583668,,3.2155493910109145,1.8941382881199627,1.3214111028909519,1.6826863740679212,,14.885480859479586,6.860696686419056e-07
2019-06-07,4.5543683997756625,1.092194519273743,,3.2132996805980576,1.8915695625882063,1.3217301180098513,1.5818127116803848,,14.097568509078213,6.874412743395314e-07
2019-06-10,4.986030057033263,1.240369541718262,-0.3064203055211587,3.2110498870622397,1.8890043580408282,1.3220455290214115,1.7644662851886557,-0.3830253819014483,15.754619271478274,6.744112839326296e-07
2019-06-11,4.899742549740304,1.2109639036123752,,3.208800024464664,1.8864426922423894,1.3223573322222748,1.7251475717578582,,15.387048795154687,6.758386604660002e-07
2019-06-12,4.731720555969587,1.153536920509721,,3.2065501068669624,1.8838845829329491,1.3226655239340133,1.6508057335701003,,14.669211506371512,6.782414929673738e-07
2019-06-13,4.899680044374465,1.2113054932776253,,3.2043001483311158,1.8813300478279371,1.3229701005031786,1.7204619144249684,,15.391318665970314,6.862947957441599e-07
2019-06-14,4.8371495362801085,1.1900508265284293,,3.202050162919356,1.8787791046180264,1.3232710583013296,1.691342637778563,,15.125635331605364,6.824301563149294e-07
2019-06-17,4.420145792538461,1.0472643783983733,-0.43515708106775125,3.1998001646940835,1.8762317709690217,1.3235683937250617,1.510312243966988,-0.543946351334689,14.659195270020335,6.689648838695816e-07
2019-06-18,4.103044601172337,0.9387321305970401,,3.197550167717782,1.873688064521724,1.323862103196058,1.3721032277680238,,16.015848367537,6.631562486034163e-07
2019-06-19,4.719981638565429,1.150443455101115,,3.1953001860529247,1.8711480028918224,1.3241521831611023,1.6342023217682158,,14.630543188763935,6.568049181481906e-07
2019-06-20,4.763426283969569,1.1655307076997716,,3.193050233761889,1.8686116036697578,1.3244386300921311,1.650524988294472,,14.819133846247142,6.613395676719336e-07
2019-06-21,4.953394901418641,1.230856638936628,,3.1908003249068684,1.866078884420615,1.3247214404862533,1.7296496830913999,,15.635707986707848,6.455268446267032e-07
2019-06-24,4.243446410642518,0.9876414469945649,-0.4749057020036235,3.1885504735497885,1.8635498626839877,1.3250006108658008,1.4231016714271936,-0.5936321275045293,15.40448191256794,6.430880098200224e-07
2019-06-25,4.253331648040724,0.9912282728867405,,3.186300693752212,1.8610245559738683,1.3252761377783435,1.4250598970822939,,15.359646588915744,6.51556260311839e-07
2019-06-26,4.730965791891648,1.1551880319569325,,3.184050999575253,1.8585029817785217,1.3255480177967311,1.6274880217246872,,14.689850399461655,6.51761475615423e-07
2019-06-27,4.544504959105175,1.0914599613376297,,3.1818014050794963,1.8559851575603599,1.3258162475191364,1.5453101092323969,,14.10675048327963,6.572046827175283e-07
2019-06-28,3.9088040833350797,0.8737086067314648,,3.1795519243248984,1.8534711007558318,1.3260808235690666,1.2706068591701625,,16.82864241585669,6.477270097838656e-07
2019-07-01,4.699510290260156,1.145012979650503,-0.3699913468996648,3.1773025713707073,1.85096082877529,1.3263417425954174,1.6072270533384185,-0.4624891836245809,14.562662245631286,6.386147776886239e-07
2019-07-02,3.919270751540574,0.8777092502013255,,3.1750533602753697,1.8484543590028828,1.3265990012724869,1.2705909217545397,,16.77863437248343,6.470907858981834e-07
2019-07-03,4.236169879330737,0.9865692137751949,,3.1728043050964505,1.8459517087964206,1.32685259630003,1.404163226015414,,15.417884827810065,6.478424546058822e-07
2019-07-04,5.039483624556694,1.2622017647432129,,3.170555419890536,1.8434528954872675,1.3271025244032684,1.7462051014162836,,16.02752205929016,6.486070156658348e-07
2019-07-05,5.204482851817555,1.3189854821368538,,3.1683067187131497,1.8409579363802167,1.327348782332933,1.8146897890512839,,16.737318526710673,6.422731207746615e-07
2019-07-08,4.139670107280282,0.9541212357833647,-0.49725250947775695,3.16605821561867,1.838466848753365,1.327591366865305,1.356118393482571,-0.6215656368471962,15.823484552707942,6.430166836964036e-07
2019-07-09,4.449232037193293,1.0604730155104767,,3.1638099246602325,1.8359796498580052,1.3278302748022273,1.486570919246101,,14.494087306119042,6.36578176191031e-07
2019-07-10,4.578800805120183,1.1051147027694448,,3.1615618598896478,1.8334963569184932,1.3280655029711546,1.5398897353802992,,14.063933784618058,6.435753192876189e-07
2019-07-11,5.1866708105742605,1.3137472313097882,,3.159314035357312,1.8310169871321418,1.3282970482251701,1.798201026269377,,16.671840391372353,6.597358600478984e-07
2019-07-12,4.390090344673586,1.0408557262610718,,3.1570664651121243,1.8285415576690887,1.3285249074430356,1.4546112154954285,,14.739303421736603,6.627812607854302e-07
2019-07-15,4.395032795024893,1.0427739172360067,-0.4381507218426623,3.15481916320139,1.8260700856721903,1.3287490775291997,1.4545374822171986,-0.5476884023033278,14.715326034549918,6.591693586467057e-07
2019-07-16,5.103338521054951,1.2858470670155435,,3.1525721436707386,1.8236025882568911,1.3289695554138474,1.7559114220263203,,16.323088337694294,6.444695464998586e-07
2019-07-17,4.429445400208175,1.0550253016738091,,3.150325420564033,1.8211390825111147,1.3291863380529183,1.4649207096033758,,14.562183729077386,6.349316738544248e-07
2019-07-18,4.812723895231908,1.186664205075975,,3.148079007923289,1.818679585495142,1.3293994224281471,1.6270098418401107,,15.083302563449687,6.440402018271149e-07
2019-07-19,4.0422796279920306,0.9227428441865088,,3.145832919788577,1.8162241142414879,1.329608805547089,1.2946526694746237,,16.215714447668642,6.382617226171209e-07
2019-07-22,4.498669259255394,1.079452070708921,-0.4136986195273861,3.1435871701979377,1.813772685754794,1.3298144844431437,1.488087774140945,-0.5171232744092327,14.25684911613849,6.362941197179891e-07
2019-07-23,3.9770575754419606,0.9008483794008315,,3.141341773187303,1.8113253170116994,1.3300164561756034,1.2623857912627388,,16.48939525748961,6.402180635389309e-07
2019-07-24,4.187825100074406,0.9733479462853156,,3.1390967427903944,1.808882024960734,1.3302147178296604,1.3505669578173782,,15.583150671433557,6.489784107835876e-07
2019-07-25,4.850252567849465,1.2007041626182717,,3.1368520930386454,1.8064428265221903,1.330409266516455,1.6323230297950297,,15.258802032728395,6.479756824104489e-07
2019-07-26,4.5383651026662,1.0940113530695945,,3.134607837961108,1.8040077385880178,1.3306000993730902,1.4965219299250108,,14.07485808663007,6.45781471199905e-07
2019-07-29,4.443439612573046,1.061707311133643,-0.425528459244238,3.1323639915843717,1.8015767780216931,1.3307872135626786,1.453710916938747,-0.5319105740552975,14.478658610829463,6.463594388494291e-07
2019-07-30,4.292353632247386,1.01015004512229,,3.130120567932468,1.799149961658115,1.330970606274353,1.3868375180609773,,15.123124435971377,6.428793146626555e-07
2019-07-31,4.476470511046596,1.0735212712110462,,3.1278775810267856,1.7967273063034832,1.3311502747233024,1.4636288953172907,,14.330984109861925,6.397277164331649e-07
2019-08-01,4.658368648962533,1.1361335800520833,,3.125635044885989,1.794308828735176,1.331326216150813,1.53947580380028,,14.45166975065104,6.422640832979392e-07
2019-08-02,4.89627339495815,1.2179499447754114,,3.1233929735259194,1.791894545701647,1.3314984278242723,1.6393319766709114,,15.474374309692642,6.434968857481611e-07
2019-08-05,3.632719854649226,0.7849823979083839,-0.6100117347277442,3.1211513809595157,1.7894844739222948,1.331666907037221,1.0957124713077744,-0.7625146684096802,17.937720026145204,6.561252071116878e-07
2019-08-06,4.259668054466443,1.000188659088463,,3.1189102811967233,1.7870786300873607,1.3318316511093626,1.3623144539479393,,15.247641761394215,6.588864904885903e-07
2019-08-07,4.605726232486983,1.1190915490626807,,3.1166696882444107,1.7846770308578006,1.33199265738661,1.5085414671861515,,14.238644363283509,6.659147001693088e-07
2019-08-08,4.514693361258623,1.0881364260845259,,3.1144296161062752,1.7822796928651812,1.332149923241094,1.4674502254708381,,14.148294673943429,6.596899935447719e-07
2019-08-09,4.689724873768255,1.148405149103207,,3.112190078782759,1.7798866327115537,1.3323034460712053,1.5403930690905623,,14.605064363790088,6.629810672098979e-07
2019-08-12,4.641424870108697,1.1321048343351865,-0.3785967771098757,3.1099510902709664,1.7774978669693484,1.332453223301618,1.5176289098883315,-0.4732459713873446,14.40131042918983,6.588458561251972e-07
2019-08-13,4.440319454243643,1.0634158564407912,,3.1077126645645663,1.7751134121812573,1.332599252383309,1.4293832327322462,,14.45730179449011,6.61360237983474e-07
2019-08-14,4.361856890549702,1.0367776164815388,,3.105474815653712,1.7727332848601116,1.3327415307936006,1.393705305462035,,14.790279793980766,6.656375559819407e-07
2019-08-15,4.4595571684750634,1.07053982123174,,3.103237557524951,1.7703575014887818,1.3328800560361693,1.4335322780284565,,14.36825223460325,6.661028791194305e-07
2019-08-16,4.946764582373347,1.2378490819787291,,3.101000904161142,1.7679860785200479,1.333014825641094,1.6402974309934593,,15.723113524734114,6.808622865159173e-07
2019-08-19,4.28771895429473,1.0121590480513143,-0.45856063463245716,3.0987648695413594,1.765619032376501,1.3331458371648583,1.355817842440644,-0.5732007932905714,15.098011899358571,6.898415138790753e-07
2019-08-20,4.521151260994395,1.0924631932227253,,3.096529467640813,1.7632563794504148,1.3332730881903982,1.4538353709788214,,14.094210084715932,6.973637047141473e-07
2019-08-21,4.6065101963424935,1.1220010656798105,,3.0942947124307554,1.760898136103645,1.3333965763271103,1.4883994682034083,,14.275013320997632,7.023526756973627e-07
2019-08-22,5.0876649900462,1.287242111584935,,3.0920606178784027,1.7585443186675045,1.3335162992108982,1.692596958148673,,16.340526394811686,7.137665244276055e-07
2019-08-23,4.4356309649618675,1.0639630090116425,,3.0898271979468364,1.7561949434426598,1.3336322545041766,1.4111487047072129,,14.45046238735447,7.047711841118688e-07
2019-08-26,4.875512835193452,1.2150567987213154,-0.32329546751912314,3.087594466594923,1.753850026699015,1.333744439895908,1.597671025100659,-0.4041193343989039,15.438209984016442,7.13695026008093e-07
2019-08-27,4.970309918425836,1.2478375283918028,,3.085362437777229,1.751509584675593,1.333852853101636,1.6363064951653463,,15.847969104897533,7.075331884175237e-07
2019-08-28,4.515984739710447,1.0923494882011222,,3.0831311254439258,1.7491736335804349,1.3339574918634909,1.4396104938318377,,14.095631397485972,7.04124710291183e-07
2019-08-29,4.463723690541452,1.0747137225107886,,3.080900543540708,1.7468421895904749,1.3340583539502333,1.4152343427289604,,14.316078468615144,7.078682704995392e-07
2019-08-30,4.421478156530086,1.060513559354214,,3.078670706008704,1.7445152688514405,1.3341554371572637,1.395157218044208,,14.493580508072323,7.15947613839838e-07
2019-09-02,4.446275473312494,1.06930122389089,-0.4204658507394066,3.076441626784394,1.7421928874777295,1.3342487393066647,1.403819417341342,-0.5255823134242582,14.383734701363874,7.087301230509437e-07
2019-09-03,4.833959182399484,1.20250878326922,,3.0742133197995147,1.7398750615523073,1.3343382582472074,1.5680110406388321,,15.281359790865249,7.0564473714894e-07
2019-09-04,4.614985428888426,1.1277211972706618,,3.0719857989809753,1.737561807126592,1.3344239918543834,1.472213303714919,,14.346514965883271,7.06441004202276e-07
2019-09-05,4.615635097935816,1.1282347651003843,,3.069759078250777,1.735253140220339,1.3345059380304378,1.4705465965958193,,14.352934563754804,7.054334243931485e-07
2019-09-06,4.138602303744619,0.9649731787544199,,3.0675331715259158,1.7329490768215403,1.3345840947043754,1.264165550264565,,15.687835265569753,7.110542222375463e-07
2019-09-09,4.192950920342065,0.983901190714972,-0.4773992061900188,3.0653080927183014,1.730649632886301,1.3346584598320004,1.2855261212800158,-0.5967490077375235,15.451235116062852,7.335692748598138e-07
2019-09-10,5.280915846229361,1.3572136189732378,,3.0630838557346673,1.728354824338742,1.3347290313959252,1.749871848055289,,17.21517023716547,7.365270210978069e-07
2019-09-11,4.467602571694689,1.0786609129653573,,3.060860474476491,1.7260646670708777,1.3347958074056132,1.3993908082775741,,14.266738587933034,7.318526206717921e-07
2019-09-12,4.257798615774385,1.0070273605305968,,3.0586379628398963,1.723779176942516,1.3348587858973804,1.3075633776057618,,15.16215799336754,7.235434364546969e-07
2019-09-13,5.028975894467566,1.2717318998707157,,3.056416334715572,1.721498369781139,1.3349179649344332,1.6361632446195336,,16.146648748383946,7.216088951196136e-07
2019-09-16,4.625841697421121,1.1338170258420264,-0.37745531610531585,3.05419560398869,1.7192222613818022,1.334973342606888,1.461493543684335,-0.4718191451316448,14.422712823025329,7.157071297624929e-07
2019-09-17,4.728675604795528,1.1693785900237428,,3.0519757845388082,1.7169508675070224,1.3350249170317858,1.5036741050367006,,14.867232375296782,7.189048373331461e-07
2019-09-18,4.477112758822022,1.083434350966216,,3.0497568902397916,1.7146842038866614,1.3350726863531301,1.3939771425944314,,14.207070612922301,7.220159207049647e-07
2019-09-19,4.412996690710284,1.0617592291307836,,3.0475389349597197,1.7124222862178295,1.3351166487418902,1.3646213226313089,,14.478009635865206,7.191922272804341e-07
2019-09-20,4.464275278512378,1.0796496353003253,,3.0453219325608103,1.710165130164765,1.3351568023960454,1.3847271742901712,,14.254379558745935,7.323388163733949e-07
2019-09-23,4.038765598328513,0.9340714195641648,-0.5106190536238902,3.0431058968993185,1.7079127513587358,1.3351931455405828,1.2005020258139418,-0.6382738170298627,16.07410725544794,7.276893534955905e-07
2019-09-24,4.491038039665509,1.0894487108696125,,3.0408908418254605,1.7056651653979216,1.335225676427539,1.392476053984937,,14.131891114129846,7.270893448861451e-07
2019-09-25,4.624508124420791,1.1355239692451142,,3.0386767811833213,1.7034223878473158,1.3352543933360055,1.4478273494037084,,14.444049615563927,7.314667971050509e-07
2019-09-26,5.167637846810096,1.3220555880612506,,3.0364637288107765,1.7011844342386073,1.3352792945721692,1.6787539193151704,,16.775694850765632,7.375473749149257e-07
2019-09-27,4.549149821862785,1.110319887800626,,3.034251698539394,1.698951320070082,1.335300378469312,1.4118511798208644,,14.128998597507824,7.462633186744717e-07
2019-09-30,3.7011578988125855,0.8198987549347635,-0.5867341633768244,3.0320407041943547,1.6967230608065125,1.3353176433878422,1.0465965044749668,-0.7334177042210305,17.501265563315457,7.493341261156767e-07
2019-10-01,4.484289970677468,1.0887217480658455,,3.029830759594369,1.6944996718790446,1.3353310877153246,1.3804018569613514,,14.140978149176933,7.566442491054399e-07
2019-10-02,5.475071635227762,1.4287404959729968,,3.027621878551582,1.6922811686851031,1.335340709866479,1.803206788651349,,18.10925619966246,7.52316581266777e-07
2019-10-03,4.818529009194891,1.2039639481982047,,3.0254140748714926,1.6900675665882714,1.3353465082832212,1.5200225018360274,,15.299549352477559,7.587481914128436e-07
2019-10-04,4.230540670719726,1.0026933267429694,,3.0232073623528657,1.6878588809181982,1.3353484814346674,1.26622553934691,,15.216333415712883,7.651428290821006e-07
2019-10-07,4.720285405037194,1.1709327817316668,-0.3527114788455555,3.0210017547876498,1.685655126970479,1.3353466278171708,1.4743211041350623,-0.44088934855694434,14.886659771645835,7.75826180703975e-07
2019-10-08,4.252735114147634,1.0109583890132312,,3.018797265960884,1.6834563200065613,1.3353409459543228,1.2721543062731002,,15.11302013733461,7.644545532443901e-07
2019-10-09,4.037644247005161,0.9375430976543772,,3.0165939096506147,1.6812624752536292,1.3353314343969855,1.1781913473216006,,16.030711279320286,7.584280448182973e-07
2019-10-10,4.388580060061698,1.0581956764119114,,3.0143916996278146,1.6790736079045057,1.335318091723309,1.3268182034193947,,14.522554044851109,7.642585880306252e-07
2019-10-11,4.541571455946559,1.1109831727086634,,3.0121906496562874,1.6768897331175445,1.3353009165387428,1.3906186990033738,,14.137289658858291,7.46424085265908e-07
2019-10-14,3.853306062433552,0.8753413397079925,-0.5497724401946718,3.0099907734925884,1.6747108660165206,1.3352799074760677,1.0938875406515112,-0.6872155502433396,16.808233253650094,7.4992407881042e-07
2019-10-15,4.105373458170363,0.9621008851353638,,3.0077920848859354,1.6725370216905358,1.3352550631953997,1.2001631281097402,,15.723738935807955,7.573005580229672e-07
2019-10-16,4.510210828563653,1.1012402675818826,,3.0055945975781273,1.670368215193902,1.3352263823842252,1.3719185496712554,,14.015503344773531,7.535706949407094e-07
2019-10-17,4.362742406045177,1.0510192188813257,,3.003398325303452,1.6682044615460492,1.3351938637574028,1.306978485147706,,14.612259763983431,7.508464166691215e-07
2019-10-18,4.6427920779848,1.147377352537531,,3.0012032817886016,1.6660457757314089,1.3351575060571927,1.4252674664033225,,14.592216906719136,7.438087085602682e-07
2019-10-21,4.078474827936111,0.9542398007229727,-0.49717346618468494,2.9990094807525947,1.6638921726993234,1.3351173080532712,1.1816919236030392,-0.6214668327308561,15.822002490962841,7.405106128024483e-07
2019-10-22,4.752544672650152,1.1856936498263961,,2.9968169359066787,1.6617436673639296,1.335073268542749,1.4688607296469247,,15.071170622829952,7.374194405010543e-07
2019-10-23,4.087280818450072,0.9579489083527767,,2.994625660954252,1.6596002746040663,1.3350253863501855,1.1820364100450371,,15.775638645590293,7.330847218632579e-07
2019-10-24,5.075540688382731,1.2971281162325157,,2.992435669590774,1.6574620092631664,1.3349736603276074,1.6038721545538108,,16.464101452906444,7.284158983083648e-07
2019-10-25,3.8990510169568706,0.8941090058746021,,2.990246975503687,1.6553288861491502,1.334918089354537,1.0979651434924027,,16.573637426567476,7.268231085172327e-07
2019-10-28,4.1161507241894055,0.9688934875539905,-0.48740434163067303,2.9880595923723208,1.6532009200343327,1.334858672337988,1.1893177794768208,-0.6092554270383412,15.638831405575118,7.251548309996714e-07
2019-10-29,4.643598385882508,1.1500844963638195,,2.985873533867812,1.6510781256553104,1.3347954082125015,1.4136837461100848,,14.626056204547744,7.376742851571899e-07
2019-10-30,5.078969727685941,1.2997079901797166,,2.9836888136530177,1.6489605177128692,1.3347282959401485,1.598595505437515,,16.49634987724646,7.352456880876412e-07
2019-10-31,4.605718251229748,1.1378051643339406,,2.9815054453824357,1.646848110871873,1.3346573345105626,1.3941045662892986,,14.472564554174257,7.377109378997484e-07
2019-11-01,4.691414188976335,1.167542950421887,,2.9793234427021087,1.6447409197611726,1.334582522940936,1.4291696077885312,,14.844286880273586,7.340742034414394e-07
2019-11-04,4.49950820559139,1.102104428200767,-0.39859704786615535,2.9771428192495453,1.6426389589734924,1.3345038602760528,1.3452694942244512,-0.49824630983269413,14.026305352509588,7.30371826713394e-07
2019-11-05,4.133082864366983,0.9768321855061769,,2.974963588653637,1.6405422430653414,1.3344213455882958,1.1865824749480622,,15.53959768117279,7.194337334770021e-07
2019-11-06,4.319721610435607,1.0411833982112746,,2.972785764534568,1.6384507865569053,1.3343349779776628,1.2649300343209984,,14.735207522359069,7.095082504397039e-07
2019-11-07,4.066045030615055,0.9545708336022469,,2.9706093605037305,1.636364603931944,1.3342447565717865,1.1545781459347524,,15.817864579971914,7.020180672670841e-07
2019-11-08,4.041604051082886,0.9465548038667755,,2.9684343901636416,1.6342837096376996,1.334150680525942,1.1424772144711688,,15.918064951665308,7.033554705730979e-07
2019-11-11,4.628699491363829,1.1482098703183696,-0.3678600864544203,2.966260867107862,1.6322081180847872,1.334052749023075,1.392470455982749,-0.45982510806802535,14.602623378979619,7.103785343627041e-07
2019-11-12,4.093905644026031,0.9652186421494446,,2.9640888049209018,1.6301378436471032,1.3339509612737985,1.161661146333909,,15.684766973131943,6.992217943123034e-07
2019-11-13,4.597788162442648,1.1383464808068036,,2.961918217178142,1.6280729006617176,1.3338453165164244,1.3760060016702218,,14.479331010085042,6.959489451668628e-07
2019-11-14,4.0292283892052785,0.9437812697334684,,2.959749117445751,1.6260133034287825,1.3337358140169684,1.1307398905956179,,15.952734128331647,6.876116983109753e-07
2019-11-15,4.587518287922617,1.1355659624140106,,2.957581519280594,1.6239590662114296,1.3336224530691643,1.3684165192289428,,14.444574530175132,6.861496775449306e-07
2019-11-18,4.311659012157398,1.0413580917244445,-0.43909460551703705,2.955415436230152,1.621910203235668,1.3335052329944839,1.2486078178912237,-0.5488682568962963,14.733023853444443,6.929984192830993e-07
2019-11-19,4.973922846568235,1.2687938640380774,,2.953250881832436,1.6198667286902935,1.3333841531421426,1.53085905873789,,16.109923300475966,6.903893933467296e-07
2019-11-20,4.593814355954305,1.138846267469488,,2.951087869615907,1.6178286567267812,1.3332592128891259,1.366386491063641,,14.485578343368598,6.902667546664421e-07
2019-11-21,4.9119379381690385,1.248293947159297,,2.948926413099383,1.6157960014591974,1.3331304116401854,1.5011634354083185,,15.853674339491212,6.995415412565868e-07
2019-11-22,4.213834624654729,1.009322394028977,,2.9467665257919577,1.6137687769640914,1.3329977488278664,1.2004217695003125,,15.133470074637788,7.026060058200047e-07
2019-11-25,4.544076299472496,1.1245149786070778,-0.38550853278046665,2.947941554526257,1.6161914417248529,1.3317501128014042,1.324612942761478,-0.482163443753361,14.261992788144028,6.978181789091541e-07
2019-11-26,4.227156679385356,1.0178250965816023,,2.9491181794583423,1.6186195652982711,1.3304986141600712,1.1714564915808294,,15.827186292729973,6.985661017297242e-07
2019-11-27,4.471882319897425,1.1037007042040032,,2.950296414067634,1.6210531616477801,1.329243252419854,1.2590123752361173,,15.15374119744996,6.929881730504548e-07
2019-11-28,4.57101057931996,1.1396586043817558,,2.9514762718234917,1.623492244698914,1.3279840271245777,1.2841766112872195,,15.104267445228054,6.950536421046984e-07
2019-11-29,4.454795531311348,1.1017859024064323,,2.9526577661851325,1.6259368283392068,1.3267209378459257,1.2170580952361358,,15.977676219919598,6.974462568207864e-07
2019-12-02,4.329514724693669,1.0608063236051835,-0.43724022870765566,2.953840910601542,1.6283869264181043,1.3254539841834378,1.14606149759125,-0.5482169525512361,16.88992095493521,6.877778233825434e-07
2019-12-03,4.306300460893175,1.0548223656061262,,2.955025718511394,1.630842552746859,1.3241831657645349,1.1188149541989612,,17.364720429923423,6.874523363726699e-07
2019-12-04,4.028206481437092,0.9614524483373347,,2.9562122033429636,1.633303721098444,1.3229084822445196,0.9823415037423344,,18.93184439578332,6.848120704075879e-07
2019-12-05,4.523479873148884,1.133238424379585,,2.9574003785140497,1.6357704452074482,1.3216299333066015,1.1773184756819295,,17.184519695255187,6.86439692928132e-07
2019-12-06,5.1589028451831265,1.3530770453783991,,2.958590257431883,1.63824273876999,1.320347518661893,1.4323668232707667,,16.719018622785544,6.902812376693278e-07
2019-12-09,4.425880390562522,1.1037357317139616,-0.4178798825610627,2.959781853493045,1.6407206154436138,1.3190612380494313,1.1009458356416213,-0.5254054087568839,18.35330335357548,6.908476290719986e-07
2019-12-10,4.5525828424162755,1.1491585917829368,,2.9609751800833894,1.6432040888472033,1.3177710912361862,1.1379856619092075,,18.18551760271329,6.86446622794726e-07
2019-12-11,5.704307383823246,1.546018939659061,,2.9621702505779504,1.6456931725608837,1.3164770780170667,1.6143279582458208,,18.997458967960483,6.910566938209823e-07
2019-12-12,4.900782412269053,1.2725093629070985,,2.963367078340863,1.6481878801259242,1.3151791982149388,1.2527134726486862,,17.44363296366127,6.830849632524859e-07
2019-12-13,5.281981396431358,1.405192187766447,,2.9645656767252784,1.6506882250446522,1.3138774516806262,1.3988451264193775,,17.148235680413922,6.728363192117711e-07
2019-12-16,5.4404816928935755,1.461522502024504,-0.18861462827996048,2.965766059073287,1.653194220780351,1.312571838292936,1.449541792755425,-0.240212729794395,17.80792016419519,6.516876989257806e-07
2019-12-17,5.493606387584289,1.481725357795976,,2.966968238715824,1.655705880757175,1.311262357958649,1.455084800224367,,18.01601141689414,6.490825526306145e-07
2019-12-18,4.774959981455766,1.237322292327033,,2.968172228972591,1.6582232183600478,1.3099490106125433,1.1298760837688389,,19.48347134591209,6.405925940615906e-07
2019-12-19,5.2729429810510915,1.410050616189839,,2.9693780431519783,1.66074624693458,1.3086317962173983,1.3260872949496563,,17.724367297627012,6.398473102299054e-07
2019-12-20,4.833474435802062,1.2613682832133486,,2.9705856945509725,1.6632749797869648,1.3073107147640077,1.120540889359206,,19.982896459833146,6.244932327749632e-07
2019-12-23,6.302101563626785,1.7668914764025723,0.0057054287128258385,2.971795196455078,1.6658094301838973,1.305985766271181,1.7327571090204457,0.0012984525576990036,21.40281012169882,6.195354505095424e-07
2019-12-24,4.933716542777194,1.2997260794292391,,2.9730065621382344,1.668349611352476,1.3046569507857584,1.129118321750136,,20.30342400713451,6.177000977716744e-07
2019-12-25,5.171207637650859,1.3831480626245105,,2.9742198048627344,1.6708955364801104,1.303324268382624,1.2137195036496373,,19.66064921719362,6.078302377318577e-07
2019-12-26,5.219766518685295,1.4017945640856861,,2.975434937879136,1.6734472187144356,1.3019877191647005,1.2173570904882098,,19.827567948928923,6.057343185204626e-07
2019-12-27,5.106167046912056,1.364845187237699,,2.976651974426183,1.6760046711632133,1.3006473032629695,1.1515055996547812,,20.689435159528763,5.978557912964325e-07
2019-12-30,6.149423788089495,1.7245334913930077,-0.031792487219476376,2.977870927730726,1.6785679068942496,1.2993030208364762,1.5814569933577314,-0.04696283124656769,20.651113086857038,5.951170120754926e-07
2019-12-31,6.569886718806231,1.8706937481300194,,2.979091811007632,1.6811369389352961,1.297954872072336,1.7445041240978205,,22.433671851625245,5.966007558866705e-07
2020-01-01,5.601528141135149,1.5406878834602638,,2.980314637459708,1.683711780273968,1.29660285718574,1.3123494123770754,,19.691401456746704,5.972484900864789e-07
2020-01-02,5.351898974608478,1.4571047779342265,,2.9815394202776124,1.6862924438576459,1.2952469764199666,1.1882289718309844,,21.13619027582217,5.92314853950058e-07
2020-01-03,5.077126276181707,1.3649022734862108,,2.9827661726397823,1.6888789425933926,1.2938872300463897,1.0533401177844892,,22.688721581422364,5.815715682215966e-07
2020-01-06,5.820611673641172,1.621818064888459,-0.1095286974817682,2.983994907712341,1.691471289347862,1.2925236183644788,1.3548549815695468,-0.1455219829633213,19.877274188894262,5.74609845169799e-07
2020-01-07,5.841317769149021,1.6309250381095157,,2.9852256386490192,1.6940694969472059,1.2911561417018134,1.3466146834729893,,20.163437023631055,5.731293604606021e-07
2020-01-08,5.770084401044834,1.6085111315034495,,2.9864583785910757,1.6966735781769928,1.2897848004140828,1.2989791592229711,,20.843610856206883,5.626884645499343e-07
2020-01-09,6.121508216254605,1.7310094749215919,,2.987693140667214,1.699283545782111,1.288409594885103,1.4324898338785452,,20.376507325408788,5.574047740907835e-07
2020-01-10,6.228322781762458,1.7696429993600806,,2.9889299379934964,1.7018994124666875,1.2870305255268089,1.4611753838890105,,20.814981936445452,5.511941548727349e-07
2020-01-13,6.249073117089068,1.7787699909525483,-0.014153339364967984,2.9901687836732647,1.7045211908939952,1.2856475927792694,1.4529836795846802,-0.02769167420620993,20.88462488690685,5.462370427388437e-07
2020-01-14,6.071328575624739,1.7198427931415592,,2.991409690797063,1.707148893686368,1.2842607971106952,1.3597301628910947,,21.051965085730508,5.360994424071561e-07
2020-01-15,5.842379471835905,1.6433609360066441,,2.992652672442546,1.7097825334251129,1.2828701390174333,1.2445392589889734,,22.407988299916944,5.211701257955069e-07
2020-01-16,6.5069600736152164,1.8732333050701393,,2.9938977416744064,1.7124221226504197,1.2814756190239867,1.512297087321427,,21.932082980043408,5.19416386383609e-07
2020-01-17,6.324266246702754,1.812612762241695,,2.9951449115442856,1.715067673861281,1.2800772376830047,1.4169447377745104,,21.129881750243406,5.188738751850095e-07
2020-01-20,6.676776089000509,1.9354917918690469,0.08106860198677197,2.9963941950907014,1.7177191995153958,1.2786749955753056,1.5509728282405932,0.0899468635945761,22.621425176140864,5.065154086216738e-07
2020-01-21,6.68833852351261,1.9414757326033345,,2.997645605338957,1.7203767120290947,1.2772688933098624,1.5388880444499293,,22.651779990875013,5.039457331990734e-07
2020-01-22,5.960153103060819,1.6938329961587908,,2.9988991553010633,1.723040223777244,1.2758589315238194,1.2097759134201767,,23.777087548015118,5.018598034417406e-07
2020-01-23,6.001746439493406,1.71011555732731,,3.0001548579756623,1.7257097470931664,1.274445110882496,1.2105764159745258,,23.97355553340863,4.97416711039988e-07
2020-01-24,6.2852360030218835,1.8093351137511364,,3.001412726347938,1.728385294268551,1.273027432079387,1.3150541864574716,,23.133311078110793,4.892087275869727e-07
2020-01-27,6.225930080562496,1.7910259287828976,-0.02450123266325349,3.002672773389539,1.7310668775533729,1.2716058958361662,1.2726270663097727,-0.04340431860684463,23.76217589021378,4.783527504242714e-07
2020-01-28,6.905905509198258,2.0261857686726876,,3.003935012058497,1.7337545091558055,1.2701805029026916,1.5470422755522206,,23.488433219519706,4.74162116399727e-07
2020-01-29,6.810466902506485,1.9954904944518832,,3.0051994552991497,1.736448201242134,1.2687512540570156,1.4891446526403216,,23.06029784731521,4.7010974726890294e-07
2020-01-30,7.118160775152428,2.103013190365348,,3.006466116042051,1.7391479659366773,1.2673181501053739,1.604025565004474,,24.359887101789074,4.6629601742045656e-07
2020-01-31,6.918151376950409,2.0364673069781993,,3.007735007203898,1.7418538153216954,1.2658811918822028,1.501326837933333,,23.48361911500526,4.603793408053893e-07
2020-02-03,6.898339729200892,2.031704616491471,0.1266919665498695,3.00900614168745,1.7445657614373165,1.2644403802501336,1.4758631987183217,0.14419829152067032,23.37964103947672,4.505180360463093e-07
2020-02-04,7.291145973609106,2.1684120180857454,,3.010279532381441,1.7472838162814412,1.2629957160999996,1.6272432833330668,,25.0440391149607,4.4805598562485207e-07
2020-02-05,7.0815701037368495,2.098589502990428,,3.011555192160506,1.7500079918096725,1.2615472003508337,1.5204670927699298,,24.126813231824794,4.4476184940057216e-07
2020-02-06,6.986922684961105,2.0681721156125263,,3.012833133885097,1.7527382999352203,1.2600948339498765,1.462953444450878,,23.70215144515658,4.3979146485087367e-07
2020-02-07,7.527164570386148,2.25543214184946,,3.0141133704014065,1.7554747525288297,1.2586386178725768,1.6775427076184324,,25.99845732867381,4.3629700708540565e-07
2020-02-10,7.095234845474005,2.1093772615338904,0.16921447065222311,3.0153959145412834,1.7582173614186927,1.2571785531225907,1.475494493891611,0.19596253275972342,24.128326880284742,4.370487767999924e-07
2020-02-11,6.994314738946765,2.0768124607431826,,3.016680779122152,1.760966138390365,1.2557146407317872,1.4153150476526768,,24.589844240710214,4.281448838418037e-07
2020-02-12,6.853505130206593,2.0305723200577934,,3.017967976946935,1.7637210951866917,1.2542468817602432,1.3380476063700442,,25.567845999277584,4.258320054562054e-07
2020-02-13,7.4387084267902255,2.2332519439743383,,3.0192575208039747,1.7664822435077174,1.2527752772962573,1.571936062364529,,25.543427077457004,4.179003705322194e-07
2020-02-14,7.671520395816674,2.3151127316877633,,3.020549423466947,1.7692495950106126,1.2512998284563346,1.654807176286983,,26.522242479430368,4.1763051786171863e-07
2020-02-17,7.266747269931789,2.178373956272433,0.20595300788532556,3.0218436976947864,1.772023161309585,1.2498205363852015,1.4644350510945703,0.24049681541221252,24.920325546594587,4.159337471574959e-07
2020-02-18,7.788120466789511,2.3591720970758026,,3.0231403562316084,1.7748029539758088,1.2483374022557996,1.6709902975427846,,26.984095657891977,4.1040462685684436e-07
2020-02-19,6.686738878682806,1.9835981961634106,,3.024439411806622,1.7775889845373347,1.246850427269287,1.1820867297415982,,28.155022547957362,4.0735994594995807e-07
2020-02-20,4.380504400893506,1.0933455950230504,,2.812407543800723,1.495936820034573,1.31647072376615,1.1876188138133859,,14.083180062211872,4.091854620322931e-07
2020-02-21,4.69137160690591,1.2106994845816275,,2.832036387127818,1.5231686348620852,1.3088677522657326,1.2171543980464197,,15.21525110849825,4.054040438413596e-07
2020-02-24,4.8460257510491775,1.277506714669655,-0.30923990265341095,2.857990970207447,1.5588377947321022,1.2991531754753447,1.1497886388710001,-0.3906865351817408,17.737951952196386,4.0239827947972056e-07
2020-02-25,6.369690989251618,1.8150279860298537,,2.8867573992394617,1.5982591023741322,1.2884982968653296,1.655838258071413,,21.8654381716931,4.054714599779256e-07
2020-02-26,5.9717188460392885,1.694532852807263,,2.917268667193984,1.6400098761882593,1.2772587910057247,1.330080981284945,,20.124048636332283,4.0545550120346744e-07
2020-02-27,6.327322823494732,1.832931983451264,,2.9488834832550754,1.6832350561700604,1.265648427085015,1.3220754404293953,,22.430192917844607,3.9692512101957957e-07
2020-02-28,6.96314994111927,2.06770759554835,,2.9811286772684067,1.7273037431741993,1.2538249340942074,1.4311980601892251,,23.684864589513555,3.912152879245427e-07
2020-03-02,6.740516247462562,2.008269249994938,0.08586628139057975,3.0136167991305904,1.7716993314335618,1.2419174676970286,1.1712772706546875,0.0893858689473179,28.490289593969123,3.8298604272763466e-07
2020-03-03,7.6616226831834995,2.3409256416058373,,3.046011457662833,1.8159732937241486,1.2300381639386844,1.4019931049224112,,28.460899814489643,3.7307672679000506e-07
2020-03-04,8.752142214275732,2.7314778745493475,,3.0780104631019674,1.8597227046864848,1.2182877584154825,1.7072087001032954,,30.609750736327097,3.7488572339771335e-07
2020-03-05,8.658742552402163,2.7157944362565734,,3.109336913668889,1.9025783562502256,1.2067585574186632,1.5082365530103095,,31.856096820884222,3.6571950194707967e-07
2020-03-06,9.046431310020717,2.864612905778249,,3.1397342714270353,1.944198192112164,1.1955360793148713,1.5198669176921233,,33.884091997343226,3.5443265149398153e-07
2020-03-09,10.235949883625981,3.287787976669527,0.8469998073330388,3.1689636144061732,1.9842636439012962,1.184699970504877,1.8806924893784562,1.0270209325993016,36.27073745764958,3.511593131434054e-07
2020-03-10,10.66804093521769,3.4506110275161386,,3.1968021480497364,2.022477646441979,1.1743245016077575,1.9235158065847533,,37.908186595446935,3.426058772979637e-07
2020-03-11,10.778553955338364,3.502417396061162,,3.223042475493634,2.058563664792368,1.164478810701266,1.8361122356165394,,38.17927110225995,3.358844225920301e-07
2020-03-12,10.811567181039367,3.5267994837281003,,3.2474923361288712,2.092265345661266,1.1552269904676051,1.723997745555466,,39.496811639185395,3.1848758059765586e-07
2020-03-13,11.232380892703807,3.683204471336175,,3.2699746348908834,2.1233465564606053,1.146628078430278,1.7874258966931567,,40.478616589175815,3.0522998318994124e-07
2020-03-16,11.349876126312303,3.7346002617151646,1.071910772695093,3.290327648919038,2.1515916608514756,1.1387359880675625,1.7309691666152316,1.297215055601614,42.51720751340403,2.9456153716540227e-07
2020-03-17,11.566017117566894,3.818733607635414,,3.308405336440159,2.176805930588856,1.1315994058513028,1.7275899627345592,,43.87322349773148,2.8461463849668466e-07
2020-03-18,11.797385446950594,3.9069419899492663,,3.324077696422351,2.1988160250600766,1.1252616713622743,1.7421535518138116,,44.889344417925436,2.6870685579264544e-07
2020-03-19,12.159630805241862,4.038822629682774,,3.337231142796886,2.2174704902473548,1.1197606525495312,1.8247623292295736,,45.0569731951478,2.540860851766914e-07
2020-03-20,12.189719645336018,4.05557505568994,,3.347768867220379,2.2326402424107403,1.1151286248096386,1.7774320938080286,,46.3494972317482,2.421997807033231e-07
2020-03-23,12.142271645725854,4.044459478944994,1.2367121429247698,3.3556111713822636,2.2442190111647684,1.1113921602174952,1.7096632433832961,1.4969510522001785,47.66659860951644,2.2702386277439726e-07
2020-03-24,12.864947374435985,4.296072700130041,,3.360695754905784,2.252123723346482,1.108572031559302,1.9850341238095677,,46.02654780222658,2.1712792264911464e-07
2020-03-25,12.92911148694869,4.320575602878734,,3.362977948652847,2.2562948140886028,1.106683134564244,1.9914841512226182,,46.27613470305538,2.0978249751259604e-07
2020-03-26,13.461004921680994,4.504095131011399,,3.362430886173943,2.256696455419452,1.1057344307544907,2.2118153691836997,,48.551189137642474,2.0304594344050923e-07
2020-03-27,12.610284205789185,4.212223528968958,,3.359045608439896,2.2533166959053164,1.1057289125345795,1.8530659406521108,,46.926748884247274,1.8950822335884508e-07
2020-03-30,12.88619088997092,4.305276450514365,1.406669260784621,3.3528310990569956,2.246167507603983,1.1066635914530125,1.9905825960474737,1.7088093200470331,46.14159468203063,1.7970760946793342e-07
2020-03-31,12.790616808897422,4.269629602683148,,3.3438142490517127,2.235284739111067,1.1085295099406456,1.9821916260022874,,45.79010980061392,1.7254987081187065e-07
2020-04-01,12.451827664247121,4.149281067237045,,3.332039752138789,2.220727975917489,1.1113117762212998,1.8826523417486591,,45.17817208740938,1.621324583182589e-07
2020-04-02,12.622465437572286,4.202309189146961,,3.317569933271177,2.202580311809428,1.1149896214617492,2.014230350121879,,45.24639196809451,1.561203808868759e-07
2020-04-03,12.417460489594934,4.125299470968363,,3.300484515335018,2.180948037794992,1.1195364775400263,1.997232415822599,,44.48556346573885,1.4904035900965315e-07
2020-04-06,12.009181119864483,3.9773957133425553,1.222627727445157,3.280880331248507,2.1559602582360684,1.1249200730124387,1.9050719225156993,1.4839392470889639,42.87218046198481,1.4579762808544373e-07
2020-04-07,11.51945500434248,3.800421492498424,,3.258870991654259,2.127768447771511,1.131102543882748,1.7894224920143418,,41.69444212861328,1.4278899222516994e-07
2020-04-08,11.165861608029626,3.669037386123589,,3.234586522156985,2.0965459676340688,1.1380405545229162,1.7429164513508884,,40.655705154333134,1.3597152568667825e-07
2020-04-09,10.46414722894683,3.4172830959570932,,3.2081729891014423,2.0624875666876985,1.1456854224137438,1.5573244818681395,,40.86576648632298,1.3025646427202218e-07
2020-04-10,10.284740792340957,3.3436684059677018,,3.1797921399184634,2.0258089018889542,1.1539832380295092,1.6049212350963005,,38.61266206194478,1.2425126862998095e-07
2020-04-13,9.947656321047276,3.2151395965337164,0.7819909290014441,3.149621094241282,1.9867461264421278,1.1628749677991543,1.5934449978568745,0.9432733409486503,36.83081627987171,1.1966806789764506e-07
2020-04-14,9.347835685213466,2.995768288796266,,3.1178521372458685,1.9455556142530623,1.1722965229928062,1.4769598498886471,,35.992406646522134,1.1739151473171581e-07
2020-04-15,9.451324266563386,3.016868801316801,,3.0846926903614467,1.9025139208765418,1.1821787694849049,1.6685025158796913,,33.300665203174304,1.1419568360471007e-07
2020-04-16,9.255710391684813,2.9348632231269476,,3.0503655727077152,1.857918132099286,1.1924474406084293,1.7374123124473373,,32.70762059196558,1.1195870972055073e-07
2020-04-17,8.045408155300608,2.504521586336401,,3.015109730815901,1.8120868369013805,1.2030228939145204,1.375877472052008,,30.496984430652716,1.0823655067779846e-07
2020-04-20,7.979207974344917,2.466122764936583,0.3719870732236359,2.9791817271812455,1.7653621121929697,1.2138196149882758,1.5078783275546652,0.444169626019432,27.746260080089222,1.0748291972534147e-07
2020-04-21,7.0291951087669045,2.1245135618744713,,2.9428584881390787,1.7181131866490515,1.2247453014900271,1.262996515719595,,27.037235695474934,1.0234489457785001e-07
2020-04-22,6.794180075193922,2.0280014814236296,,2.9064422280061843,1.6707430062313318,1.2356992217748526,1.3250046805904574,,24.103304675772034,1.0049716656288329e-07
2020-04-23,6.172460342793518,1.799020126542462,,2.870269362512208,1.6237001187634614,1.2465692437487468,1.220150681886795,,22.854091129204612,9.921457877643653e-08
2020-04-24,6.146805142491008,1.7747034465626872,,2.834727366308471,1.5775011506095038,1.2572262156989673,1.36778549790047,,20.927603160208804,9.79293366639091e-08
2020-04-27,5.236228328162458,1.4475100806109675,-0.21301043182935814,2.8002894340941618,1.532777021508879,1.2675124125852828,1.1309587954325522,-0.2729656126221981,19.307828875483555,9.803512498991155e-08
2020-04-28,5.390229564575597,1.4861452890033338,,2.7675968812268636,1.4903828120571059,1.2772140691697578,1.3421318741131028,,18.16495101414533,9.884056184516405e-08
2020-04-29,4.552288220641911,1.1860243811946953,,2.737716739274713,1.4517412244420478,1.285975514832665,1.114883108392718,,15.52368990083489,9.744972851126224e-08
2020-04-30,4.102649468708378,1.0220475548486203,,2.7141629265725875,1.4215374765188673,1.2926254500537202,1.0240969200796426,,14.974405564392246,9.93280511325154e-08
2020-05-01,3.889898036808057,0.9496033685185805,,2.712270439231993,1.4202182231565716,1.2920522160754215,0.9322224338047972,,15.879957893517744,9.808835856681301e-08
2020-05-04,4.4157186670974875,1.130384541235442,-0.37974363917637205,2.7103810001995674,1.4189057549827213,1.291475245216846,1.1568864315270238,-0.47467954897046505,14.379806765443025,9.925738914512366e-08
2020-05-05,4.638963859006403,1.2074262082671416,,2.7084946212842964,1.4176000810864258,1.2908945401978706,1.2518828414203527,,15.34282760333927,9.94161739189101e-08
2020-05-06,4.41983832920887,1.132798550784425,,2.7066113142760413,1.4163012105097412,1.2903101037663,1.1572993989902722,,14.409981884805312,9.899125432033883e-08
2020-05-07,5.106303606940562,1.368659799969731,,2.704731090945467,1.4150091522476131,1.2897219386978538,1.4508339022097767,,17.358247499621637,9.865187152644111e-08
2020-05-08,4.8216729510629275,1.2715744942964502,,2.702853963043962,1.413723915247806,1.289130047796156,1.3281920331183688,,16.14468117870563,9.864677973006223e-08
2020-05-11,4.21214565045256,1.0630966682339582,-0.4246022211773613,2.70097994230357,1.4124455084108503,1.2885344338927198,1.0663163437032979,-0.5307527764717016,14.461291647075523,9.885670222664615e-08
2020-05-12,4.207002019779524,1.0618367079431519,,2.699109040436913,1.4111739405899715,1.2879350998469414,1.063469825518911,,14.477041150710605,9.806592534881402e-08
2020-05-13,4.481234976770594,1.1563636063382425,,2.6972412691371237,1.4099092205910382,1.2873320485460855,1.180363728513841,,14.70454507922803,9.788413668723368e-08
2020-05-14,4.022062186723574,0.9994376983489179,,2.695376640077766,1.408651357172492,1.286725282905274,0.9829484801086391,,15.257028770638527,9.723186093176768e-08
2020-05-15,4.722095875442354,1.2399545967838985,,2.6935151649127635,1.407400359045294,1.2861148058674696,1.2823436050251669,,15.74943245979873,9.619842634483369e-08
2020-05-18,4.438979534249925,1.1433920626212302,-0.3710719582525133,2.6916568552763334,1.4061562348728622,1.2855006204034711,1.1603963131493997,-0.46383994781564164,14.542400782765375,9.551728196068081e-08
2020-05-19,4.400702690847735,1.130775069303024,,2.6898017227829025,1.4049189932710084,1.284882729511894,1.1433878298997884,,14.384688366287799,9.455743449925336e-08
2020-05-20,4.549896935056724,1.182434440132498,,2.6879497790270435,1.4036886428078847,1.2842611362191587,1.2067316929735072,,15.030430501656225,9.422410382950683e-08
2020-05-21,4.9109730705304075,1.3067395860042872,,2.6861010355833974,1.4024651920039168,1.2836358435794806,1.3608896745092756,,16.584244825053588,9.461521538543839e-08
2020-05-22,4.3663348472572245,1.1205146422625007,,2.684255504006608,1.4012486493317522,1.2830068546748556,1.126891952159878,,14.256433028281258,9.474174304124044e-08
2020-05-25,4.265452631378117,1.086435155495434,-0.4090432296697108,2.6824131958312387,1.4000390232161957,1.282374172615043,1.083082967585488,-0.5113040370871385,14.169560556307076,9.646437782366515e-08
2020-05-26,4.831583363037038,1.2810463547987094,,2.6805741225717115,1.398836322034155,1.2817378005375564,1.3251442655325418,,16.26307943498387,9.45879151764322e-08
2020-05-27,4.640687342632967,1.2161060499189362,,2.6787382957222254,1.397640554114582,1.2810977416076434,1.2427731165132523,,15.451325623986703,9.501205611707623e-08
2020-05-28,4.188213445528622,1.0614824191539534,,2.6769057267566962,1.3964517277384112,1.280453999018285,1.0483047516808528,,14.481469760575584,9.504130363237287e-08
2020-05-29,4.300881851801715,1.1006223738390826,,2.6750764271286718,1.3952698511385095,1.2798065759901622,1.0960478184373625,,14.00777967298853,9.576551057414161e-08
2020-06-01,4.365958654977405,1.123445709912656,-0.38436952672489616,2.6732504082712674,1.3940949324996113,1.2791554757716561,1.123402069890431,-0.48046190840612013,14.293071373908198,9.640911895494553e-08
2020-06-02,4.422717161218011,1.143417553352598,,2.6714276815970983,1.392926979958269,1.2785007016388292,1.1471989216490164,,14.542719416907474,9.629013433500294e-08
2020-06-03,3.81977855764608,0.9372080178873065,,2.669608258498198,1.391766001602791,1.277842256895407,0.888276023961924,,16.034899776408672,9.646398516156508e-08
2020-06-04,3.7532233683762057,0.9149018470638128,,2.6677921503459565,1.3906120054731899,1.2771801448727667,0.8592393143029557,,16.31372691170234,9.584411839463004e-08
2020-06-05,3.9810095719244663,0.9935131973597057,,2.6659793684910413,1.3894649995611228,1.2765143689299185,0.9563564962607547,,15.331085033003681,9.63990382417513e-08
2020-06-08,3.952439368120008,0.984231386838639,-0.47717907544090743,2.6641699242633354,1.38832499180984,1.2758449324534955,0.9436142253581385,-0.5964738443011343,15.447107664517013,9.480634527980437e-08
2020-06-09,4.063259829025862,1.0227411183232997,,2.662363828971859,1.387191990114128,1.275171838857731,0.9906183880182526,,14.965736020958754,9.549537130486179e-08
2020-06-10,4.509246058766853,1.1761652770508007,,2.6605610939047004,1.3860660023202536,1.2744950915844468,1.1812725986337542,,14.952065963135006,9.549932861972549e-08
2020-06-11,4.226469941020294,1.0797285012410316,,2.65876173032895,1.3849470362259126,1.2738146941030373,1.0596076627772018,,14.253393734487107,9.51053913157243e-08
2020-06-12,4.3528298029873005,1.1235673526012226,,2.656965749490623,1.3838350995801718,1.273130649910451,1.1132942903317,,14.294591907515283,9.493029260060984e-08
2020-06-15,3.8540807992603274,0.9530835907949287,-0.49794427280338094,2.6551731626145942,1.3827302000834207,1.2724429625311735,0.8990846885770815,-0.6224303410042262,15.836455115063393,9.481807864210184e-08
2020-06-16,4.119506301594602,1.0446029356494866,,2.653383980904524,1.3816323453873116,1.2717516355172125,1.0123860149491697,,14.692463304381418,9.595562335730733e-08
2020-06-17,4.4851141346467704,1.170470919409381,,2.6515982155427955,1.3805415430947139,1.2710566724480816,1.16863019235644,,14.880886492617261,9.881379997583139e-08
2020-06-18,4.486299016689066,1.1713942949812164,,2.6498158776904344,1.3794578007596543,1.27035807693078,1.1687006694861746,,14.892428687265202,9.992961701025999e-08
2020-06-19,4.022955364936551,1.0130511406174512,,2.6480369784870454,1.3783811258872694,1.269655852599776,0.9696950516590831,,15.086860742281862,9.944733188310518e-08
2020-06-22,4.331627456023454,1.1193994863655465,-0.38706700908963576,2.6462615290507454,1.3773115259337534,1.268950003116992,1.1015608838906863,-0.48383376136204465,14.24249357956933,1.0003760973504946e-07
2020-06-23,5.0431306753567675,1.36386174241788,,2.644489540478087,1.3762490083063021,1.2682405321717847,1.406076186328652,,17.298271780223498,1.0067083902602318e-07
2020-06-24,4.265861869467181,1.0978882484893235,,2.6427210238439915,1.3751935803630686,1.267527443480923,1.0725538909747228,,14.026396893883458,9.986105088740571e-08
2020-06-25,4.027891866225265,1.0168175664629067,,2.640955990201682,1.3741452494131043,1.2668107407885776,0.9701672074917375,,15.039780419213669,9.875899961290456e-08
2020-06-26,4.208175570760759,1.0791485132765408,,2.639194450582615,1.3731040227163165,1.2660904278662986,1.0470396643119924,,14.26064358404324,9.872744835272788e-08
2020-06-29,4.299738483737823,1.11106125290322,-0.3926258313978534,2.6374364159964063,1.3720699074834104,1.265366508512996,1.0858964736124352,-0.4907822892473167,14.13826566129025,9.947261448881442e-08
2020-06-30,4.213050653755866,1.0818597943171342,,2.6356818974307665,1.3710429108758468,1.2646389865549197,1.0483676537722644,,14.226752571035824,9.806456620958716e-08
2020-07-01,4.253467556922577,1.0962374359188198,,2.6339309058514293,1.3700230400057845,1.2639078658456449,1.0653198349043091,,14.047032051014753,9.745473558500125e-08
2020-07-02,3.7577164851148104,0.9267863843675793,,2.6321834522020895,1.3690103019360378,1.2631731502660517,0.8524932823955118,,16.16517019540526,9.798279334835089e-08
2020-07-03,3.924482428835523,0.9844843429896859,,2.630439547404325,1.3680047036800254,1.2624348437242996,0.9236101324171326,,15.443945712628928,9.80441019849403e-08
2020-07-06,4.207615084884792,1.0820797715514203,-0.41194681896571983,2.6286992023575335,1.367006252201718,1.2616929501558156,1.0446059666409933,-0.5149335237071497,14.224002855607246,9.932664469467944e-08
2020-07-07,4.200517065262684,1.0801678435973077,,2.6269624279388695,1.3660149544155975,1.260947473523272,1.0412247589122319,,14.247901955033655,9.809746774046884e-08
2020-07-08,4.058672182155065,1.0320572870168,,2.625229235003165,1.3650308171866012,1.2601984178165637,0.9801024259576011,,14.849283912290002,1.0022132973424456e-07
2020-07-09,4.193360406010726,1.0787583696708276,,2.623499634382871,1.3640538473300818,1.259445787052789,1.0375018094186164,,14.265520379114655,9.886834391120461e-08
2020-07-10,4.275146275043258,1.1073217826497048,,2.6217736368879843,1.3630840516117528,1.2586895852762314,1.0722362799238836,,14.091522283121307,9.710342349924324e-08
2020-07-13,4.563560904217688,1.2067296147829432,-0.328846923478038,2.6200512533059857,1.362121436747649,1.2579298165583366,1.195533455226328,-0.41105865434754746,15.334120184786787,9.707621747387108e-08
2020-07-14,4.216016432723199,1.088094591772874,,2.6183324944017663,1.3611660094040727,1.2571664849976936,1.0462842491201652,,14.148817602839076,9.611412493073003e-08
2020-07-15,4.38890025692614,1.1478923846357905,,2.616617370917562,1.3602177761975538,1.2563995947200084,1.1200832569922918,,14.59865480794738,9.610462923044072e-08
2020-07-16,4.05812689657046,1.0350079638279295,,2.614905893572892,1.3592767436948012,1.2556291498780907,0.9780366984797131,,14.812400452150882,9.606489415507772e-08
2020-07-17,4.446392666904228,1.1686514868318179,,2.613198073064482,1.3583429184126552,1.254855154651827,1.1441572769524275,,14.858143585397723,9.591975686704702e-08
2020-07-20,4.376136246554488,1.145087635713483,-0.3699415761910115,2.6114939200662057,1.3574163068180478,1.254077613248158,1.1137758514599012,-0.46242697023876433,14.563595446418535,9.52190737912506e-08
2020-07-21,4.5461374120327145,1.2038980403815784,,2.6097934452290117,1.3564969153279514,1.2532965299010603,1.1863694658049242,,15.29872550476973,9.561447130188913e-08
2020-07-22,4.491282803710172,1.1856152554933386,,2.608096659180865,1.3555847503093408,1.2525119088715244,1.162603819676014,,15.070190693666731,9.536562113248053e-08
2020-07-23,4.44609867583347,1.1706482747457376,,2.6064035725266725,1.3546798180791433,1.2517237544475293,1.1429901615113152,,14.883103434321718,9.634168891801858e-08
2020-07-24,4.204064088440482,1.0881899109610664,,2.604714195848217,1.3537821249042006,1.2509320709440166,1.0390195136055336,,14.14762611298667,9.620946884628282e-08
2020-07-27,4.322707314905369,1.1293927072453362,-0.38040486183644256,2.603028539704102,1.3528916770012192,1.2501368627028828,1.0896325610578894,-0.47550607729555316,14.367408840566702,9.540165771565157e-08
2020-07-28,4.607674567347116,1.2276210714141833,,2.60134661462967,1.3520084805367332,1.249338134092937,1.211534819804462,,15.595263392677289,9.398700798676998e-08
2020-07-29,4.005687675692373,1.0217510516716648,,2.599668431136948,1.3511325416270583,1.2485358895098895,0.9533213562166392,,14.978111854104192,9.386499954491021e-08
2020-07-30,4.012437883351272,1.0245910665563762,,2.597993999714576,1.3502638663382491,1.2477301333763267,0.9560026995337192,,14.942611668045299,9.282209775316926e-08
2020-07-31,4.294347947087172,1.1217717677540435,,2.596323330827747,1.34940246068606,1.246920870141687,1.0766171703786143,,14.272147096925544,9.172409255606876e-08
2020-08-03,4.374660744991441,1.1498335628318546,-0.36677762477876374,2.5946564349181354,1.3485483306358994,1.246108104282236,1.1108402841757175,-0.4584720309734547,14.62291953539818,9.218359560537634e-08
2020-08-04,3.939341040628563,1.0011072200883195,,2.592993322403835,1.347701482102793,1.245291840301042,0.9240855072131924,,15.236159748896007,9.074316580102863e-08
2020-08-05,4.200076469227418,1.091028492390403,,2.5913340036792927,1.3468619209513388,1.2444720827279538,1.0356475364393425,,14.112143845119963,9.192682707801584e-08
2020-08-06,4.191808458278113,1.0887201470925458,,2.589678489115247,1.346029652995669,1.243648836119578,1.0319298368613512,,14.140998161343177,9.208207972233426e-08
2020-08-07,3.447824286130143,0.8341663861275836,,2.5880267890586577,1.3452046839994096,1.242822105059248,0.712912666658889,,17.322920173405205,9.20687671188733e-08
2020-08-10,4.14477838489849,1.073648721288949,-0.4175675191407008,2.586378913832643,1.3443870196756376,1.2419918941570056,1.0114479212868235,-0.521959398925876,14.329390983888139,9.123812737622003e-08
2020-08-11,4.165038674126853,1.0811218600581842,,2.5847348737364215,1.3435766656868462,1.2411582080495753,1.0199789907595762,,14.2359767492727,9.18909202100149e-08
2020-08-12,4.162460722784856,1.0807648468612379,,2.583094679045236,1.342773627644901,1.240321051400335,1.018729686221448,,14.240439414234528,9.191149280943466e-08
2020-08-13,4.712596311420063,1.2699097129492722,,2.581458340010298,1.341977911111005,1.239480428899293,1.2543650522975953,,16.123871411865903,9.136853923575887e-08
2020-08-14,3.7899597215167584,0.954104204178935,,2.5798258668587204,1.3411895215956562,1.2386363452630642,0.8588197768193249,,15.823697447763314,9.155589240999003e-08
2020-08-17,3.925333807621295,1.0010452914554466,-0.46596980569636903,2.5781972697934576,1.3404084645586136,1.237788805234844,0.9167150788779217,-0.5824622571204613,15.23693385680692,9.020226726270636e-08
2020-08-18,3.298145553293237,0.7865365042016801,,2.5765725589932345,1.3396347454088557,1.2369378135843787,0.6478053756609556,,17.918293697479,8.890662116287192e-08
2020-08-19,4.042555441066097,1.042290000059103,,2.5749517446124868,1.3388683695045456,1.2360833751079412,0.9667308695784245,,14.721374999261212,8.803680306970805e-08
2020-08-20,4.070863060913558,1.0525227735048799,,2.5733348367813016,1.3381093421529928,1.2352254946283088,0.9787628090340926,,14.593465331189002,8.833626179454779e-08
2020-08-21,4.029308185630845,1.0388027388398893,,2.571721845605347,1.337357668610616,1.2343641769947309,0.9608610921604774,,14.764965764501385,8.835575755931952e-08
2020-08-24,4.5939490432699355,1.2329212807380512,-0.31138581284129924,2.570112781165812,1.336613354082908,1.233499427082904,1.202764955005472,-0.389232266051624,15.66151600922564,8.921615897907755e-08
2020-08-25,4.5059397917386965,1.2032741026804357,,2.5685076535193434,1.3358764037243978,1.2326312497949456,1.1649690320749422,,15.290926283505446,8.850262999092567e-08
2020-08-26,4.230435127007931,1.1093428069120765,,2.5669064726979856,1.3351468226386176,1.231759650059368,1.0468253312787132,,14.116785086400956,8.89837954490235e-08
2020-08-27,4.071932272249666,1.0555264335752166,,2.5653092487091125,1.3344246158780646,1.2308846328310479,0.9788326578470852,,14.555919580309794,8.891487439707642e-08
2020-08-28,4.5592747679387395,1.2231427601728238,,2.5637159915353678,1.3337097884441682,1.2300062030911996,1.1876382386601978,,15.539284502160296,8.81854547978227e-08
2020-08-31,4.191654674668196,1.0976290568196978,-0.4015806287868682,2.5621267111346064,1.3330023452872535,1.229124365847353,1.0300386663118757,-0.5019757859835852,14.029636789753777,8.85139181482396e-08
2020-09-01,3.9106369746536114,1.0018075953297851,,2.5605414174398233,1.3323022913065088,1.2282391261333145,0.9095617854687401,,15.227405058377688,8.848346515365952e-08
2020-09-02,3.5948060577326464,0.8940501587018539,,2.5589601203591,1.3316096313499508,1.2273504890091491,0.774172329727268,,16.57437301622683,8.8005879732562e-08
2020-09-03,4.039494695236032,1.0470422607325183,,2.5573828297755368,1.3309243702143903,1.2264584595611465,0.9647271961300378,,14.661971740843525,8.806116405923833e-08
2020-09-04,4.45654179678361,1.1905572340607131,,2.5558095555471962,1.330246512645401,1.2255630429017952,1.1434430552212924,,15.131965425758914,8.798055689573729e-08
2020-09-07,4.987666946968316,1.3731846427451708,-0.21787690483655284,2.554240307507037,1.329576063337284,1.2246642441697528,1.3710568667687473,-0.27234613104569105,17.414808034314635,8.788091444596071e-08
2020-09-08,4.21090403658425,1.1073932415427372,,2.5526750954628534,1.3289130269330378,1.2237620685298156,1.0381545788614592,,14.092415519284215,8.757707955002206e-08
2020-09-09,3.9199281526014937,1.0081573381855635,,2.551113929197215,1.3282574080243243,1.2228565211728908,0.9134540807562787,,15.148033272680456,8.657618501168175e-08
2020-09-10,3.7715271079047334,0.9578041750058944,,2.549556818467408,1.3276092111514384,1.2219476073159696,0.8498644299088063,,15.77744781242632,8.665612207908184e-08
2020-09-11,4.377911695603023,1.166234587556672,,2.548003773005368,1.326968440803275,1.2210353322020933,1.1097616752491146,,14.827932344458398,8.605384777786308e-08
2020-09-14,3.5655746405779696,0.8882460737138879,-0.5411692841907415,2.5464548025176237,1.3263351014172995,1.2201197011003242,0.7616426935596592,-0.6764616052384269,16.646924078576404,8.528855546604785e-08
2020-09-15,4.374274070085077,1.1660414121685867,,2.544909916685237,1.3257091973795165,1.2192007193057206,1.1082609625902498,,14.825517652107333,8.512527362522276e-08
2020-09-16,4.46631564386707,1.1981253927515496,,2.543369125163739,1.3250907330244388,1.2182783921393003,1.1477474739638756,,15.226567409394368,8.571091820281914e-08
2020-09-17,4.331277981521281,1.1523535343879439,,2.5418324375830705,1.3244797126350583,1.2173527249480123,1.0899216306199877,,14.654419179849295,8.5875686039393e-08
2020-09-18,4.10016249578697,1.0736405993673732,,2.5402998635475242,1.3238761404428152,1.216423723104709,0.9909268896520316,,14.329492507907837,8.548752504998365e-08
2020-09-21,4.373237557366718,1.1677928784256177,-0.35480474771625486,2.5387714126356844,1.3232800206275706,1.2154913920081138,1.1080211186595927,-0.4435059346453185,14.847410980320221,8.507033159845933e-08
2020-09-22,4.2338013684824904,1.1205126045353961,,2.537247094400363,1.3226913573175747,1.2145557370827882,1.0483321129868197,,14.25640755669245,8.557991898140908e-08
2020-09-23,3.900094588913857,1.0066251389767291,,2.535726918368543,1.322110154589442,1.2136167637791009,0.9053915783103532,,15.167185762790888,8.377461536805693e-08
2020-09-24,4.8185476490961765,1.3220494786850032,,2.5342108940413217,1.321536416468119,1.2126744775732028,1.2990982648243727,,16.77561848356254,8.439906533121909e-08
2020-09-25,4.046281386524579,1.0577984744467381,,2.5326990308938457,1.320970146926859,1.2117288839669866,0.9682182399852816,,14.527519069415774,8.300826534359626e-08
2020-09-28,4.439348760787307,1.1930902760539892,-0.33793981596400724,2.5311913383752547,1.320411349887195,1.2107799884880597,1.1367741949546812,-0.42242476995500905,15.163628450674864,8.197804882055721e-08
2020-09-29,3.319787218734201,0.8097662860765144,,2.52968782590862,1.3198600292189093,1.2098277966897109,0.6570678868145521,,17.62792142404357,8.161990137515514e-08
2020-09-30,4.611534287186178,1.2531765059337117,,2.5281885028908926,1.3193161887400104,1.2088723141508821,1.2107868211571498,,15.914706324171394,8.325050866414155e-08
2020-10-01,4.677304570538031,1.2762516493585498,,2.5266933786928356,1.3187798322167041,1.2079135464761315,1.2390943939148913,,16.20314561698187,8.45379894955841e-08
2020-10-02,4.172147410926172,1.1035800544551966,,2.525202462658969,1.3182509633633692,1.2069514992955999,1.022726031432365,,14.044750680689956,8.509849947766198e-08
2020-10-05,4.355744339597708,1.167052524168531,-0.3552983172209793,2.5237157641075147,1.3177295858425293,1.2059861782649854,1.101545241053193,-0.44412289652622416,14.838156552106637,8.539335473578703e-08
2020-10-06,4.3541242721440065,1.1670218217929076,,2.5222332923303337,1.3172157032648306,1.205017589065503,1.100992980505965,,14.837772772411345,8.399504354254368e-08
2020-10-07,3.93213980212398,1.0228659716431132,,2.5207550565928694,1.3167093191890151,1.2040457374038542,0.9202917837429064,,14.964175354461087,8.413466038925573e-08
2020-10-08,4.347077585725616,1.165654676652721,,2.5192810661340888,1.3162104371218946,1.2030706290121942,1.0982787829377956,,14.82068345815901,8.37407420120727e-08
2020-10-09,3.8710354987191558,1.0029643436152935,,2.51781133016643,1.3157190605183302,1.2020922696481,0.8944244900374468,,15.212945704808833,8.314828644697928e-08
2020-10-12,3.9394633038931084,1.026949169162561,-0.4487005538916261,2.516345857875738,1.315235192781204,1.2011106650945338,0.9239216542344051,-0.5608756923645326,14.913135385467989,8.328503034352104e-08
2020-10-13,4.545431093531993,1.2352331771854759,,2.514884658421208,1.3147588372613996,1.2001258211598085,1.1838003087432445,,15.690414714818449,8.29533859670886e-08
2020-10-14,4.490604676227958,1.2169589228840243,,2.513427740935332,1.314289997257775,1.1991377436775568,1.1604886508628054,,15.461986536050304,8.36258373114524e-08
2020-10-15,3.9007172972355053,1.015234939746105,,2.5119751145238407,1.3138286760171438,1.1981464385066969,0.9078723506997749,,15.059563253173689,8.220194291207647e-08
2020-10-16,3.8896720112321703,1.0119708387798751,,2.5105267882656443,1.3133748767342488,1.1971519115313956,0.9033384252090927,,15.100364515251561,8.227802334540639e-08
2020-10-19,3.918940721626225,1.0225284077050794,-0.4516477281966138,2.5090827712127757,1.3129286025517428,1.1961541686610329,0.916089112183092,-0.5645596602457672,14.968394903686509,8.165002829628347e-08
2020-10-20,4.3997999968728765,1.187916747975859,,2.5076430723903393,1.312489856560166,1.1951532158301734,1.1223857915299895,,15.098959349698235,8.136990144499542e-08
2020-10-21,3.7918589290797646,0.9800018263027525,,2.5062077007964465,1.3120586417979225,1.194149058998524,0.8620609246763629,,15.499977171215596,8.161369520541592e-08
2020-10-22,4.265181339932187,1.1428055166843143,,2.5047766654021655,1.3116349612512637,1.1931417041509018,1.0651418571066564,,14.535068958553929,8.081732093200065e-08
2020-10-23,4.40020749656068,1.1896216172761154,,2.5033499751514614,1.3112188178542628,1.1921311572971987,1.123245839449407,,15.120270215951441,8.095710121744439e-08
2020-10-26,4.106405306965102,1.089410545964828,-0.407059636023448,2.5019276389611456,1.3108102144887983,1.1911174244723473,0.9975733969448333,-0.50882454502931,14.13236817543965,8.082273954381396e-08
2020-10-27,4.489294537843032,1.2212076436237913,,2.5005096657208146,1.310409153984531,1.1901005117362835,1.1619187085142701,,15.515095545297392,8.036373957511361e-08
2020-10-28,4.027745664105065,1.063482779661225,,2.4990960642927944,1.3100156391188875,1.1890804251739069,0.9643691136954187,,14.456465254234688,8.004411512662712e-08
2020-10-29,4.057887715134266,1.0743373278807304,,2.497686843512092,1.3096296726170378,1.1880571708950542,0.9775513324679506,,14.320783401490871,7.995283951220285e-08
2020-10-30,3.789184941652602,0.9827304522641773,,2.496282012186331,1.3092512571518786,1.1870307550344523,0.8626643224821001,,15.465869346697785,7.94220808656649e-08
2020-11-02,4.4857181587202,1.2220612817144247,-0.3186258121903836,2.4948815790957033,1.3088803953440147,1.1860011837516886,1.1614569974870455,-0.3982822652379795,15.525766021430307,7.944701141984441e-08
2020-11-03,3.859909934964401,1.0080175463625356,,2.4934855529929103,1.3085170897617389,1.1849684632311714,0.8935390227149083,,15.149780670468306,7.926817205251257e-08
2020-11-04,4.249099294207013,1.1419726181258072,,2.492093942603112,1.3081613429210168,1.1839325996820953,1.0606271155782756,,14.524657726572588,7.885298299738852e-08
2020-11-05,4.100206685738906,1.0914420719448878,,2.490706756623868,1.3078131572854674,1.1828935993384004,0.9971157472165771,,14.106974100688902,8.000936770176983e-08
2020-11-06,3.7551824953612427,0.9736660324266005,,2.4893240037250854,1.3074725352663479,1.1818514684587376,0.8495550757995984,,15.579174594667494,8.032901461465082e-08
2020-11-09,3.908960854668831,1.0269076227412015,-0.4487282515058657,2.487945692548967,1.3071394792225344,1.1808062133264325,0.9157740076490362,-0.5609103143823321,14.913654715734982,8.007282021240467e-08
2020-11-10,4.604643777898762,1.265944668684888,,2.486571831709952,1.3068139914605086,1.1797578402494435,1.2142448273166186,,16.0743083585611,8.019805134854884e-08
2020-11-11,4.18971134736941,1.1241989051161378,,2.4852024297946667,1.3064960742343388,1.1787063555603279,1.0367447056295107,,14.302486313951722,7.94801922037806e-08
2020-11-12,3.764422497464221,0.9789019590359791,,2.4838374953618674,1.306185729745667,1.1776517656162004,0.8548131785406407,,15.513725512050263,7.918816782302014e-08
2020-11-13,4.222985145571791,1.1366393944818431,,2.482477036942392,1.305882960143692,1.1765940767987,1.0516822032459958,,14.457992431023039,7.898012151660669e-08
2020-11-16,4.0634767028220375,1.0824663162086547,-0.4116891225275636,2.4811210630391,1.305587767525155,1.175533295513945,0.9836706627859733,-0.5146114031594545,14.219171047391818,7.81183550627634e-08
2020-11-17,5.322030486612257,1.514485568269302,,2.4797695821268233,1.3053001539343252,1.174469428192498,1.5234071142709524,,19.18106960336627,7.841076571123511e-08
2020-11-18,4.21140650753389,1.1342148609610727,,2.4784226026523135,1.3050201213629846,1.173402481289329,1.0477886975643254,,14.42768576201341,7.807428313283768e-08
2020-11-19,3.9768946913241456,1.0543250183520363,,2.477080133034189,1.3047476717504167,1.1723324612837722,0.947653944690462,,14.570937270599547,7.784436565942842e-08
2020-11-20,4.605624713438111,1.2704033501344525,,2.4757421816628797,1.3044828069833903,1.1712593746794895,1.217486994651456,,16.130041876680657,7.746630306239643e-08
2020-11-23,3.4627551899236817,0.8790756599248586,-0.5472828933834277,2.4744087569005764,1.3042255288961475,1.1701832280044289,0.7280701038022206,-0.6841036167292845,16.76155425093927,7.957698022937359e-08
2020-11-24,4.138634183467744,1.1113184187657317,,2.4730798670811818,1.303975839270392,1.1691040278107898,1.0181238627275566,,14.141480234571645,7.912361066516244e-08
2020-11-25,4.802177778251553,1.3393314193617287,,2.4717555205102513,1.3037337398352746,1.1680217806749766,1.3028980140374355,,16.99164274202161,7.768352714109725e-08
2020-11-26,4.061965150192068,1.0860560858768296,,2.4704357254649474,1.3034992322673844,1.166936493197563,0.9860693396134212,,14.174298926539631,7.65920925693237e-08
2020-11-27,3.4944880690063185,0.8920038746422306,,2.4691204901939834,1.3032723181907329,1.1658481720032505,0.743277161493521,,16.599951566972116,7.713657599158467e-08
2020-11-30,3.961082144378024,1.0524898442707284,-0.43167343715284784,2.467809822917577,1.3030529991767472,1.16475682374083,0.9436653045151575,-0.5395917964410598,14.593876946615897,7.80895026781783e-08
2020-12-01,4.607246227960842,1.2745421649150845,,2.4665037318273946,1.3028412767442554,1.1636624550831391,1.2210189828881108,,16.181777061438556,7.763120435665348e-08
2020-12-02,4.2283022604752265,1.1451283515584927,,2.4652022250864993,1.302637152359479,1.1625650727270203,1.0590475918075948,,14.564104394481157,7.854957949820071e-08
2020-12-03,3.8015927800028746,0.999337266858498,,2.463905310829306,1.3024406274360212,1.1614646833932847,0.8766122110091434,,15.258284164268776,7.90953685625405e-08
2020-12-04,3.853873502794998,1.0177708631385172,,2.462612997161524,1.3022517033348564,1.1603612938266676,0.8994652822580027,,15.027864210768536,7.89803431173055e-08
2020-12-07,3.8963310297383695,1.0328359674620224,-0.4447760216919851,2.46132529216011,1.3020703813643228,1.159254910795787,0.9181153406918507,-0.5559700271149813,14.83955040672472,7.881513001124212e-08
2020-12-08,4.217164617678981,1.1433437460864797,,2.460042203873214,1.3018966627801123,1.1581455410931016,1.0560763453882116,,14.541796826080994,7.896327063550943e-08
2020-12-09,4.557634854598823,1.2605835359526385,,2.458763740320136,1.301730548785261,1.157033191534875,1.202459968726059,,16.00729419940798,7.96092202229645e-08
2020-12-10,4.456136750432042,1.2262907615359007,,2.457489909491268,1.3015720405301425,1.1559178689611254,1.159435492450018,,15.578634519198756,7.991436063132135e-08
2020-12-11,4.245917107501051,1.1547214618530954,,2.456220719348048,1.3014211391124588,1.154799580235589,1.0698229664288281,,14.684018273163693,7.944891960497693e-08
2020-12-14,3.618763007313855,0.9402026287931021,-0.5065315808045987,2.454956177822912,1.3012778455772327,1.1536783322456794,0.8015311315686102,-0.6331644760057483,15.997467140086226,7.934428574152839e-08
2020-12-15,3.618589826575208,0.9406480983207871,,2.453696292819239,1.3011421609168015,1.1525541319024375,0.8019522838177853,,15.991898770990161,8.079198799497998e-08
2020-12-16,4.268533672386516,1.1639902425456516,,2.4524410722113066,1.3010140860708086,1.151426986140498,1.081001889252873,,14.799878031820645,8.099510545038449e-08
2020-12-17,3.609511586280327,0.9385434682480528,,2.4511905238442386,1.3008936219261986,1.15029690191804,0.7990729572362645,,16.01820664689934,8.165170125537917e-08
2020-12-18,4.00001078761498,1.0729319574717675,,2.44994465553396,1.3007807693172104,1.1491638862167495,0.9669457161569197,,14.338350531602906,8.206992436381284e-08
2020-12-21,4.183946466127812,1.1364980535423412,-0.37566796430510585,2.448703475067142,1.3006755290253715,1.1480279460417706,1.046298095953298,-0.4695849553813823,14.456225669279265,8.229265357548526e-08
2020-12-22,3.677872288778878,0.9634887205564775,,2.44746699020116,1.300577901779492,1.146889088421668,0.8299388024750887,,15.706390993044034,8.239379492993226e-08
2020-12-23,3.7160765811940983,0.9770885198769365,,2.4462352086640387,1.3004878882556605,1.1457473204083781,0.8468485381018309,,15.536393501538296,8.308271231146711e-08
2020-12-24,4.040166092179625,1.0887054722518619,,2.44500813815441,1.3004054890772392,1.144602649077171,0.9862873293920663,,14.141181596851728,8.364272261135778e-08
2020-12-25,4.247928009061844,1.1604380345028866,,2.4437857863414605,1.300330704814859,1.1434550815266016,1.075878247943467,,14.755475431286081,8.386257664955003e-08
2020-12-28,4.441725820383558,1.227382252449651,-0.3150784983668995,2.4425681608648837,1.3002635359864163,1.1423046248784674,1.1594913515484797,-0.3938481229586243,15.592278155620635,8.336141931147658e-08
2020-12-29,4.281208715419782,1.1728464121724662,,2.441355269334837,1.3002039830570689,1.141151286277768,1.0912619982726517,,14.910580152155827,8.367210374894214e-08
2020-12-30,4.093067525722088,1.1088387913990634,,2.4401471193318875,1.3001520464392327,1.139995072892655,1.0112005356880618,,14.110484892488293,8.364256673441484e-08
2020-12-31,3.804669221151608,1.010456629573154,,2.438943718406968,1.3001077264925798,1.1388359919143884,0.8881785134590223,,15.119292130335573,8.343169380096087e-08
2021-01-01,3.689571588424373,0.9714911604986578,,2.437745074081331,1.3000710235240345,1.1376740505572964,0.8394349741473566,,15.606360493766779,8.548895980723114e-08
2021-01-04,3.8841357142049957,1.0386947494005023,-0.4408701670663318,2.4365511938465003,1.3000419377877726,1.1365092560587278,0.9234103745384004,-0.5510877088329148,14.766315632493722,8.433405697673234e-08
2021-01-05,4.204975835486062,1.1491922701976682,,2.435362085164223,1.3000204694852187,1.1353416156790042,1.0615108072323036,,14.614903377470851,8.508599036814753e-08
2021-01-06,4.177874412523094,1.1403948447952812,,2.4341777554664232,1.3000066187650448,1.1341711367013785,1.050500174759146,,14.504935559941014,8.444904696633469e-08
2021-01-07,3.323650224833652,0.8480117617129854,,2.4329982121551597,1.3000003857231706,1.132997826431989,0.6850150878644021,,17.149852978587685,8.456995971234607e-08
2021-01-08,3.782190856055638,1.0057187566078998,,2.4318234626025736,1.3000017704027607,1.131821692199813,0.8821502161626351,,15.178515542401254,8.656940005949649e-08
2021-01-11,4.4773194678748345,1.2445409061927388,-0.30363939587150757,2.430653514150846,1.300010772794226,1.1306427413566198,1.1806869055351494,-0.3795492448393844,15.806761327409234,8.584429088896819e-08
2021-01-12,4.082033234401587,1.1095058057364968,,2.429488374112149,1.3000273928352233,1.1294609812769256,1.0119096500058442,,14.11882257170621,8.530817006177722e-08
2021-01-13,3.5569231461464743,0.9299589304276418,,2.4283280497686066,1.3000516304106553,1.1282764193579513,0.7875002934452073,,16.125513369654477,8.531605088448185e-08
2021-01-14,4.875984153738173,1.3826985417917783,,2.4271725483722415,1.3000834853526717,1.1270890630195698,1.3534566625923943,,17.53373177239723,8.468916352524199e-08
2021-01-15,4.0398898058456725,1.0965269921222283,,2.4260218771449327,1.3001229574406707,1.125898919704262,0.995781697593456,,14.043412598472147,8.538702533938616e-08
2021-01-18,4.183111188537567,1.146120075117609,-0.3692532832549274,2.4248760432783727,1.3001700464013002,1.1247059968770725,1.0578201402983114,-0.4615666040686592,14.576500938970112,8.49984818903657e-08
2021-01-19,4.187005097742194,1.1479429707254163,,2.4237350539340192,1.3002247519084593,1.12351030202556,1.0601534653152294,,14.599287134067701,8.55216433905189e-08
2021-01-20,3.917092411093684,1.0558885440607777,,2.422598916243052,1.3002870735833012,1.1223118426597507,0.9451477536592733,,14.551393199240279,8.452579726035261e-08
2021-01-21,3.7896817085253405,1.0126911581814328,,2.4214676373063266,1.3003570109942357,1.121110626312091,0.8912209587210266,,15.091360522732092,8.318319109209469e-08
2021-01-22,4.78550271761986,1.3546009982079128,,2.4203412241943343,1.300434563656932,1.1199066605374022,1.3186858114168232,,17.182512477598912,8.303269388468937e-08
2021-01-25,4.392624826614895,1.2203847043541303,-0.31974353043057996,2.419219683947153,1.3005197310343224,1.1186999529128308,1.1510006114769848,-0.39967941303822496,15.504808804426625,8.188926124401629e-08
2021-01-26,4.327769436669279,1.1986324641330413,,2.4181030235744054,1.3006125125366048,1.1174905110378006,1.1239030927029063,,15.232905801663016,8.303666706695978e-08
2021-01-27,4.240383642923853,1.1691547030061853,,2.4169912500552146,1.300712907521249,1.1162783425339657,1.0871562862789805,,14.864433787577315,8.192171127994289e-08
2021-01-28,3.6861147350888315,0.979601913156598,,2.415884370338163,1.3008209152929988,1.1150634550451641,0.8503233067387461,,15.504976085542527,8.118048376288128e-08
2021-01-29,4.483007191876893,1.253303623008833,,2.414782391341244,1.3009365351038784,1.1138458562373657,1.1925660638649194,,15.91629528761041,8.15036210646549e-08
2021-02-01,3.7393734254476128,0.9988240810385902,-0.46745061264093996,2.4136853199518224,1.3010597661531975,1.112625553798625,0.8745898674514351,-0.5843132658011749,15.264698987017624,8.109490812029109e-08
2021-02-02,4.132220914756132,1.1339944157780775,,2.4125931630265924,1.301190607587556,1.1114025554390365,1.0436836273101526,,14.424930197225969,8.001424507193179e-08
2021-02-03,3.457887217510223,0.9032732113442519,,2.4115059273915302,1.3013290585008495,1.1101768688906808,0.755420572681164,,16.459084858196853,8.151722598255992e-08
2021-02-04,3.31597872574679,0.8550969379222977,,2.410423619841855,1.3014751179342778,1.108948501907577,0.6953462903371499,,17.06128827597128,8.080587355793979e-08
2021-02-05,4.140289394110414,1.1381949443183739,,2.409346247141985,1.30162878487635,1.107717462265635,1.049372465274317,,14.477436803979671,8.068343882272727e-08
2021-02-08,3.7443134106192826,1.002908087936611,-0.4647279413755927,2.4082738160254973,1.30179005826289,1.1064837577626072,0.8804251681836538,-0.5809099267194908,15.213648900792363,8.055181182044499e-08
2021-02-09,3.3299027369384393,0.8612998914443273,,2.4072063331950817,1.3019589369770481,1.1052473962180336,0.7035838012824571,,16.98375135694591,8.108868115458382e-08
2021-02-10,4.213940517992537,1.1648731403536492,,2.406143805322503,1.3021354198493036,1.1040083854731995,1.083226845291365,,14.810914254420613,8.14471673771735e-08
2021-02-11,4.765373859687236,1.3544096925260947,,2.4050862390485572,1.3023195056574774,1.1027667333910798,1.3203316213150957,,17.180121156576185,8.086356466609092e-08
2021-02-12,4.508312691408577,1.2667472310296075,,2.40403364098303,1.3025111931267377,1.1015224478562922,1.2109452319137468,,16.084340387870093,8.06469432722228e-08
2021-02-15,3.9305289857755836,1.0691218537681193,-0.4205854308212538,2.402986017704655,1.3027104809296095,1.1002755367750454,0.9641127981397586,-0.5257317885265672,14.385976827898508,8.050252905800994e-08
2021-02-16,4.022312401662692,1.1010614368036336,,2.401943375761075,1.3029173676859842,1.0990260080750907,1.004244163690526,,14.013267960045418,8.106726452423663e-08
2021-02-17,4.328542707201501,1.2065247508140697,,2.400905721668799,1.303131851963129,1.0977738697056698,1.1362877904807158,,15.33155938517587,8.023937376110602e-08
2021-02-18,4.4092219918673345,1.234655362380189,,2.3998730619131607,1.3033539322756964,1.0965191296374643,1.1716731352509324,,15.68319202975236,8.17305069346376e-08
2021-02-19,3.894874065765305,1.0587757137409162,,2.398845402948281,1.303583607085735,1.0952617958625461,0.9520532492618801,,14.515303578238548,8.119427043838383e-08
2021-02-22,4.025710885319697,1.104101325886949,-0.39726578274203406,2.397822751197025,1.3038208748027,1.0940018763943251,1.008947532161386,-0.49658222842754257,14.051266573586862,8.120817658873346e-08
2021-02-23,4.117603739839056,1.1360737768117444,,2.3968051130509638,1.304065733783464,1.0927393792674998,1.0491579547981444,,14.450922210146805,8.038487479495043e-08
2021-02-24,4.204887917538205,1.16646515843346,,2.3957924948703306,1.304318182332329,1.0914743125380015,1.0873996303741538,,14.830814480418248,7.947103399006448e-08
2021-02-25,3.963099894098739,1.084030826958648,,2.394784902983986,1.304578218701037,1.0902066842829488,0.984616752399347,,14.1996146630169,7.886777746288676e-08
2021-02-26,3.966295071821411,1.0855897705917508,,2.3937823436893777,1.3048458410887835,1.0889365026005942,0.9868330543284719,,14.180127867603117,7.820143816984897e-08
2021-03-01,4.489917317229161,1.2655798795705266,-0.289613413619649,2.3927848232524966,1.3051210476422288,1.0876637756102678,1.212095897105387,-0.3620167670245612,16.069748494631583,7.792990159224617e-08
2021-03-02,4.428962197270859,1.2451424842931464,,2.3917923479078427,1.305403836455511,1.0863885114523317,1.1868319418219437,,15.81428105366433,7.726561566071372e-08
2021-03-03,4.171380477012233,1.1572892688123306,,2.3908049238583824,1.3056942055702605,1.085110718288122,1.0773057915856736,,14.716115860154133,7.777025344580226e-08
2021-03-04,4.604634670873844,1.3062930884027515,,2.389822557275515,1.3059921529756118,1.0838304042999034,1.263858513479051,,16.578663605034393,7.724345262778037e-08
2021-03-05,3.866353114631855,1.05362650853283,,2.388845254299027,1.3062976766082184,1.0825475776908087,0.9483308122742558,,14.579668643339625,7.664373119079756e-08
2021-03-08,4.568315408249209,1.2947568138355257,-0.27016212410964957,2.387873021037059,1.306610774352267,1.081262246684792,1.250056791646674,-0.33770265513706194,16.43446017294407,7.639223824352384e-08
2021-03-09,4.188823630796804,1.165101853224266,,2.3869058635660663,1.306931444039492,1.0799744195265744,1.0883087605698245,,14.813773165303326,7.709717562270886e-08
2021-03-10,5.142473866873879,1.4925231346657508,,2.3859437879307794,1.30725968344919,1.0786841044815894,1.4979136017813786,,18.906539183321883,7.726573101731509e-08
2021-03-11,3.5789205421256542,0.9569021687861028,,2.384986800144168,1.307595490308237,1.077391309835931,0.8287232012908653,,15.788722890173716,7.721574036931845e-08
2021-03-12,3.753695884093613,1.017278569733919,,2.384034906187402,1.3079388622911015,1.0760960438963008,0.9045370744585002,,15.034017878326011,7.624531142680104e-08
2021-03-15,4.140226501142948,1.1502557393840658,-0.3664961737439562,2.383088112009817,1.3082897970198624,1.0747983149899545,1.0711094712499445,-0.4581202171799452,14.62819674230082,7.548406300703188e-08
2021-03-16,4.131362771270021,1.147668086357479,,2.3821464235288725,1.3086482920642257,1.0734981314646468,1.0682334000110745,,14.595851079468488,7.463920150362336e-08
2021-03-17,4.673566160668266,1.3340166781010023,,2.381209846630118,1.3090143449415397,1.0721955016885785,1.3015351925677923,,16.925208476262526,7.554114838608975e-08
2021-03-18,3.755776131984861,1.0197950380040561,,2.3802783871671576,1.309387953116814,1.0708904340503436,0.9091317506218839,,15.0025620249493,7.592170315773175e-08
2021-03-19,4.305121618450592,1.2085902222432663,,2.379352050961609,1.3097691140027357,1.0695829369588734,1.1455068918068183,,15.357377778040826,7.535407488609906e-08
2021-03-22,4.393958184486097,1.2394955605618396,-0.30700295962544033,2.378430843803071,1.3101578249596884,1.0682730188433824,1.1845272756619876,-0.38375369953180044,15.743694507022994,7.499104138934526e-08
2021-03-23,4.2324220195259,1.1845577398664777,,2.3775147714490834,1.3105540832957685,1.066960688153315,1.1162512581288655,,15.056971748330971,7.445471190672157e-08
2021-03-24,3.6481488726814324,0.9846804389690818,,2.3766038396250977,1.3109578862668074,1.0656459533582903,0.8668084349781594,,15.44149451288648,7.388193127763556e-08
2021-03-25,4.475918676201692,1.2689310566305039,,2.375698054024434,1.311369231076387,1.0643288229480472,1.2225330518645166,,16.1116382078813,7.420718697670891e-08
2021-03-26,4.41217552938176,1.2475189917578497,,2.3747974203082487,1.31178811487586,1.0630093054323888,1.196186854573172,,15.843987396973121,7.403390611573933e-08
2021-03-29,4.190478320559417,1.1719501423748453,-0.3520332384167698,2.3739019441055014,1.3122145347643714,1.06168740934113,1.102152212732928,-0.44004154802096224,14.899376779685566,7.545252788179052e-08
2021-03-30,4.050860609574305,1.1245217224650745,,2.373011631012914,1.3126484877888764,1.0603631432240375,1.0433006408702195,,14.30652153081343,7.632548760522919e-08
2021-03-31,4.057195167198237,1.1271329612053247,,2.372126486594941,1.313089970944162,1.059036515650779,1.0470061724508175,,14.339162015066558,7.724963958522992e-08
2021-04-01,3.9492215642015065,1.0905517049312747,,2.3712465163837306,1.3135389811728668,1.0577075352108638,1.0017286123369602,,14.118103688359067,7.773724319833435e-08
2021-04-02,4.19977891835667,1.176894216110317,,2.370371725879096,1.3139955153655045,1.0563762105135914,1.1101132855034008,,14.961177701378963,7.7461460696897e-08
2021-04-05,3.985129670722801,1.1037361823533973,-0.3975092117644018,2.369502120548474,1.3144595703604818,1.0550425501879923,1.0191297983022283,-0.49688651470550227,14.046702279417467,7.789880786083497e-08
2021-04-06,3.6759804213946587,0.9981770029576831,,2.3686377058268953,1.314931142944124,1.0537065628827713,0.8876523966412277,,15.272787463028962,7.767404458585784e-08
2021-04-07,3.6046921361686124,0.9741690026206891,,2.367778487116948,1.3154102298506947,1.0523682572662534,0.8581214831265558,,15.572887467241388,7.884182573680701e-08
2021-04-08,3.7072249493965845,1.009755649561725,,2.3669244697887484,1.315896827762419,1.0510276420263294,0.9030913897145751,,15.128054380478439,7.914900015427441e-08
2021-04-09,4.046925745272553,1.1266558691059343,,2.3660756591799004,1.3163909333095078,1.0496847258703925,1.0497107696919257,,14.333198363824177,7.935594752225068e-08
2021-04-12,3.9584901543340942,1.0967652996277752,-0.4021564669148166,2.365232060595467,1.316892543070179,1.048339517525288,1.0128491676048978,-0.5026955836435207,14.040433754652812,7.946661935411828e-08
2021-04-13,4.04204369450603,1.12584125519465,,2.3643936793079385,1.3174016535706836,1.046992025737255,1.049703222563996,,14.323015689933124,8.074123804179885e-08
2021-04-14,4.140710084937816,1.1600975760255334,,2.3635605205571943,1.3179182612853266,1.0456422592718677,1.0930402313172431,,14.751219700319167,7.972599522075912e-08
2021-04-15,3.744618755500359,1.0247214888899747,,2.362732589550474,1.3184423626364952,1.0442902269139789,0.9243442237489633,,14.940981388875318,8.107626755625953e-08
2021-04-16,4.475921218307995,1.2758792202014417,,2.361909891462343,1.31897395399468,1.0429359374676628,1.2388229792464822,,16.19849025251802,8.096078504308174e-08
2021-04-19,3.8680039565344173,1.0678747007543032,-0.421416866163798,2.361092431434662,1.3195130316785035,1.0415793997561584,0.9793564076213823,-0.5267710827047475,14.401566240571212,7.99626428620839e-08
2021-04-20,3.808769413044377,1.047988761826219,,2.3602802145765542,1.3200595919547422,1.040220622621812,0.9550455442375159,,14.650140477172263,7.944299129535803e-08
2021-04-21,4.128073695856862,1.1578863484798945,,2.359473245964371,1.3206136310383545,1.0388596149260165,1.0929715666382223,,14.723579355998679,7.829098078561087e-08
2021-04-22,3.315233158587896,0.8796187757149914,,2.3586715306416655,1.3211751450925078,1.0374963855491577,0.7456986147362468,,16.75476530356261,7.877260775819545e-08
2021-04-23,3.680101468348549,1.0051358660332497,,2.3578750736191547,1.321744130228602,1.0361309433905528,0.903163962770164,,15.18580167458438,7.805944740300498e-08
2021-04-26,4.298944399424551,1.21772873584302,-0.3215141761046534,2.3570838798746925,1.3223205825062996,1.034763297368393,1.1694815023100744,-0.40189272013081667,15.471609198037749,7.819757928144414e-08
2021-04-27,3.3462552546814326,0.8915093685125468,,2.356297954353236,1.3229044979335507,1.0333934564196854,0.762291208574234,,16.606132893593166,7.901965704447214e-08
2021-04-28,4.344291542578456,1.2341089036319788,,2.3555173019668194,1.3234958724666226,1.0320214295001968,1.1911320020065959,,15.676361295399733,7.856281473424662e-08
2021-04-29,4.480829667438389,1.2813363879630963,,2.3547419275945165,1.324094702010126,1.0306472255843906,1.2507651869639962,,16.2667048495387,7.839307224805622e-08
2021-04-30,3.8214174661776017,1.0556653594611503,,2.3539718360824144,1.3247009824170437,1.0292708536653707,0.9692826817434814,,14.554183006735622,7.749824258501624e-08
2021-05-03,4.051659955686663,1.1350175320911573,-0.3766549786058952,2.353207032243583,1.325314709488761,1.0278923227548222,1.0690866246027073,-0.470818723257369,14.437719151139465,7.72471518466595e-08
2021-05-04,4.34000832469656,1.2342904501821232,,2.352447520858044,1.3259358789750921,1.0265116418829519,1.1937989417027461,,15.67863062727654,7.907733189564088e-08
2021-05-05,3.7837577100509985,1.0439852974347776,,2.35169330667274,1.326564486574313,1.0251288200984272,0.9565461083677849,,14.70018378206528,7.965283722715237e-08
2021-05-06,4.24966517953571,1.204133062463142,,2.350944394401508,1.3272005279331867,1.0237438664683214,1.1573668560121138,,15.301663280789272,7.948315267249626e-08
2021-05-07,3.709855248765086,1.0194621445843195,,2.350200788725047,1.327843998646998,1.022356790078049,0.9271716793773973,,15.006723192696008,7.906654904343137e-08
2021-05-10,3.776413879878012,1.0426877248000186,-0.43820818346665436,2.349462494290891,1.3284948942595807,1.0209676000313102,0.9568545502596038,-0.5477602293333179,14.71640343999977,7.905597850813413e-08
2021-05-11,3.6626280687839396,1.0040796242810033,,2.3487295157133765,1.3291532102633505,1.019576305450026,0.9092527406146045,,15.19900469648746,7.916835390129371e-08
2021-05-12,4.061147310476773,1.1411176639033764,,2.348001857573617,1.329818942099335,1.018182915474282,1.0812160219785554,,14.513970798792204,7.88900428014312e-08
2021-05-13,4.34533874670754,1.238956286307866,,2.3472795244194753,1.3304920851572042,1.016787439262271,1.2041874430420365,,15.736953578848324,7.928710875318794e-08
2021-05-14,3.874442685035293,1.0779064481459404,,2.34656252076553,1.331172634775307,1.0153898859902228,1.0035556949577322,,14.276169398175746,7.86293095530433e-08
2021-05-17,3.492781500958083,0.9474501008105117,-0.5016999327929923,2.3458508510930507,1.3318605862406974,1.0139902648523533,0.8411732122538369,-0.6271249159912403,15.906873739868605,7.797350082302431e-08
2021-05-18,3.557611694674165,0.9700751813255822,,2.345144519849973,1.3325559347891724,1.0125885850608007,0.8701499114461501,,15.624060233430225,7.825328387884862e-08
2021-05-19,4.0735131525515555,1.1473519305644648,,2.344443531450863,1.3332586756053006,1.0111848558455623,1.0924485888108817,,14.591899132055811,7.745390763676767e-08
2021-05-20,4.579692286503902,1.3212939696073125,,2.3437478902768967,1.3339688038224595,1.0097790864544371,1.3105862658315999,,16.766174620091405,7.798325892885592e-08
2021-05-21,4.070907409505352,1.1472469999177277,,2.343057600675828,1.3346863145228656,1.0083712861529626,1.093745064420025,,14.590587498971596,7.799273248072598e-08
2021-05-24,3.7965459331126272,1.0535724139218499,-0.43095172405210025,2.3423726669619667,1.3354112027376122,1.0069614642243545,0.9773767201399242,-0.5386896550651252,14.580344825976878,7.673933859900834e-08
2021-05-25,4.198984145421343,1.1919420760220343,,2.3416930934161444,1.3361434634467002,1.0055496299694442,1.1510710584742427,,15.149275950275426,7.683420804106946e-08
2021-05-26,3.845859247702908,1.0712601637295904,,2.3410188842856945,1.3368830915790744,1.0041357927066201,1.0009582962410624,,14.35924795338012,7.56966297688267e-08
2021-05-27,3.7961519559711894,1.0546057739162953,,2.3403500437844214,1.33763008201266,1.0027199617717613,0.9808872994080291,,14.567427826046309,7.618951818868271e-08
2021-05-28,3.5919631224469453,0.9849849073165684,,2.3396865760925767,1.3383844295743956,1.001302146518181,0.8946155637201061,,15.437688658542896,7.603817126518989e-08
2021-05-31,4.419256964505336,1.2690138613095627,-0.28732409246029156,2.339028485356831,1.3391461290402713,0.9998823563165598,1.2504134556772246,-0.3591551155753644,16.112673266369534,7.73348910464348e-08
2021-06-01,3.0364572062879667,0.7952950499005205,,2.3383757756902486,1.3399151751353622,0.9984606005548864,0.6590339875110126,,17.808811876243496,7.810366956713309e-08
2021-06-02,4.203314871281468,1.1957431040335125,,2.3377284511722642,1.3406915625338682,0.997036888638396,1.1603704425757586,,15.196788800418904,7.738096411500228e-08
2021-06-03,3.7606416786130836,1.0443506074642956,,2.3370865158486525,1.3414752858591477,0.9956112299895048,0.9719135451895171,,14.695617406696305,7.600538172162075e-08
2021-06-04,3.7782255048247806,1.0507591122258066,,2.3364499737315074,1.3422663396837577,0.9941836340477497,0.9807152299660158,,14.61551109717742,7.550948206202909e-08
2021-06-07,4.513051534182103,1.3030778187341376,-0.264614787510575,2.335818828799216,1.3430647185294888,0.9927541102697273,1.2969119919471606,-0.3307684843882187,16.538472734176718,7.470275043221154e-08
2021-06-08,3.6696959470206814,1.014304268935994,,2.335193084996432,1.3438704168674045,0.9913226681290275,0.9367507530373967,,15.071196638300076,7.595936710445382e-08
2021-06-09,3.680522372435692,1.0183917015165909,,2.334572746234051,1.3446834291178804,0.9898893171161707,0.9426730560136188,,15.020103731042616,7.597130642952838e-08
2021-06-10,3.871817503285788,1.0843526913296564,,2.333957816389189,1.3455037496506403,0.9884540667385486,1.0259446138127108,,14.195591358379296,7.663136757210076e-08
2021-06-11,4.061215162151303,1.1496616862974687,,2.3333482993051553,1.3463313727847983,0.987016926520357,1.1084084806566339,,14.620771078718358,7.64541498696397e-08
2021-06-14,3.7606363392498463,1.0469773061248557,-0.4353484625834296,2.33274419879143,1.347166292788894,0.9855779060025358,0.9808879254449636,-0.5441855782292869,14.662783673439304,7.634970788417337e-08
2021-06-15,3.363356735042518,0.9111369283356938,,2.3321455186236393,1.3480085038809382,0.9841370147427011,0.8119296643005554,,16.36078839580383,7.63463758111169e-08
2021-06-16,3.61013872279574,0.9961162182941883,,2.3315522625435317,1.3488580002284458,0.9826942623150858,0.919003273096181,,15.298547271322647,7.712977681438258e-08
2021-06-17,4.360529904829391,1.2537600627757424,,2.3309644342589566,1.3497147759484827,0.981249658310474,1.2419148544181606,,15.92200078469678,7.736573939414435e-08
2021-06-18,3.9371691596436986,1.1089732146962614,,2.3303820374438384,1.350578825107702,0.9798032123361364,1.0617953434780287,,14.112165183703267,7.665217912950136e-08
2021-06-21,4.067816336304913,1.1541304740444587,-0.36391301730369424,2.329805075738155,1.3514501417223865,0.9783549340157687,1.1191132342779597,-0.4548912716296178,14.676630925555733,7.779916214369553e-08
2021-06-22,3.817381158945753,1.0686294551392357,,2.329233552747916,1.3523287197584923,0.9769048329894239,1.0131155386825366,,14.392131810759556,7.761380588656427e-08
2021-06-23,3.677001488767965,1.0208602764592078,,2.328667472045138,1.3532145531316866,0.9754529189134513,0.9542898987056961,,14.989246544259904,7.731559186652396e-08
2021-06-24,4.493926412957256,1.3013083339850495,,2.328106837167823,1.3541076357073936,0.9739992014604295,1.305743053188705,,16.516354174813117,7.53904111190373e-08
2021-06-25,3.839865716216673,1.0774169771538704,,2.3275516516199373,1.3550079613008335,0.9725436903191038,1.0267791827431714,,14.28228778557662,7.584104901193707e-08
2021-06-28,3.7495135220924896,1.046795614456745,-0.43546959036217014,2.3270019188713897,1.355915523677069,0.9710863951943207,0.989410041748,-0.5443369879527127,14.66505481929069,7.592900838279902e-08
2021-06-29,4.287307290335444,1.2315370839626407,,2.326457642358007,1.3568303165510456,0.9696273258069612,1.2212516715043464,,15.64421354953301,7.601632610792304e-08
2021-06-30,3.649800202451529,1.0133167569359138,,2.3259188254815153,1.3577523335876354,0.9681664918938799,0.9493982797575276,,15.083540538301078,7.576017148356858e-08
2021-07-01,3.6934450226916464,1.0286327187471205,,2.32538547160952,1.3586815684016837,0.9667039032078364,0.9694724668355842,,14.892091015660995,7.538782213506666e-08
2021-07-02,3.904163611577654,1.1012296020820278,,2.3248575840754797,1.359618014558049,0.9652395695174307,1.0611550171605837,,14.015370026025346,7.515626865702487e-08
2021-07-05,3.8996539170866313,1.1000324124905816,-0.39997839167294563,2.3243351661786904,1.360561665571652,0.9637735006070385,1.060602181184879,-0.499972989591182,14.00040515613227,7.548907741757737e-08
2021-07-06,3.989409905288302,1.1311533617483858,,2.3238182211842613,1.3615125149075158,0.9623057062767455,1.1004542170929978,,14.389417021854822,7.594352984743201e-08
2021-07-07,4.62962112705119,1.3510002907274585,,2.3233067523230986,1.3624705559808166,0.960836196342282,1.3762209193901396,,17.137503634093232,7.580473452770033e-08
2021-07-08,4.014219318526713,1.1403497895622845,,2.3228007627918794,1.3634357821569232,0.9593649806349562,1.1138730191097788,,14.504372369528555,7.647402868933328e-08
2021-07-09,3.0632135210408866,0.8146335244699041,,2.3223002557530377,1.364408186751449,0.9578920690015886,0.707700092338829,,17.5670809441262,7.643880004917379e-08
2021-07-12,4.008741517857904,1.1391558732117875,-0.3738960845254751,2.32180523433474,1.3653877630302933,0.9564174713044467,1.1143326045450275,-0.4673701056568439,14.489448415147342,7.611172933494394e-08
2021-07-13,3.906803884060932,1.1045455993387518,,2.321315701630869,1.3663745042096904,0.9549411974211788,1.0720565033831302,,14.056819991734399,7.626683085971398e-08
2021-07-14,3.9077669261845918,1.105214002922175,,2.3208316607010033,1.3673684034562577,0.9534632572447457,1.0738859071089764,,14.065175036527187,7.535826792166548e-08
2021-07-15,3.9776590555542524,1.1295136771275405,,2.3203531145703957,1.368369453887039,0.9519836606833567,1.1052615502964647,,14.368920964094256,7.553514999269226e-08
2021-07-16,3.880562738640857,1.0965586054790242,,2.319880066229959,1.3693776485695575,0.9505024176604013,1.0650759054183374,,14.0430174315122,7.451261737483282e-08
2021-07-19,3.871213125734469,1.0936865488333534,-0.40420896744443113,2.3194125186362426,1.3703929805218584,0.9490195381143842,1.06250116656355,-0.5052612093055389,14.078918139583083,7.384504632028683e-08
2021-07-20,4.103224642006055,1.1735653051724944,,2.318950474711419,1.3714154427125622,0.9475350319988569,1.1633720741781801,,14.91956631465618,7.25336582955538e-08
2021-07-21,3.6979673054785556,1.03495030433666,,2.31849393734326,1.3724450280609086,0.9460489092823514,0.9911329084817334,,14.813121195791751,7.243753859523906e-08
2021-07-22,3.5550464028153765,0.9862776397232991,,2.3180429093851234,1.3734817294368107,0.9445611799483127,0.9313287790909344,,15.421529503458764,7.351293353698179e-08
2021-07-23,4.944105798567334,1.462853774314687,,2.317597393655932,1.3745255396608995,0.9430718539950325,1.528092757554258,,18.535672178933588,7.345387566641004e-08
2021-07-26,3.6342825028717183,1.014097106746252,-0.4572685955024987,2.3171573929401577,1.3755764515045756,0.941580941435582,0.9681978349373905,-0.5715857443781234,15.07378616567185,7.3899047268058e-08
2021-07-27,3.918937607835607,1.1120171494952094,,2.316722909987804,1.3766344576900622,0.940088452297742,1.0916558945590735,,14.150214368690115,7.549910189615238e-08
2021-07-28,3.359466157160972,0.920520769894956,,2.3162939475143878,1.3776995508904493,0.9385943966239385,0.8533505132591441,,16.24349037631305,7.579310029717877e-08
2021-07-29,3.922775536851849,1.1139762098061707,,2.3158705082009226,1.3787717237297505,0.937098784471172,1.0962419859874637,,14.174702622577133,7.529173403440751e-08
2021-07-30,3.5544516994238253,0.9880129339172798,,2.315452594693903,1.3798509687829497,0.9356016259109534,0.9398671361795494,,15.399838326034002,7.488639542996377e-08
2021-08-02,3.7252888804849946,1.0469032468579988,-0.4353978354280009,2.3150402096052876,1.3809372785760559,0.9341029310292317,1.0145663371485543,-0.5442472942850011,14.663709414275017,7.490556309902011e-08
2021-08-03,4.245005543257595,1.225407759892535,,2.3146333555124814,1.3820306455861509,0.9326027099263305,1.2387903454518194,,15.567596998656686,7.449873233795706e-08
2021-08-04,4.043519503994675,1.156641148205369,,2.3142320349583207,1.3831310622414474,0.9311009727168733,1.1539324974981584,,14.70801435256711,7.414401322688818e-08
2021-08-05,4.076347492119076,1.1682091429489785,,2.313836250451059,1.3842385209213346,0.9295977295297242,1.1694999496075573,,14.852614286862229,7.482309633323417e-08
2021-08-06,3.2565752406582287,0.8874554193929766,,2.3134460044643466,1.385353013956435,0.9280929905079116,0.8196722881976555,,16.656807257587793,7.553620051442215e-08
2021-08-09,4.518507804655438,1.3204274203794817,-0.253048386413679,2.313061299437221,1.3864745336286588,0.9265867658085623,1.3620088091030107,-0.31631048301709874,16.75534275474352,7.444346557846725e-08
2021-08-10,3.4575383963976143,0.9569742426869751,,2.312682137774086,1.3876030721712518,0.9250790656028343,0.9088208755299705,,15.787821966412812,7.3915789120917e-08
2021-08-11,4.408800312412876,1.2834272977152639,,2.312308521844702,1.3887386217688567,0.9235699000758453,1.3180227439129364,,16.292841221440796,7.362616173077436e-08
2021-08-12,4.230456378064558,1.2225852639177783,,2.3119404539841666,1.389881174557559,0.9220592794266076,1.2431127544547818,,15.53231579897223,7.4042719811862e-08
2021-08-13,4.074099320671066,1.1692799290141618,,2.311577936492903,1.39103072262495,0.9205472138679529,1.177630633892652,,14.86599911267702,7.482708375159861e-08
2021-08-16,3.5719098753828,0.9974018262909943,-0.4683987824726705,2.3112209716366445,1.3921872580101735,0.919033713626471,0.9639395408739162,-0.5854984780908381,15.282477171362572,7.66881818026388e-08
2021-08-17,3.9233375466135567,1.118190781378343,,2.3108695616464203,1.3933507727039876,0.9175187889424328,1.116089249426916,,14.227384767229285,7.638654387938107e-08
2021-08-18,3.704590036919508,1.043489430722617,,2.310523708718541,1.3945212586488152,0.9160024500697259,1.023883047052086,,14.70638211596729,7.612030087022242e-08
2021-08-19,3.878712700731697,1.1034847485806352,,2.310183415014587,1.395698707738802,0.9144847072757851,1.1000546434645957,,14.043559357257937,7.654372338966343e-08
2021-08-20,3.7802347832020007,1.070015328909733,,2.309848682661393,1.3968831118198743,0.9129655708415185,1.0594022729570403,,14.37480838862834,7.609420975610736e-08
2021-08-23,3.1533225355799552,0.8553667392113111,-0.5630888405257927,2.309519513751034,1.3980744626897916,0.9114450510612424,0.7922828867039304,-0.7038610506572408,17.057915759858613,7.601673534206032e-08
2021-08-24,4.25861173317557,1.2346140981181506,,2.309195910340816,1.3992727520982076,0.9099231582426084,1.2675403747458958,,15.682676226476882,7.57522521223486e-08
2021-08-25,3.8367557839998248,1.0902671412140768,,2.308877874453258,1.4004779717467222,0.9083999027065359,1.0883118982643178,,14.121660734824042,7.400430666145416e-08
2021-08-26,3.694624110922995,1.0418239520597317,,2.3085654080760847,1.4016901132889457,0.906875294787139,1.0289700533636101,,14.727200599253356,7.410495422542753e-08
2021-08-27,3.667355647122364,1.032760732060428,,2.3082585131622086,1.402909168330549,0.9053493448316596,1.018860083406084,,14.840490849244652,7.400192749362692e-08
2021-08-30,3.988101936450816,1.1430151491640124,-0.3713232338906586,2.3079571916297223,1.4041351284293295,0.9038220632003928,1.1579040648843446,-0.4641540423633232,14.537689364550152,7.487216701517098e-08
2021-08-31,3.549002262939391,0.9927492394046634,,2.3076614453618847,1.4053679850952627,0.9022934602666219,0.9713045343510919,,15.340634507441708,7.489458812174066e-08
2021-09-01,3.0716864351977606,0.8293789329831149,,2.307371276207109,1.4066077297905641,0.9007635464165449,0.7683313960194575,,17.382763337711065,7.407209723776264e-08
2021-09-02,4.002679225925861,1.1488555763849932,,2.3070866859789514,1.407854353929751,0.8992323320492004,1.1689238244109923,,14.610694704812413,7.391871296799661e-08
2021-09-03,4.0410607850878835,1.1622923597548187,,2.306807676456099,1.4091078488796953,0.8976998275764039,1.1869732985732184,,14.778654496935232,7.255872764539843e-08
2021-09-06,3.7886995769949148,1.076044181038684,-0.4159705459742107,2.306534249382362,1.4103682059596907,0.8961660434226713,1.0804234322580457,-0.5199631824677633,14.299447737016449,7.179020240079032e-08
2021-09-07,3.4560057398675044,0.962251654977199,,2.306266406466658,1.4116354164415061,0.8946309900251519,0.9394499851630047,,15.721854312785013,7.222003956166903e-08
2021-09-08,3.888105278589072,1.1106722649067142,,2.306004149383004,1.4129094715494528,0.8930946778335511,1.1262498026828456,,14.133403311333929,7.207746905494446e-08
2021-09-09,3.3436026777479446,0.9242561158023694,,2.305747479770506,1.4141903624604377,0.8915571173100685,0.8945105072133994,,16.196798552470383,7.26965605934275e-08
2021-09-10,3.4958745511520677,0.9767323283974809,,2.305496399233349,1.4154780803040303,0.8900183189293185,0.9613934908008814,,15.540845895031488,7.143886461401166e-08
2021-09-13,3.591882333100381,1.0099162476195007,-0.4600558349203329,2.305250909340785,1.4167726161625236,0.8884782931782613,1.0041679256868994,-0.5750697936504161,15.126046904756242,7.130096709015531e-08
2021-09-14,4.149231745640478,1.2012726885069869,,2.3050110116271245,1.418073961070991,0.8869370505561336,1.2446648217047243,,15.265908606337334,7.10142299307579e-08
2021-09-15,3.7261708186374984,1.0564866859475701,,2.3047767075917283,1.419382106017356,0.8853946015743723,1.0649904634518184,,14.543916425655375,7.164568404067482e-08
2021-09-16,3.6955681195081755,1.046256030586825,,2.3045479986989954,1.420697041942446,0.8838509567565493,1.053517080175977,,14.671799617664691,7.209882740294299e-08
2021-09-17,4.535705599532144,1.3345631018493496,,2.3043248863783554,1.4220187597400642,0.8823061266382912,1.415222637051751,,16.93203877311687,7.253491629730686e-08
2021-09-20,3.974172103046423,1.1422954996626458,-0.3718030002249029,2.3041073720242604,1.4233472502570435,0.880760121767217,1.1762166248353505,-0.4647537502811286,14.528693745783071,7.356657219061563e-08
2021-09-21,3.9687104831115176,1.1406793412569791,,2.303895456996174,1.424682504293318,0.879212952702856,1.175531680864542,,14.50849176571224,7.334159837055634e-08
2021-09-22,3.7199244956224815,1.055635910574947,,2.3036891426185644,1.4260245126019806,0.8776646300165838,1.0705694008206643,,14.554551117813162,7.424672610912261e-08
2021-09-23,3.6398522123440764,1.0284353998835867,,2.303488430180895,1.4273732658893497,0.8761151642915455,1.037917515743833,,14.894557501455166,7.357062495053626e-08
2021-09-24,3.0826077800626788,0.837631227197942,,2.3032933209376196,1.4287287548150354,0.8745645661225843,0.8007677888124627,,17.279609660025727,7.28766239739076e-08
2021-09-27,4.186182167606261,1.216248863830827,-0.3225007574461154,2.3031038161081687,1.430090969991999,0.8730128461161697,1.2754020497805327,-0.4031259468076442,15.453110797885337,7.339036411694593e-08
2021-09-28,4.003309545879887,1.1537971646907657,,2.302919916876948,1.4314599019866248,0.8714600148903231,1.1987063578500816,,14.67246455863457,7.242126569241385e-08
2021-09-29,3.782976449418385,1.0785000808143905,,2.3027416243933265,1.4328355413187777,0.8699060830745489,1.1059606423367656,,14.26874898982012,7.281375443853662e-08
2021-09-30,3.796943840924709,1.0835327957796494,,2.3025689397716316,1.434217878461877,0.8683510613097545,1.1136338731864386,,14.205840052754384,7.289839998509712e-08
2021-10-01,4.10191756975255,1.1883373114713267,,2.302401864091142,1.4356069038429546,0.8667949602481873,1.2460285431821128,,15.104216393391583,7.362343351827735e-08
2021-10-04,3.299417706091861,0.9134347912304177,-0.5243768058463882,2.30224039839608,1.4370026078427285,0.8652377905533515,0.9037960968807505,-0.6554710073079854,16.33206510961978,7.36024541470967e-08
2021-10-05,3.6364121920169863,1.0292142402135434,,2.3020845436956052,1.4384049807956631,0.8636795628999421,1.0499227810625922,,14.884821997330707,7.365800377243996e-08
2021-10-06,3.4784743654113592,0.9764436564528963,,2.3043343009638098,1.443014012990039,0.8613202879737707,0.9725685835561595,,15.832454294338795,7.399819809996917e-08
2021-10-07,4.529523618840339,1.3381811138984097,,2.30658967113971,1.447629694668023,0.8589599764716869,1.4133560870410349,,16.91326392373012,7.356053095529132e-08
2021-10-08,4.249295111981259,1.2434786638223962,,2.308850655127242,1.4522520160257295,0.8565986391015123,1.2836003458037246,,15.697483297779952,7.308095794520001e-08
2021-10-11,3.205198870668877,0.8868768830637563,-0.5474154112908292,2.311117253795254,1.4568809672132947,0.8542362865819593,0.8264770710429901,-0.6850692641135364,17.816038961703047,7.333333451015145e-08
2021-10-12,3.4796556683229753,0.9823486048032031,,2.313389467977506,1.4615165383349389,0.8518729296425671,0.9344522943389425,,16.910642439959965,7.324419027679179e-08
2021-10-13,3.9964875277969063,1.1609185191971017,,2.315667298472658,1.4661587194490413,0.8495085790236168,1.1463068684454183,,14.96651851003623,7.291332033055071e-08
2021-10-14,3.91079605813448,1.132907174551309,,2.3179507460442688,1.4708075005682015,0.8471432454760672,1.0999414687573377,,15.604660318108637,7.277583787202784e-08
2021-10-15,3.6459633312228124,1.0434741350307735,,2.3202398114207905,1.475462871659318,0.8447769397614724,0.9768055404477848,,17.010573312115334,7.37087293104811e-08
2021-10-18,4.823516221379554,1.4485714685180588,-0.17961902098796084,2.322534495295565,1.4801248226436479,0.8424096726519172,1.4718391582912211,-0.226323776234951,18.069143356475735,7.336626204289859e-08
2021-10-19,4.285596114291053,1.2655047896779097,,2.324834798326817,1.4847933433968816,0.8400414549299355,1.2316743304942686,,15.748809870973869,7.295122186702644e-08
2021-10-20,4.375755945138985,1.2977779587435712,,2.327140721137653,1.4894684237492157,0.8376722973884374,1.2606908721786794,,16.12022448429464,7.172956067137296e-08
2021-10-21,4.000733478611632,1.1705582060921345,,2.329452264316054,1.4941500534854166,0.8353022108306372,1.0903478111005844,,16.57402242384832,7.154163598937017e-08
2021-10-22,4.5291085413694825,1.3530728976613604,,2.3317694284148756,1.498838222344898,0.8329312060699776,1.3071793444215982,,16.747411220767003,7.184256558942363e-08
2021-10-25,4.1765404120981575,1.2335480686821587,-0.329634620878561,2.3340922139518416,1.5035329200217855,0.8305592939300561,1.1464680058744836,-0.41484327609820115,16.362649141473018,7.2205764006618e-08
2021-10-26,4.243906474981431,1.2579988191551001,,2.336420621409543,1.5082341361649951,0.8281864852445477,1.1657326601088702,,16.34501476056125,7.208700765615398e-08
2021-10-27,4.5903174069095565,1.3781202351790314,,2.338754651235432,1.5129418603782971,0.8258127908571349,1.304592154352086,,16.96450293973789,7.25471991300859e-08
2021-10-28,3.839713145267396,1.1221202921927642,,2.3410943038418215,1.5176560822203966,0.8234382216214249,0.9733064474613516,,18.619496347590452,7.274067562936633e-08
2021-10-29,5.002223061871483,1.5220433431821179,,2.3434395796058842,1.522376791204997,0.8210627884008872,1.4619309701826444,,18.699541789776475,7.333787150439666e-08
2021-11-01,4.5405060086401585,1.3650867057668652,-0.24860886282208994,2.345790478869645,1.527103976800878,0.8186865020687668,1.2544623590094595,-0.3145610785276124,16.705583822085813,7.376648381658539e-08
2021-11-02,4.95841219258112,1.509713305053651,,2.3481470019399837,1.5318376284319706,0.8163093735080131,1.4239792597490342,,18.481416313170634,7.464242451196077e-08
2021-11-03,4.167102212869723,1.239749629205742,,2.350509149088631,1.5365777354774222,0.8139314136112088,1.0752647719845994,,18.301129634928227,7.419883488267241e-08
2021-11-04,4.253814223230156,1.270820185116617,,2.3528769205521676,1.5413242872716801,0.8115526332804874,1.1028495186674512,,18.200747686042288,7.298708735612688e-08
2021-11-05,4.203685317346319,1.2549719734080227,,2.3552503165320218,1.5460772731045553,0.8091730434274664,1.0717922398645834,,18.686850332399718,7.306117182545542e-08
2021-11-08,4.731388456373621,1.4372357207197806,-0.2071761861868129,2.3576293371944668,1.5508366822213078,0.806792654973159,1.2883813331210336,-0.2637702327335161,17.447446508997256,7.329499495633352e-08
2021-11-09,4.7003178087900395,1.4279179962301898,,2.3600139826706257,1.5556025038227097,0.804411478847916,1.2654999991104465,,17.29897495287737,7.402761999715883e-08
2021-11-10,4.548124413001668,1.3770705816922584,,2.3624042530564626,1.560374727065126,0.8020295259913366,1.1907129541804489,,18.02461772884677,7.451920606451588e-08
2021-11-11,4.389194751484443,1.3239116968537668,,2.364800148412789,1.5651533410605936,0.7996468073521954,1.1130429621278015,,18.97710378932792,7.540404713161894e-08
2021-11-12,4.3342662246278705,1.306408447632299,,2.367201668765258,1.5699383348768858,0.7972633338883721,1.0799488944172595,,19.483894404596263,7.53565649277237e-08
2021-11-15,4.79406704273404,1.4653819319435213,-0.19507871203765248,2.369608814104367,1.5747296975376006,0.7948791165667664,1.2674571124670022,-0.24964839004706557,17.784725850705982,7.513331741448052e-08
2021-11-16,4.681548070699728,1.428129586449368,,2.3720215843854584,1.579527418022224,0.7924941663632343,1.209689401083934,,18.5383801693829,7.378021076518283e-08
2021-11-17,4.638013586563254,1.4145271609170087,,2.374439979528718,1.5843314852662191,0.7901084942624987,1.1814904364124799,,18.996410488537393,7.352924843660595e-08
2021-11-18,5.452935506845465,1.695250738335793,,2.3768639994191756,1.5891418881610913,0.7877221112580843,1.5212053110808326,,20.416634229197413,7.290673410524648e-08
2021-11-19,4.916123922340173,1.5125209186168722,,2.379293643906708,1.5939586155544736,0.7853350283522345,1.2816097638255635,,18.3474885172891,7.262330890004901e-08
2021-11-22,5.422942237424977,1.6876051520712312,-0.053596565285845985,2.381728912806036,1.5987816562501993,0.7829472565558366,1.489288096339238,-0.07379570660730744,20.25706440089039,7.235856338398948e-08
2021-11-23,4.825283832843944,1.4840097380780763,,2.38416980589673,1.6036109990083798,0.7805588068883504,1.2236231716059753,,19.279878274024046,7.217421548319081e-08
2021-11-24,5.131094275206246,1.590173154055839,,2.386616322923208,1.6084466325454858,0.778169690377722,1.3451630751152843,,18.975164425697987,7.16884292491943e-08
2021-11-25,5.059512049531677,1.5669428780492398,,2.3890684635947386,1.6132885455344201,0.7757799180603184,1.30496714309597,,18.819214024384504,7.182642427890631e-08
2021-11-26,4.51827253379209,1.3826853228578253,,2.391526227585443,1.618136726604603,0.7733895009808402,1.0634933801768844,,21.410433464277183,6.944767975530933e-08
2021-11-29,5.645876050998758,1.7706005967516698,-0.0049329354988870006,2.3939896145342963,1.6229911643420427,0.7709984501922535,1.5372419102816295,-0.0139661693736087,21.13450745939587,6.92512925396408e-08
2021-11-30,5.132176804949413,1.5957815671561102,,2.39645862404513,1.6278518472894228,0.7686067767557074,1.3075788062345604,,19.322730410548626,6.950494992428488e-08
2021-12-01,5.474255496865416,1.7143701863559553,,2.398933255686636,1.6327187639461727,0.7662144917404632,1.4446814968911168,,20.36762732944944,7.026842380669248e-08
2021-12-02,4.98333325566827,1.547356553304613,,2.4014135089923654,1.637591902768558,0.7638216062238075,1.224787594399324,,20.50404308369234,7.012902629841304e-08
2021-12-03,5.222387606356344,1.6306186742104285,,2.4038993834607365,1.6424712521697498,0.7614281312909867,1.317744594932785,,19.751266572369648,7.0649228785359e-08
2021-12-06,5.010230294966261,1.5591777168091976,-0.15254818879386844,2.4063908785550328,1.6473568005199104,0.7590340780351224,1.2173289465314072,-0.19948523599233547,20.93227853988503,7.010905490051697e-08
2021-12-07,5.779779227311172,1.8243198179316074,,2.4088879937034116,1.6522485361462762,0.7566394575571354,1.5376483085607853,,21.613997724145086,6.971758052724782e-08
2021-12-08,5.489729830370615,1.726169121694081,,2.4113907282989024,1.6571464473332311,0.7542442809656713,1.4038578494508325,,20.35511402117601,6.953013469502382e-08
2021-12-09,5.542767763090628,1.7456464232017066,,2.4138990816994155,1.6620505223223965,0.751848559377019,1.4171085513245296,,20.56658029002133,6.900724943921755e-08
2021-12-10,5.923231626271372,1.8773820976525977,,2.4164130532277417,1.6669607493127034,0.7494523039150383,1.5706883713784503,,22.181276220657466,6.812798440237502e-08
2021-12-13,5.886160457162836,1.8659609556278831,0.045307303751921824,2.4189326421715593,1.671877116460484,0.7470555257110754,1.5453283109953373,0.04683412968990233,22.00651194534853,6.738667691604928e-08
2021-12-14,5.7828904080949695,1.8318411043363545,,2.4214578477834383,1.6767996118795434,0.7446582359038949,1.4916009922999862,,21.548013804204427,6.623563660693594e-08
2021-12-15,5.051001161138944,1.5821927183555047,,2.423988669280843,1.681728223641252,0.7422604456395907,1.1684691215856327,,22.660591020556193,6.576867791659046e-08
2021-12-16,5.338708954017607,1.6821185056579981,,2.426525105846141,1.6866629397746211,0.7398621660715199,1.2823110718471185,,21.699518679275023,6.50846818209619e-08
2021-12-17,5.264432418634036,1.6579334236786376,,2.429067156626603,1.6916037482663853,0.7374634083602178,1.2410205278646824,,22.289832204017028,6.413744773244684e-08
2021-12-20,5.904032392506922,1.8785040432350961,0.047002695490063896,2.4316148207344126,1.6965506370610945,0.735064183673318,1.5056806911049643,0.047953369362579934,22.003300540438698,6.330914061998426e-08
2021-12-21,5.7427318318432485,1.8244782330100064,,2.4341680972466695,1.7015035940611851,0.7326645031854844,1.4271013853236927,,21.295977912625077,6.301045479134042e-08
2021-12-22,5.229938077743846,1.649938507964329,,2.436726985205395,1.7064626071270752,0.73026437807832,1.197885742082486,,23.253768650445892,6.263849013010797e-08
2021-12-23,5.684176462748781,1.8069506944386529,,2.4392914836175423,1.7114276640772381,0.7278638195403042,1.383116032125554,,21.579116319516842,6.13604189450127e-08
2021-12-24,5.2609228637222065,1.6631065197137467,,2.4418615914549946,1.716398752688298,0.7254628387666966,1.1922819023304811,,23.665168503578165,5.983073439643176e-08
2021-12-27,5.7988883959970625,1.848821221431629,0.020547480954419196,2.44443730765458,1.7213758606951024,0.7230614469594774,1.4134023874846384,0.013884351193024117,21.63173473210464,5.971687371972152e-08
2021-12-28,5.27174952315908,1.669355299521538,,2.4470186311180715,1.7263589757908184,0.7206596553272531,1.1780531001927406,,24.163058755980778,5.81319559600483e-08
2021-12-29,6.069862007481514,1.9442592992061538,,2.4496055607121985,1.7313480856270103,0.7182574750851882,1.510672209634702,,22.60124124007692,5.787023924553739e-08
2021-12-30,6.050707546948989,1.938955515124089,,2.452198095268652,1.7363431778137262,0.715854917454926,1.493037571718837,,22.50294393905111,5.813586550563339e-08
2021-12-31,6.619856606549996,2.135353819201626,,2.4547962335840916,1.741344239919589,0.7134519936645025,1.7275365139216212,,24.925922740020322,5.8619882057787883e-08
2022-01-03,4.10649005936379,1.201744794739681,-0.3321701368402126,2.3037999744201536,1.5415512594718748,0.7622487149482788,1.368732252896476,-0.41521267105026577,15.271809934246013,5.902521801784485e-08
2022-01-04,3.6997848599163627,1.0637086023745643,,2.306720250204695,1.5469788022249236,0.7597414479797715,1.1835416638515481,,14.778954514466399,5.9404598192409945e-08
2022-01-05,4.183615788014048,1.2313806369250393,,2.310451550850386,1.5534861772516606,0.7569653735987252,1.3761966912428334,,15.559227397232737,6.06128344450599e-08
2022-01-06,3.4630434986727936,0.9862953810106159,,2.314572620404002,1.5605116991427397,0.7540609212612623,1.0508621170009629,,16.63664628865814,5.9308438107300305e-08
2022-01-07,3.6741383079079304,1.0607658509235567,,2.318970167608954,1.567904302089984,0.7510658655189699,1.1235334115378213,,16.206334539174495,5.899901511315848e-08
2022-01-10,4.189390278577726,1.239617732009133,-0.3173007440939238,2.323585288396432,1.575585436541329,0.747999851855103,1.3255568163525955,-0.39818281493240654,15.496120079713865,5.938904097561068e-08
2022-01-11,3.3816717913034955,0.964960991580136,,2.328380801943356,1.5835055172781554,0.7448752846652005,0.9597680678659662,,18.476884005220764,5.907129355352842e-08
2022-01-12,4.190434197867182,1.2445950968034334,,2.3333306177878463,1.591629746236001,0.7417008715518454,1.2860556284959184,,15.546285087355818,5.962289817368109e-08
2022-01-13,3.9145644485257836,1.1524148091376598,,2.3384151324819444,1.5999319747082652,0.7384831577736792,1.146892480890502,,17.27885898009633,5.943713901630196e-08
2022-01-14,4.376946055724352,1.3134013994023375,,2.343618887363378,1.6083915803752953,0.7352273069880828,1.3235876386482848,,16.164406110569352,5.935810479787204e-08
2022-01-17,4.035549668943375,1.1988530706789642,-0.3578668522186735,2.348929242757681,1.6169916995739673,0.7319375431837138,1.1553312458668776,-0.4508989001740392,17.898418873517254,5.899126012691812e-08
2022-01-18,4.63379929807895,1.406510134895485,,2.3543355679718374,1.6257181472892788,0.7286174206825586,1.389355367907557,,17.192375790191406,5.853829699271641e-08
2022-01-19,4.565788811645299,1.385771848282235,,2.359828717045904,1.6345587181565946,0.7252699988893092,1.337457831706703,,16.863516709922564,5.8034535225226223e-08
2022-01-20,5.123907220435999,1.5797391967332004,,2.3654006737755475,1.6435027131584339,0.7218979606171136,1.5535576006906333,,19.2175017423964,5.8015462698484546e-08
2022-01-21,4.711833284519697,1.4410986423641081,,2.3710443024470838,1.6525406072712647,0.718503695175819,1.353550787386508,,17.413006783871566,5.735214902628986e-08
2022-01-24,4.516999233964057,1.3769667418791904,-0.2538142427549737,2.3767531674864104,1.6616638089974987,0.7150893584889118,1.2463673882532786,-0.3230366140448822,18.84500299218786,5.751008929753119e-08
2022-01-25,4.776930036069354,1.4687778316230937,,2.3825213996597947,1.6708644819666059,0.7116569176931888,1.3338316035925133,,18.3543701269646,5.75226910869398e-08
2022-01-26,4.470864537211413,1.3665540850720268,,2.3883435946783473,1.6801354097411636,0.7082081849371837,1.178499950188654,,20.294979122665442,5.76569094603343e-08
2022-01-27,5.1621227739080116,1.6062885536498668,,2.3942147349439997,1.6894698914782318,0.7047448434657679,1.4503904796840477,,19.184726712910297,5.675513639851172e-08
2022-01-28,5.305603604299049,1.6582300397326588,,2.40013012819321,1.6988616601210398,0.7012684680721704,1.4873391970683305,,19.75925547122117,5.557562128912254e-08
2022-01-31,6.0430472140092855,1.9138302182891564,0.08864444824631054,2.4060853587209015,1.7083048173643072,0.6977805413565943,1.7786842228682298,0.10271920571591919,22.879060993899408,5.540515317838405e-08
2022-02-01,5.041290724596915,1.5731455410876773,,2.4120762481318563,1.7177937813228557,0.6942824668090006,1.324518382732195,,20.410412585508666,5.638732595040163e-08
2022-02-02,5.2456858250985645,1.6460089808816918,,2.4180988234180383,1.7273232439681028,0.6907755794499355,1.3871540579168253,,20.18313515773991,5.655854609329298e-08
2022-02-03,5.218701217427616,1.639550857349961,,2.424149290746061,1.7368881361781012,0.6872611545679597,1.3505243575123689,,20.950056589482795,5.575026570730548e-08
2022-02-04,5.575529959274333,1.7646927728970307,,2.4302240137501174,1.746483598794859,0.6837404149552584,1.4783006539645427,,20.710561839309676,5.550023241468407e-08
2022-02-07,5.716176493527121,1.8157202998297435,0.007363800335225754,2.4363194954193275,1.7561049584742006,0.6802145369451269,1.5133585386461426,-0.0012627095136581723,21.27171015864132,5.539912739843584e-08
2022-02-08,5.645371684094059,1.7942538425359917,,2.4424323628816005,1.7657477073976713,0.6766846554839292,1.4577414807333946,,21.086650505316896,5.4191738274090024e-08
2022-02-09,6.125862282105698,1.9618050197730423,,2.4485593545430797,1.7754074861251932,0.6731518684178865,1.638356373656148,,22.94394797279233,5.445105532325289e-08
2022-02-10,5.611383224603189,1.788224304727865,,2.4546973091593682,1.785080069023456,0.6696172401359122,1.3925331434602395,,22.54808770741655,5.372381680249017e-08
2022-02-11,6.2542038551619115,2.0114311533584357,,2.4608431565032363,1.7947613518229226,0.6660818046803136,1.6426874590065295,,23.410163747951568,5.322784173439548e-08
2022-02-14,6.179230838458195,1.9885349998625481,0.10653216059319665,2.4669939093610727,1.8044473409465174,0.6625465684145553,1.5852220189926798,0.1202915248442206,23.046899354717805,5.271214283433686e-08
2022-02-15,6.06821532765607,1.953277710786436,,2.473146656642521,1.8141341443225412,0.6590125123199799,1.5123296563376991,,22.565257891591518,5.263309236360884e-08
2022-02-16,6.043782533293527,1.9477008629514483,,2.4792985574283724,1.823817963448608,0.6554805939797643,1.4765774673350363,,23.327337559558774,5.15975754416384e-08
2022-02-17,7.084804689840887,2.3074164723898543,,2.4854468358137267,1.833495086515942,0.6519517492977847,1.8974952503256475,,26.80216505151795,5.0522846429604515e-08
2022-02-18,6.030816190811548,1.9488350385355675,,2.491588776428762,1.8431618824371305,0.6484268939916313,1.4206105848258186,,24.694273742359286,4.989143140848259e-08
2022-02-21,6.502144073874565,2.1132102801203243,0.17365494727978745,2.4977217205396443,1.8528147956474295,0.6449069248922148,1.5975047721926916,0.20179589817967003,24.221482754293763,4.8369569980006625e-08
2022-02-22,6.216152155889073,2.0179228369949573,,2.5038430626484103,1.8624503415713334,0.6413927210770769,1.4499174810350135,,25.204819859603322,4.745935254726724e-08
2022-02-23,7.184284424813484,2.352609431655795,,2.5099502475237827,1.872065102663754,0.6378851448600287,1.83990821495695,,27.06178054114434,4.756027569707615e-08
2022-02-24,6.949986188336254,2.275021547539258,,2.5160407676056558,1.8816557249493928,0.6343850426562629,1.7146796742692734,,26.016263374032345,4.7247226082678163e-08
2022-02-25,6.482110962195851,2.1173363610790075,,2.5221121607347405,1.891218914995693,0.6308932457390475,1.4894664331695213,,26.004908283661166,4.6863774972670826e-08
2022-02-28,6.978500523472606,2.2902413304601117,0.27591818580170324,2.5281620081661607,1.900751437264365,0.6274105709017956,1.6776406862790492,0.3272613270763734,26.056191802630487,4.647959748717669e-08
2022-03-01,6.968433407844223,2.289487965279169,,2.5341879328317662,1.9102501117945498,0.6239378210372164,1.6489044699860331,,25.972188369174656,4.678661421544477e-08
2022-03-02,6.776124575473189,2.226234568410872,,2.540187597820961,1.9197118121773342,0.6204757856436269,1.5422180978811233,,26.657232541440514,4.569208857583584e-08
2022-03-03,7.30052724610445,2.408692578838305,,2.5461587050540184,1.9291334637869069,0.6170252412671116,1.7428580963711329,,27.3143750535515,4.5219090167063225e-08
2022-03-04,7.249144394135565,2.3937190836976328,,2.5520989941254006,1.9385120422384028,0.6135869518869979,1.6969078509040643,,27.053982454307647,4.4336460200526734e-08
2022-03-07,7.265559541532522,2.4019702325129386,0.3350544897121023,2.5580062412975564,1.9478445720463637,0.6101616692511926,1.6801993791292564,0.3988792623456494,27.08441193929517,4.397335012181818e-08
2022-03-08,7.251999369894977,2.3999227037744477,,2.563878258628205,1.9571281254612023,0.6067501331670027,1.6508401687748528,,27.112410258098766,4.315325060106134e-08
2022-03-09,7.493544953432997,2.485317555885745,,2.569712893216251,1.9663598214638245,0.6033530717524267,1.731017995353772,,27.982491906637346,4.309987664394756e-08
2022-03-10,7.498334539707151,2.4895154659658734,,2.575508026553334,1.9755368249011063,0.5999712016522276,1.709944974124975,,27.96397095810647,4.213236226061105e-08
2022-03-11,7.513443376583763,2.497226955970046,,2.5812615739695484,1.9846563457469264,0.596605228222622,1.6935203457006789,,27.989997559607964,4.1864499963579453e-08
2022-03-14,7.342426848774977,2.441098610708057,0.34635526957343726,2.5869714841632616,1.9937156384753356,0.593255845687926,1.597563251077201,0.41078751633200666,29.141729080246986,4.1150867605907055e-08
2022-03-15,8.232903620835826,2.748884440969453,,2.5926357388061105,2.0027120015339612,0.5899237372721493,1.956776937648335,,30.996974281923276,4.063076000411985e-08
2022-03-16,7.3449946946724625,2.446910703084577,,2.5982523522152583,2.0116427769070837,0.5866095753081746,1.5540797854048016,,30.305240877886842,3.980962807005747e-08
2022-03-17,7.934096183116678,2.6513122783084304,,2.6038193710858835,2.020505349759042,0.5833140213268413,1.7846507825910038,,29.641413648748227,3.915863736196409e-08
2022-03-18,7.7433195001297355,2.588297880788872,,2.6093348742776388,2.0292971481495754,0.5800377261280634,1.6812610368043603,,29.747628812102587,3.8400755809546246e-08
2022-03-21,8.541397261525907,2.8642892234503115,0.6144070290589165,2.6147969726494784,2.0380156428136775,0.5767813298358009,2.0019477332310727,0.7437409183374519,32.170756415337905,3.783234078929081e-08
2022-03-22,7.678634224420814,2.570818482889406,,2.6202038089378314,2.046658346999231,0.5735454619386005,1.6111359664156548,,31.147587679398423,3.661409281712984e-08
2022-03-23,7.805927988920438,2.616763968486059,,2.625553557673638,2.0552228163564585,0.5703307413171794,1.6449333270924087,,31.15285049161349,3.556669019642576e-08
2022-03-24,7.791345084385977,2.614033351957004,,2.6308444251341725,2.0637066488737807,0.5671377762603917,1.6182339393845069,,31.75884229037697,3.407766916128893e-08
2022-03-25,8.31057479319748,2.7942906926380675,,2.636074649326036,2.072107484855189,0.563967164470847,1.8206272424977803,,31.039946441665855,3.3611327116065005e-08
2022-03-28,7.78241979119023,2.6154103713532373,0.43525520064158785,2.6412424999959856,2.0804230069347813,0.5608194930612043,1.574465407999485,0.5178162437628995,32.8613404943677,3.223845183726027e-08
2022-03-29,8.160148908931479,2.7470837514408104,,2.6463462786666407,2.088650940124431,0.5576953385422097,1.7168716659107661,,31.762864450254067,3.1341168420110154e-08
2022-03-30,7.637949504457475,2.570174278005061,,2.651384318694346,2.0967890518910206,0.5545952668033256,1.4739341784628779,,34.513130501757175,3.0419462681985624e-08
2022-03-31,8.53804286645504,2.880871330472562,,2.656354985346729,2.1048351522599185,0.5515198330868105,1.840898355379132,,31.880839710964047,2.9951090191485354e-08
2022-04-01,8.340389574902815,2.8151606320001292,,2.6612566758977163,2.1127870939417517,0.5484695819559646,1.7377548651283123,,32.5021864386432,2.8677285895233676e-08
2022-04-04,8.05514362954393,2.719379950718025,0.4923005129797408,2.666087819737961,2.1206427724797097,0.5454450472582515,1.5974342608899317,0.5872827230998348,34.21155271579625,2.7712521394325367e-08
2022-04-05,9.015333082638655,3.050566745304177,,2.670846878498821,2.1284001264149235,0.5424467520838974,1.9912415368610321,,33.83135027393398,2.7298986305703955e-08
2022-04-06,8.235978980857354,2.7852989451264145,,2.6755323461881657,2.136057137467623,0.5394752087205426,1.6399071027098822,,34.38369007690348,2.6420318601147147e-08
2022-04-07,9.029750768435592,3.059348231393774,,2.6801427493364605,2.14361183073198,0.5365309186044804,1.9631533842362123,,33.8325654209462,2.6177834150371137e-08
2022-04-08,8.561459387350801,2.900649100147967,,2.684676647151682,2.1510622748827477,0.5336143722689344,1.745906151284577,,33.89930122624674,2.5207285451152164e-08
2022-04-11,9.422202078891871,3.197577080021712,0.7999067497359054,2.6891326316817445,2.15840658239189,0.5307260492898545,2.0986422890762038,0.9701117416280964,35.45624221358574,2.4329350496800988e-08
2022-04-12,9.177629001085572,3.115497286865263,,2.693509327983219,2.165642909753631,0.5278664182295878,1.978075490592553,,34.379838030330475,2.3966538709294174e-08
2022-04-13,8.614890611808487,2.92428924089615,,2.6978053942952283,2.172769457716375,0.5250359365788531,1.721562277085271,,34.96462166032138,2.3071356495215493e-08
2022-04-14,8.697917882183722,2.954442939948525,,2.7020195222174785,2.1797844715201657,0.5222350506973128,1.7422220886886197,,35.020552290453075,2.197178910153619e-08
2022-04-15,9.280770352756408,3.1559210502481765,,2.7061504368914684,2.1866862411383656,0.5194641957531028,1.9775150219220121,,34.74086806404906,2.1422590405753936e-08
2022-04-18,9.025676757382326,3.0700585489759984,0.7048782071651217,2.710196897183995,2.1934731015224083,0.5167237956615867,1.8541163819158832,0.8498236351335707,34.40900644267742,2.103069785178654e-08
2022-04-19,9.105627565500914,3.099023024563939,,2.714157695872133,2.2001434328485154,0.5140142630236175,1.8747420567953106,,34.447455014597075,2.0194256756236747e-08
2022-04-20,9.656268586340413,3.2893210553680414,,2.7180316598289305,2.2066956607653543,0.5113359990635762,2.097531490031169,,36.27488221221205,2.0209019159621e-08
2022-04-21,8.993714543094645,3.0636200066174477,,2.7218176502091076,2.2131282566417236,0.508689393567384,1.80082492563623,,35.657660024273355,1.939774563814994e-08
2022-04-22,9.33114666440893,3.1807243475833964,,2.725514562634112,2.2194397378133557,0.5060748248207565,1.933133803639674,,34.83463160748659,1.887190514004615e-08
2022-04-25,9.675404198918809,3.3001213137942846,0.8495010864299386,2.72912132737592,2.225628667828067,0.5034926595478528,2.068822836875913,1.0292893896224857,36.28760147603854,1.824416927900429e-08
2022-04-26,9.665204044838703,3.297941922981263,,2.7326369095390035,2.2316936566884507,0.5009432528505529,2.0530612799462906,,36.22215447632831,1.7818528364330888e-08
2022-04-27,9.365500659350522,3.196455801239857,,2.736060309239962,2.2376333610914605,0.4984269481485013,1.9136914609633595,,35.39551221470438,1.7261508921890293e-08
2022-04-28,9.358210309523557,3.195176640572361,,2.7393905617842957,2.2434464846641844,0.49594407712011135,1.9001106025362857,,35.731812284025786,1.650147580180813e-08
2022-04-29,8.887301227339814,3.0348931092648357,,2.742626737839895,2.249131778195231,0.49349495964466383,1.6883094588170913,,38.04373284145487,1.623778531308728e-08
2022-05-02,9.16134455431191,3.1299720329797673,0.7286562061428041,2.7457679436067934,2.2546880398611497,0.4910799037456437,1.7962512909613704,0.8771214853019493,37.1515818099937,1.5575282328048412e-08
2022-05-03,9.676171985359415,3.3075553013068077,,2.748813320982803,2.2601141154473434,0.48869920553545976,2.0078679994335533,,36.17106078104049,1.507649249394506e-08
2022-05-04,9.548764145090951,3.264893025421915,,2.751762047724659,2.2654088985630088,0.4863531491616504,1.9447265702216734,,36.02121216436319,1.4738920359191532e-08
2022-05-05,9.654073664391847,3.30196859299182,,2.754613337604326,2.2705713308496085,0.4840420067547173,1.9818103926345425,,36.042164053488065,1.4537691169023772e-08
2022-05-06,10.02095327885497,3.4286740162794014,,2.7573664405601472,2.27560040218249,0.4817660383776574,2.1314884436275987,,37.59851624568423,1.434350322436081e-08
2022-05-09,9.269545756031224,3.1719150501274926,0.7506106768334361,2.7600206428425422,2.2804951508652076,0.47952549197733463,1.8023966845058663,0.9036634425540613,37.924922895743066,1.3645097716397504e-08
2022-05-10,9.628859531276925,3.2959228386017543,,2.7625752671539705,2.2852546638162288,0.47732060333774173,1.9498276184813312,,36.59691520204569,1.323196018225684e-08
2022-05-11,9.802495713936018,3.356217460031198,,2.765029672782905,2.2898780767476277,0.47515159603527746,2.0181847212593103,,36.618787889335344,1.2627290122481653e-08
2022-05-12,9.51341708829387,3.2578144416817243,,2.767383255731581,2.2943645743354937,0.47301868139608727,1.8887405836993163,,37.47937624826843,1.2277385023672827e-08
2022-05-13,10.282810221447972,3.522263196798092,,2.769635448837295,2.2987133903817414,0.47092205845555357,2.213434957470854,,38.652075102159145,1.1842704802517318e-08
2022-05-16,10.120205301937958,3.4671166836173546,0.9428604695549261,2.771785721887051,2.3029238079670353,0.46886191392001564,2.1392118282090076,1.1432929890151613,37.94374287665749,1.1466048450271682e-08
2022-05-17,9.922632874938412,3.3999280003434067,,2.7738335817253685,2.306995159594619,0.46683842213074955,2.0505151586579324,,37.086320001560686,1.1131869387067582e-08
2022-05-18,10.466426822996839,3.5868685500194064,,2.775778572355077,2.3109268273247685,0.46485174503030846,2.2800615942240565,,39.406955033992645,1.0966661844330763e-08
2022-05-19,9.329659172359804,3.1975628313127133,,2.7776202750309413,2.3147182428997115,0.4629020321312298,1.7898839509581903,,39.022645568074516,1.048627818060458e-08
2022-05-20,9.865857130913888,3.381791422992862,,2.7793583083459747,2.318368887858771,0.4609894204872038,2.017209945692919,,36.83877518891395,1.0296803119122736e-08
2022-05-23,10.009525255919685,3.4313842986207392,0.9159828800858417,2.7809923283103055,2.321878293643608,0.45911403466669753,2.0768288389837175,1.1092376022581043,37.42374407688761,1.0064801913912133e-08
2022-05-24,9.572411937118755,3.281797906504898,,2.7825220284224903,2.3252460416933642,0.45727598672912606,1.8880627846742761,,38.28727769139257,9.740796179154085e-09
2022-05-25,10.007404332216812,3.4311648618974933,,2.7839471397331543,2.3284717635296,0.4554753762035544,2.0735789448022595,,37.40186298152025,9.350131999622654e-09
2022-05-26,9.522944347549043,3.265236568963257,,2.7852674309008876,2.3315551408308917,0.4537122900699959,1.8655677667627102,,38.64013842285984,9.121844556280344e-09
2022-05-27,10.15848051844769,3.4832524369283795,,2.7864827082402983,2.33449590549697,0.4519868027433285,2.138079503238108,,38.03969156476607,8.813719064691232e-09
2022-05-30,10.292005976039775,3.5290957544302484,0.9795892964686258,2.7875928157621668,2.337293839702342,0.4502989760598246,2.195969054921678,1.1885154396130515,38.60830797474116,8.735835811469726e-09
2022-05-31,10.02049835064857,3.4360159421275243,,2.788597635205644,2.3399487759392814,0.44864885926636244,2.080798786108531,,37.44185944161374,8.631799098374765e-09
2022-06-01,9.278558705614934,3.181590472878952,,2.7894970860624433,2.3424605970501715,0.4470364890122718,1.7645409247904298,,39.81845882946487,8.286089815767203e-09
2022-06-02,9.588954376785072,3.2879109881468214,,2.790291125592998,2.3448292362491103,0.44546188934388775,1.8998102080742054,,38.489452388616506,8.042634053901486e-09
2022-06-03,10.123712661943223,3.471101134377704,,2.790979748834565,2.347054677132787,0.443925071701778,2.1317611776147616,,37.88042434474099,7.605977481467242e-09
2022-06-06,9.930654152193664,3.4046994194762634,0.8966584064993025,2.7915629886012523,2.349136953680601,0.44242603492065147,2.052316750207456,1.0848518271513974,37.05335378781634,7.3537315061598664e-09
2022-06-07,8.975943658076064,3.0771052446123703,,2.7920409154759795,2.351076150244004,0.4409647652319757,1.646975757590131,,41.04485951389343,7.054472419327859e-09
2022-06-08,10.347886238932198,3.5471661142819912,,2.7924136377943887,2.3528724015251283,0.43954123626926034,2.2392969591053644,,38.84451025798038,6.9506944476141695e-09
2022-06-09,9.953219631797301,3.4114778976298257,,2.7926813016207044,2.3545258925446655,0.4381554090760389,2.0750243684827403,,37.15577592817441,6.664664615761688e-09
2022-06-10,9.609653863084777,3.293255552440163,,2.7928440907156062,2.356036858599106,0.4368072321165002,1.9331756589990996,,38.144057117201754,6.400242195381369e-09
2022-06-13,10.233953691324677,3.506818534056652,0.96627237037645,2.792902226496132,2.357405585207345,0.43549664128878707,2.2066489248423444,1.1720994651213648,38.366672019836514,6.102532117275968e-09
2022-06-14,9.636422298297516,3.3014137751767154,,2.7928559679876863,2.358632408046772,0.4342235599409143,1.9570014061107373,,37.843495786615776,5.904629847818536e-09
2022-06-15,9.618902236742391,3.294816010753425,,2.79270561176821,2.3597177128788935,0.43298789888931655,1.9564498952382614,,37.80698082506562,5.596328466067867e-09
2022-06-16,9.970044987271725,3.4145630546216608,,2.7924514919045964,2.3606619354646323,0.4317895564399641,2.114414833116738,,37.253136341520815,5.491135371319981e-09
2022-06-17,10.451213340522843,3.5788366162018312,,2.7920939798814457,2.3614655614694073,0.43062841841203836,2.3286213303557517,,39.322677699791,5.4454666965850824e-09
2022-06-20,10.37780681308612,3.5529167287805237,1.0000604996637055,2.7916334845222575,2.362129126358116,0.42950435816414156,2.305667203054049,1.2147930266511355,39.0162434411971,5.3146475591968034e-09
2022-06-21,9.915631236955543,3.393651322995295,,2.7910704519031793,2.3626532152802207,0.4284172366229586,2.1166099401158367,,37.04442667962418,5.18770027232809e-09
2022-06-22,9.930234511711369,3.3977999132527046,,2.790405365259443,2.363038462945056,0.4273669023143869,2.132396311772604,,37.11671483018213,5.034398776677084e-09
2022-06-23,10.022585325412683,3.428552016272031,,2.789638744884635,2.363285553487602,0.4263531913970331,2.1820103933003256,,37.52296984234576,4.917677032586147e-09
2022-06-24,9.281279396072389,3.1734264338253504,,2.7887711480229487,2.3633952203248807,0.425375927698068,1.8748476690194784,,38.128120261750745,4.677412824304444e-09
2022-06-27,9.920848887045516,3.3916916236732035,0.8971283925305766,2.7878031687545977,2.363368246003263,0.42443492275133465,2.1599904965760603,1.086810587175487,37.11016073787763,4.580990111355536e-09
2022-06-28,9.411163853727102,3.2158747669460905,,2.786735437874584,2.363205462036877,0.4235299758377069,1.953094441815348,,37.14074603344844,4.355090556827742e-09
2022-06-29,9.750778328748394,3.3311947115794625,,2.785568622765006,2.3629077487374377,0.42266087402756813,2.110679458756925,,36.4074905358336,4.163973705231818e-09
2022-06-30,9.5294576568624,3.254142772782103,,2.7843034272611513,2.3624760350357716,0.4218273922253797,2.0283558908946713,,36.155590322360844,4.028505045582533e-09
2022-07-01,9.752804004450004,3.3294971933715454,,2.782940591511591,2.3619112982953414,0.4210292932162494,2.1370925473624736,,36.44533443184971,3.914295836432353e-09
2022-07-04,9.585587580090701,3.2708938479003664,0.8226040827565368,2.781480891832547,2.3612145641181495,0.42026632771439765,2.0789300838691185,0.9945563310691152,35.74436951850561,3.810663264195075e-09
2022-07-05,8.434133146142685,2.874787332268791,,2.779925140556805,2.3603869061433462,0.4195382344134586,1.5994323655201514,,40.04505505390542,3.6019631475489096e-09
2022-07-06,9.536332400494276,3.2513123516793017,,2.778274185877466,2.359429445838985,0.41884474003848116,2.086263202594762,,35.56679103030457,3.560638746353124e-09
2022-07-07,9.661097178817492,3.2926676756182496,,2.7765289116868686,2.358343352287308,0.4181855593995607,2.1546662951321975,,36.119322641872266,3.476861757614341e-09
2022-07-08,9.553651795730765,3.2543592261756062,,2.774690237411013,2.3571298419640607,0.41756039544695245,2.124019094214829,,35.6773707662576,3.3934952684557983e-09
2022-07-11,9.321528507018975,3.1732556650109784,0.764923987241068,2.77275911783987,2.355790178512297,0.41696893932757284,2.0404022865810103,0.9235680156363975,35.009538704872945,3.2998885104510856e-09
2022-07-12,9.890684481625573,3.366828497953991,,2.770736542953954,2.354325672511222,0.41641087044273206,2.300649926300783,,37.160933487119024,3.2696413258521523e-09
2022-07-13,9.382054969975318,3.1908274469164417,,2.768623537747612,2.3527376812406446,0.4158858565069674,2.099443650608894,,35.00168640790091,3.200271768810246e-09
2022-07-14,9.382073790308711,3.1891731879785623,,2.7664211620494523,2.3510276084416173,0.41539355360783503,2.1166786034705836,,35.02303386984356,3.1318035712779443e-09
2022-07-15,9.548956916070198,3.244683152692572,,2.7641305103404417,2.3491969040739744,0.41493360626646725,2.2058706881815597,,35.76017909514089,3.085387026916388e-09
2022-07-18,9.263487849411383,3.1450550846248104,0.7548758975976634,2.7617527115701614,2.347247064071403,0.4145056474987583,2.101636014025893,0.9123207481742478,34.559328746157085,2.958335610437835e-09
2022-07-19,8.774185117694252,2.9754958952115556,,2.759288928971821,2.345179630094874,0.41410929887694703,1.9104769670827437,,35.1796068863339,2.816063516772756e-09
2022-07-20,8.18571679441929,2.771892356560207,,2.756740359876616,2.342996189285173,0.41374417059144264,1.67724557721823,,37.302434582807045,2.6974603873333862e-09
2022-07-21,8.821536178636393,2.988000477158864,,2.754108235528092,2.3406983740154823,0.41340986151260983,1.9691302387127703,,34.16823120703746,2.6130709509835015e-09
2022-07-22,9.203021080187165,3.1168646852998596,,2.751393820897235,2.338287861644874,0.41310595925236093,2.1524296905270415,,34.39693051076293,2.5689448168321948e-09
2022-07-25,8.760054603614254,2.963016954904124,0.643533332990847,2.74859841449902,2.3357663742737986,0.41283204022522124,1.982801924561128,0.7746449706967735,33.58352964386931,2.4968461821177963e-09
2022-07-26,9.109804393102229,3.0809154037003115,,2.7457233482112695,2.3331356785026243,0.41258766970864524,2.1533124343448837,,34.049507548687636,2.45648000727346e-09
2022-07-27,8.82602535577999,2.9815623697008213,,2.7427699870966755,2.3303975851944054,0.4123724019022701,2.0527068115824467,,32.86024214978429,2.3689025612862255e-09
2022-07-28,9.16821692493566,3.09678690136407,,2.739739729228976,2.3275539492431885,0.41218577998578754,2.2207638597825166,,34.354288834719355,2.3258584574047132e-09
2022-07-29,8.556356385871089,2.8848676120928105,,2.7366340055242926,2.3246066693491874,0.41202733617510523,1.9803241632810884,,32.64576123015388,2.236679711030169e-09
2022-08-01,8.76452179804707,2.954060539177971,0.6487542386197043,2.733454279578764,2.3215576878023843,0.41189659177637994,2.0916999117875377,0.7828498801497892,32.68088983975001,2.1947495119619245e-09
2022-08-02,8.717997975704948,2.935892622795124,,2.730202047513695,2.3184089902761107,0.4117930572375843,2.094291749956415,,32.510691747311846,2.111199298717135e-09
2022-08-03,9.005509407577572,3.0322129926929344,,2.726878837829536,2.315162605632431,0.4117162321971053,2.24040288652711,,33.7726104887187,2.083865412721524e-09
2022-08-04,7.820587391478047,2.623661699987462,,2.7234862112701332,2.311820605741216,0.4116656055289174,1.7558250097910744,,33.844537726977165,1.9891925806150486e-09
2022-08-05,8.194403044856369,2.7494981778653633,,2.7200257606988134,2.3083851053149838,0.41164065538382966,1.9396238641320103,,31.732684119947155,1.931150009277368e-09
2022-08-08,8.587758967848465,2.8819983831480958,0.61298054183816,2.7164991109880208,2.304858261761825,0.4116408492261958,2.132135677570101,0.7399729202586145,32.074538663097506,1.910275992883852e-09
2022-08-09,8.766794941174346,2.9409824640974325,,2.71290791892436,2.3012422750588524,0.41166564386550775,2.2331267470256497,,32.873593584907915,1.885629113277355e-09
2022-08-10,8.243753503141786,2.7592201010654738,,2.7092538731311024,2.297539387648954,0.4117144854821486,2.0335501145452657,,30.664222464447356,1.8184710785561445e-09
2022-08-11,7.990348231270332,2.6698710601667206,,2.705538694010377,2.2937518843637794,0.41178680964659753,1.9498462597005564,,30.48901184560522,1.7650097181090677e-09
2022-08-12,8.289946154105092,2.7700905915972003,,2.7017641337075387,2.289882092376301,0.41188204133123785,2.1034498476774672,,30.92804142657434,1.709878376610886e-09
2022-08-15,8.26027987521862,2.757387872144198,0.5431394615215072,2.6979319761003895,2.2859323811865027,0.4119995949138868,2.116237782471255,0.6546564589156902,30.83448952401148,1.6549894726636024e-09
2022-08-16,7.760776549300272,2.5835673684249674,,2.694044036816252,2.281905162644225,0.4121388741720273,1.9279559108441287,,29.806760216651405,1.6191771171019686e-09
2022-08-17,7.93186113555693,2.6396328095041666,,2.6901021632802085,2.277802891013544,0.4122992722666643,2.0273489878401763,,29.495420288694927,1.5962631580171962e-09
2022-08-18,8.158231508503654,2.7146243677758393,,2.6861082347981258,2.273628063083539,0.41248017171458695,2.1507071524453343,,30.500401856481982,1.5786993002551463e-09
2022-08-19,8.33472611869138,2.7724875712708883,,2.6820641626785413,2.269383218330881,0.41268094434766045,2.2529520673220484,,31.292013410691222,1.5690746570437211e-09
2022-08-22,7.8602484443709715,2.6071331157347997,0.4570449395912658,2.6779718903978953,2.2650709391402053,0.41290095125769,2.076461683025499,0.5491496038542923,29.29411264511858,1.543385931601705e-09
2022-08-23,7.542337371552973,2.4954324236069163,,2.673833393814143,2.260693851088999,0.4131395427251441,1.9673146855888382,,27.967565905068835,1.5104552732109048e-09
2022-08-24,7.433823847841388,2.455499925462229,,2.669650681434318,2.2562546233044114,0.41339605812990676,1.948143346898725,,27.70100222992464,1.4675881832505632e-09
2022-08-25,7.573038717553387,2.5004786036370223,,2.6654257947423368,2.251755968900411,0.4136698258419256,2.0353654524794544,,28.172005003528305,1.4383245877667195e-09
2022-08-26,7.262032033912412,2.3910723280259933,,2.661160808594069,2.2472006455045954,0.41396016308947337,1.9298497191326778,,27.223039954954448,1.395167118285796e-09
2022-08-29,7.2928571144491645,2.3988432467293115,0.3329698325230174,2.6568578316875793,2.242591455885257,0.4142663758023222,1.9710375307386152,0.3962734408592932,27.045324616999828,1.3613392995857175e-09
2022-08-30,6.7796199122241925,2.2200572850213995,,2.6525190071174642,2.2379312486905683,0.414587758426896,1.779249809010937,,28.056838764447356,1.3335718510240845e-09
2022-08-31,7.526699488674231,2.4733597363498636,,2.6481465130233675,2.23322291931333,0.4149235937100375,2.127781498787004,,28.122714522445985,1.3163494837418326e-09
2022-09-01,6.596008334140631,2.1514073725899996,,2.6437425633441283,2.2284694108965746,0.4152731524475537,1.7574417018242727,,27.592572489201427,1.325449548218483e-09
2022-09-02,6.765700018318969,2.2067110674716215,,2.6393094086905546,2.223673715497324,0.4156356931932308,1.858856951429372,,26.233812427939345,1.2866381656747517e-09
2022-09-05,6.872518056278583,2.2404411225505827,0.24271804719535028,2.634849337351687,2.218838875428354,0.4160104619233329,1.9334778645561261,0.28576115381843215,25.433689203761368,1.2657037976493629e-09
2022-09-06,7.456215296199805,2.4376567721265814,,2.6303646764515456,2.2139679848005738,0.4163966916509718,2.2126160167838695,,27.973863785232407,1.2391800363110704e-09
2022-09-07,6.532062136950367,2.1178804299010747,,2.6258577932758684,2.2090641912920956,0.4167936019837728,1.8456617435642464,,25.32004835811203,1.2150328406088208e-09
2022-09-08,6.367182978550996,2.0584130441459907,,2.621331096791351,2.2041306981739357,0.4172003986174153,1.8042283260798762,,25.38237313915298,1.1914065644573065e-09
2022-09-09,6.327480796212742,2.041851095343958,,2.616787039383387,2.1991707666270828,0.4176162727563044,1.8165482290270136,,24.905716630240818,1.1818479183253442e-09
2022-09-12,7.020585279104949,2.276525958997473,0.2825320665312197,2.6122281188425442,2.1941877183911935,0.4180404004513507,2.14302229353289,0.3378922972439604,26.26292874025812,1.1671955854944616e-09
2022-09-13,5.375116878212518,1.7093944374038945,,2.6076568806349667,2.1891849387918607,0.418471941843106,1.4673328897659574,,27.6872812565052,1.1405321076290645e-09
2022-09-14,5.9277464450652,1.8958877798842597,,2.603075920497965,2.1841658802014683,0.4189100402964967,1.7337551783791803,,24.66627043164378,1.118643449214395e-09
2022-09-15,7.153759208908516,2.313247904941452,,2.598487887409246,2.1791340659982303,0.41935382141101574,2.288827372372163,,26.951865662162387,1.0995081692225273e-09
2022-09-16,6.323595708703074,2.0256271499933067,,2.593895486987107,2.174093095099851,0.41980239188725577,1.9627254061235966,,23.43353612198056,1.0819908996402993e-09
2022-09-19,5.648585764761824,1.791197063504912,-0.02502646364522755,2.5893014853895737,2.1690466471624354,0.42025483822713827,1.7031489047615525,-0.04415675545380966,23.898129998265013,1.0630917549393738e-09
2022-09-20,5.939857611418143,1.888060109750578,,2.5847087137937,2.1639984885529646,0.42071022524073554,1.8577107912267488,,21.99377964937766,1.0521536132374187e-09
2022-09-21,5.8969825023841755,1.8703563931065814,,2.580120073552465,2.1589524792252126,0.42116759432725237,1.8690706641353918,,21.72380030088617,1.0466148708847424e-09
2022-09-22,6.08840010600105,1.9329809392569517,,2.57553854214694,2.1539125806560433,0.4216259614908968,1.980831367541884,,22.5836469663412,1.0359799012647618e-09
2022-09-23,6.355046655289298,2.0213990642061215,,2.5709671800767167,2.1488828650327116,0.422084315044005,2.124808165456096,,23.76584124290798,1.0278845343796443e-09
2022-09-26,5.766305287736034,1.8165436374456958,0.007912692079194008,2.5664091388635084,2.1438675259243967,0.42254161293911174,1.902150278116279,-0.0005765948336978813,21.28200187884072,1.003664937065439e-09
2022-09-27,5.360650262798959,1.6744645323997291,,2.561867670383516,2.1388708907254212,0.4229967796580949,1.7579026452734772,,21.202073742132285,9.986991017181522e-10
2022-09-28,5.744540158547356,1.8030920133343313,,2.557346137796253,2.13389743522708,0.4234487025691731,1.9519601015418104,,21.267045465972778,9.85726039515804e-10
2022-09-29,5.144426560129725,1.5943540060991708,,2.552848028405162,2.1289518007652077,0.42389622763995405,1.7242138962357785,,20.828822342521434,9.833458469000617e-10
2022-09-30,4.947222720389719,1.5237653604415224,,2.5483769688738183,2.124038814508495,0.4243381543653233,1.6690381901101405,,21.0276648435856,9.859316719628042e-10
2022-10-03,4.613373724174344,1.4063376292512453,-0.24968394444563022,2.5439367433386417,2.119163513608852,0.4247732297297899,1.555177182815385,-0.32019128514900674,21.81513024679485,9.74594853900633e-10
2022-10-04,4.60242926648456,1.399632602834778,,2.539531315116024,2.1143311741443003,0.42520014097172387,1.5795619149692401,,21.222172693498862,9.57018947400643e-10
2022-10-05,4.757841319421689,1.4499786643503014,,2.5351648529149218,2.109547346069167,0.4256175068457546,1.6750805726505265,,19.92018856503855,9.497575998449786e-10
2022-10-06,4.581296685965254,1.386527680589931,,2.5308417627595996,2.104817895777806,0.42602386698179373,1.6281494306226751,,20.045309178691657,9.457738758994635e-10
2022-10-07,5.025701366041721,1.5359925176073341,,2.5265667272382912,2.100149058436206,0.4264176688020851,1.8471345375424137,,18.453896134285756,9.384234196544477e-10
2022-10-10,4.419513959865833,1.325275659375683,-0.28827496442397893,2.5223447542793216,2.0955475030168946,0.42679725126242696,1.6156372291432892,-0.3661125161311387,19.491141523481723,9.277841923684312e-10
2022-10-11,3.6630244742607725,1.0630505420289444,,2.518181238507467,2.091020414107467,0.4271608244,1.3194704688037553,,22.11840443575625,9.251839752430617e-10
2022-10-12,4.322791813665431,1.2864258737567054,,2.5140820394980303,2.0865755962494354,0.4275064432485949,1.6299888300610155,,18.682820528958608,9.245626172382459e-10
2022-10-13,4.448804620299043,1.3268293997155778,,2.5100535831724353,2.0822216091324006,0.4278319740400347,1.7114426619741876,,17.54231504600361,9.178648457271516e-10
2022-10-14,4.328885098657943,1.2829464198562268,,2.5061029955974927,2.0779679459931524,0.42813504960434035,1.6871505228123576,,17.464177815816573,9.008471279679382e-10
2022-10-17,5.000618866556703,1.5105243951617386,-0.15008596923015727,2.5022382833365313,2.073825274083903,0.4284130092526284,2.0017539759802805,-0.19117279643839402,18.561101355410138,9.028601773356926e-10
2022-10-18,4.183323561490051,1.227619445669248,,2.4984685827144193,2.069805767025704,0.42866281568871534,1.6777743831323313,,16.932759366773187,8.93991173857717e-10
2022-10-19,4.637100883084127,1.3805572197757745,,2.4948045147950855,2.0659235781118883,0.42888093668319716,1.898062097591768,,17.069849236717502,8.941714423808983e-10
2022-10-20,4.254462987294343,1.2467764790337963,,2.4912587096299554,2.0621955393060327,0.4290631703239227,1.7593481493539034,,15.519017809476289,8.9372938007852e-10
2022-10-21,4.1804634452073275,1.218874384029176,,2.4878466162643735,2.0586422412505985,0.42920437501377506,1.7522965323997086,,15.302966599607775,8.773386368591642e-10
2022-10-24,3.8391618574136417,1.0993949934983556,-0.4107825697677755,2.4845878285355387,2.0552898009975547,0.4292980275379841,1.6299827576703492,-0.5150350970247212,16.249476714873254,8.767408646980913e-10
2022-10-25,4.049727128384295,1.1692086451755954,,2.481508427300797,2.052172984979526,0.42933544232127074,1.743355587242411,,14.850799611024023,8.800738380079524e-10
2022-10-26,3.744281443734536,1.0622035114963473,,2.478645583784987,2.0493413468062935,0.42930423697869324,1.634576927771681,,15.6877946575865,8.845698219801741e-10
2022-10-27,4.017180005211242,1.1536151434426496,,2.4760581924650262,2.0468734044443115,0.4291847880207147,1.772377051582497,,14.587158728702866,8.853281270587379e-10
2022-10-28,3.8260378334015357,1.0861083571584225,,2.47385953501202,2.0449201921395916,0.4289393428724284,1.7094827472460383,,14.49895757966818,8.697446585247418e-10
2022-10-31,3.5405742011120918,0.9866446480170081,-0.47557023465532805,2.472470857800177,2.044043363762974,0.42842749403720326,1.6023491737842337,-0.59446279331916,15.4169418997874,8.800189155473161e-10
2022-11-01,4.2192355276229625,1.2190273207640716,,2.4737976613443413,2.04678357872691,0.42701408261743135,1.8955677296819993,,15.487841509550893,8.835011612992309e-10
2022-11-02,4.022350058726268,1.151220857602571,,2.4751290036507596,2.0495262397865326,0.425602763864227,1.8135523117897463,,14.640260720032138,8.742031032369144e-10
2022-11-03,3.717022153684643,1.0462324719029303,,2.4764648763985444,2.052271327948359,0.42419354845018553,1.6850619178270216,,14.672094101213371,8.682440726852652e-10
2022-11-04,3.9256597217977633,1.1174591656442372,,2.4778052712384966,2.0550188242020906,0.422786447036406,1.776842781257387,,14.218239570552965,8.702703258447501e-10
2022-11-07,3.8462971290853045,1.0899412974197644,-0.40670580172015713,2.4791501797931526,2.0577687095207597,0.4213814702723928,1.7451953312954651,-0.5083822521501964,14.125733782252945,8.758299407152641e-10
2022-11-08,3.572880838137163,0.9958890875284072,,2.480499593656839,2.0605209648608485,0.41997862879599035,1.6303823242713573,,15.301386405894911,8.722100472532862e-10
2022-11-09,3.902118785844901,1.1084595474825398,,2.481853504395722,2.0632755711624258,0.4185779332332964,1.7738500055156003,,14.105744343531745,8.789341704290205e-10
2022-11-10,3.661003202529319,1.025478589423115,,2.4832119035478653,2.0660325093492853,0.41717939419857997,1.6728807461281792,,14.931517632211062,8.650826936727559e-10
2022-11-11,3.5485474432912674,0.9866079397255882,,2.4845747826232785,2.068791760329065,0.4157830222942134,1.6270516849860501,,15.41740075343015,8.572186076866152e-10
2022-11-14,3.3122274336687996,0.9052679203680172,-0.529821386421322,2.485942133103971,2.0715533049933934,0.41438882811057764,1.5281382054534147,-0.6622767330266525,16.434150995399786,8.416495319844012e-10
2022-11-15,3.755609869849926,1.0569671175753643,,2.4873139464440066,2.0743171242180067,0.41299682222599987,1.720526021187212,,14.537911030307946,8.350879498868724e-10
2022-11-16,4.080493335886912,1.1680364791500468,,2.4886902140695577,2.077083198862898,0.41160701520665954,1.8621287978004566,,14.850455989375584,8.467112633208203e-10
2022-11-17,3.639858696137411,1.016640877594537,,2.490070927378956,2.0798515097724324,0.4102194176065237,1.6756526067656035,,15.04198903006829,8.627543148858245e-10
2022-11-18,4.7661780663618085,1.4024850430589564,,2.491456077742746,2.082622037775497,0.40883403996724876,2.1607283415991927,,17.781063038236955,8.64793956081972e-10
2022-11-21,4.194865232757078,1.206282278438328,-0.3291451477077814,2.492845656503744,2.085394763685619,0.40745089281812463,1.918247611733529,-0.41143143463472676,15.328528480479099,8.600542035376565e-10
2022-11-22,4.342340691884813,1.2565196159192575,,2.494239654977087,2.0881696683011044,0.4060699866759827,1.983819188200176,,15.956495198990718,8.585549244537123e-10
2022-11-23,4.165114738705776,1.195429161448851,,2.4956380644502896,2.090946732405177,0.40469133204511243,1.9102331842162408,,15.192864518110637,8.624358027495483e-10
2022-11-24,4.5362415981656845,1.3223437969926288,,2.497040876183296,2.0937259367660985,0.4033149394171973,2.0716556830068846,,16.77929746240786,8.506016195918606e-10
2022-11-25,3.6132519544210027,1.005559761983295,,2.4984480814085375,2.096507262137316,0.4019408192712213,1.678456964616435,,15.180502975208814,8.464417566403109e-10
2022-11-28,2.99341296033981,0.7927115137209655,-0.6048589908526898,2.499859671330988,2.099290689257581,0.40056898207340685,1.4151800814087878,-0.7560737385658622,17.841106078487933,8.576580114371974e-10
2022-11-29,3.734500069740105,1.046464926997654,,2.501275637128212,2.102076198851097,0.3991994382771149,1.7351573575981647,,14.669188412529325,8.498365537922283e-10
2022-11-30,4.086998097714604,1.1669862290657047,,2.50269596995043,2.1048637716276395,0.3978321983227904,1.88859655795977,,14.837327863321306,8.443379399536033e-10
2022-12-01,3.9456346617991924,1.1181820366097575,,2.5041206609205653,2.107653388282702,0.3964672726378633,1.8303809340448987,,14.227275457621968,8.446493409873316e-10
2022-12-02,3.9900058082171754,1.1330567133161342,,2.5055497011343064,2.110445029497619,0.3951046716366875,1.8517659211427864,,14.413208916451676,8.470162166750333e-10
2022-12-05,4.356900100684845,1.2585092003203848,-0.2943271997864102,2.5069830816601533,2.113238675939704,0.3937444057204491,2.011375176340185,-0.3679089997330127,15.98136500400481,8.424756873525669e-10
2022-12-06,4.0292974742023056,1.1458469089355001,,2.508420793539484,2.116034308262391,0.39238648527709286,1.873342944431766,,14.573086361693749,8.43270246317905e-10
2022-12-07,4.176197074475814,1.1958695513109228,,2.509862827786605,2.118831907105352,0.3910309206812532,1.938668846244005,,15.198369391386532,8.481088083730169e-10
2022-12-08,3.568735305341266,0.987252470977669,,2.5113091753888046,2.1216314530946487,0.38967772229415587,1.6806970418167348,,15.409344112779138,8.634292892815205e-10
2022-12-09,3.5152036625645136,0.9685527572940758,,2.5127598273064162,2.1244329268428515,0.3883269004635648,1.660123873460446,,15.643090533824054,8.626644576972455e-10
2022-12-12,4.4645449743499,1.2936936707629385,-0.270870886158041,2.5142147744728702,2.127236308949187,0.3869784655236832,2.06935339740286,-0.3385886076975512,16.421170884536732,8.625594986620038e-10
2022-12-13,3.9359387298000486,1.1121081842176481,,2.515674007794752,2.1300415799996615,0.38563242779509066,1.8451768102717216,,14.151352302720602,8.747176963835697e-10
2022-12-14,3.683515498145211,1.0252124979864639,,2.517137518151857,2.1328487205671993,0.3842887975846576,1.739364343050279,,14.934843775169202,8.70622705329135e-10
2022-12-15,3.6851845729821746,1.0254326607743458,,2.5186052963972507,2.1356577112117834,0.38294758518546734,1.7424485371797156,,14.932091740320677,8.605223009423143e-10
2022-12-16,3.6765108848508055,1.022105225403409,,2.5200773333573245,2.138468532480578,0.38160880087674665,1.741100064234839,,14.973684682457387,8.626782311399694e-10
2022-12-19,3.656604034830534,1.0149249174744992,-0.4567167216836674,2.5215536198318507,2.1412811649080763,0.3802724549237744,1.7349373117512,-0.5708959021045842,15.063438531568762,8.712921568941139e-10
2022-12-20,3.4566780438083295,0.9460222636875609,,2.523034146594044,2.1440955890162225,0.37893855757782147,1.6516234186256735,,15.92472170390549,8.743465189050815e-10
2022-12-21,3.3816770688302946,0.9199495517335391,,2.524518904390618,2.14691178531456,0.37760711907605815,1.6218487249814835,,16.250630603330762,8.738018475338416e-10
2022-12-22,3.8396214492309184,1.0765994746814698,,2.5260078839418414,2.149729734300351,0.3762781496414904,1.820479077652188,,14.292506566481629,8.627009355480216e-10
2022-12-23,3.7014020200005913,1.0288488955615522,,2.5275010759415952,2.152549416458729,0.37495165948286635,1.7636105359106689,,14.8893888054806,8.624634466540088e-10
2022-12-26,4.297489223542641,1.2328591142531955,-0.3114272571645364,2.5289984710574354,2.1553708122628183,0.373627658794617,2.0214447050793125,-0.38928407145567046,15.660738928164943,8.723067692610219e-10
2022-12-27,4.013621991485676,1.13516919839203,,2.530500059930647,2.1581939021738763,0.3723061577567708,1.9021554001639138,,14.439614979900375,8.628873140870587e-10
2022-12-28,4.00497231454889,1.131838121609358,,2.532005833176306,2.161018666641434,0.37098716653487207,1.9008163186531313,,14.397976520116975,8.612039769145006e-10
2022-12-29,3.6530892062627736,1.010825551093466,,2.533515781383332,2.1638450861034184,0.3696706952799138,1.7523770249702508,,15.114680611331675,8.584204554429756e-10
2022-12-30,3.871895868643299,1.085476590106403,,2.5350298951145547,2.166673140986302,0.36835675412825264,1.8485188786193056,,14.181542623669964,8.532603174275928e-10
2023-01-02,4.04168489267654,1.143320132435773,-0.3711199117094848,2.53654816490677,2.1695028117052253,0.3670453532015445,1.9236529772499413,-0.46389988963685597,14.54150165544716,8.553801471473271e-10
2023-01-03,4.1670859185670395,1.1859434887655211,,2.538070581270793,2.172334078664145,0.3657365026066479,1.9797634396210464,,15.074293609569013,8.590144415071944e-10
2023-01-04,3.8846423686518032,1.0887329808177961,,2.5395971346915287,2.1751669222559578,0.36443021243557094,1.8610831482782029,,14.140837739777549,8.625828273329452e-10
2023-01-05,4.2962891078845775,1.2294948535189052,,2.5411278156280233,2.1780013228626474,0.3631264927653759,2.039869889761279,,15.618685668986313,8.552466339606174e-10
2023-01-06,3.92248748320587,1.1009587170689532,,2.542662614513526,2.1808372608554105,0.3618253536581153,1.882035657191602,,14.011983963361914,8.428812101647637e-10
2023-01-09,4.198287303110664,1.1951416542221216,-0.33657223051858565,2.5442015217555474,2.1836747165947967,0.36052680516075064,2.0026017843724486,-0.420715288148232,15.18927067777652,8.450852677045733e-10
2023-01-10,3.750446255473004,1.0412177349693021,,2.5457445277359225,2.186513670430851,0.35923085730507154,1.8130358391424783,,14.734778312883725,8.414564499577016e-10
2023-01-11,3.2885964310111064,0.8824893960117631,,2.5472916228108713,2.1893541027032355,0.3579375201076358,1.617465847717939,,16.718882549852964,8.557078925102177e-10
2023-01-12,4.018039933540721,1.1322030785622228,,2.5488427973110515,2.192195993741382,0.3566468035696695,1.9324498419441603,,14.402538482027785,8.705625902356306e-10
2023-01-13,4.179093719404224,1.1870388875775952,,2.5503980415416287,2.195039323864612,0.35535871767701677,2.0038379333366056,,15.087986094719938,8.865219329334687e-10
2023-01-16,4.127721937639783,1.1690416798169083,-0.3539722134553945,2.551957345782332,2.1978840733822884,0.3540732724000435,1.9841861731534238,-0.44246526681924303,14.863020997711354,8.792725062625778e-10
2023-01-17,4.075239825280904,1.150662399372493,,2.5535207002875153,2.2007302225939385,0.35279047769357685,1.9640582218095544,,14.63327999215616,8.840107205837366e-10
2023-01-18,3.8065972094016494,1.0581695640854016,,2.5550880952862167,2.2035777517894015,0.3515103434968152,1.8512897068961534,,14.522880448932481,8.91190101856185e-10
2023-01-19,3.6473736279368203,1.003190449826529,,2.556659520982223,2.2064266412489566,0.35023287973326633,1.7854147035321177,,15.210119377168388,8.975177978850844e-10
2023-01-20,4.123975876565735,1.1662073922852538,,2.55823496755413,2.209276871243462,0.348958096310668,1.992036111600029,,14.82759240356567,8.94883345163818e-10
2023-01-23,4.0812677257210215,1.151173689943793,-0.365884206704138,2.5598144251553996,2.212128422034497,0.3476860031209026,1.9760955344642381,-0.4573552583801725,14.639671124297413,9.05471546000507e-10
2023-01-24,3.736840560235006,1.0326921090987409,,2.5613978839144282,2.2149812738744883,0.34641661003993995,1.8308464102479143,,14.841348636265739,9.057018139412e-10
2023-01-25,4.322601767629083,1.2331309027030468,,2.5629853339346034,2.2178354070068593,0.34514992692774404,2.084249035385668,,15.664136283788086,9.069733646980256e-10
2023-01-26,3.62645236112141,0.9940561382542881,,2.564576765294369,2.220690801666153,0.3438859636282161,1.7882609744840128,,15.324298271821402,8.947305238281145e-10
2023-01-27,3.7323780118158556,1.0299771945450753,,2.566172168047282,2.223547438078183,0.3426247299690992,1.836018931259527,,14.87528506818656,9.001626479755557e-10
2023-01-30,4.510519818171255,1.296371025481,-0.26908598301266684,2.567771532222082,2.226405296460156,0.3413662357619258,2.171869078311406,-0.3363574787658335,16.4546378185125,8.982799441600167e-10
2023-01-31,4.242938350640022,1.2042298325280696,,2.569374847822747,2.2292643570208246,0.34011049080192235,2.0595516476809115,,15.30287290660087,9.022708672836257e-10
2023-02-01,3.8147989558611446,1.0570388832930773,,2.5709821048285617,2.23212459996061,0.33885750486795185,1.8784232040769564,,14.537013958836534,9.044081886559512e-10
2023-02-02,4.041856846425175,1.1344856851572263,,2.5725932931941724,2.234986005471745,0.33760728772242743,1.9780931119182774,,14.431071064465325,9.061086519971574e-10
2023-02-03,3.9966260960691273,1.1185750693428607,,2.574208402849658,2.237848553738417,0.33635984911124117,1.9610673904169926,,14.232188366785758,9.059623977930768e-10
2023-02-06,2.9826629801036946,0.7705263362027147,-0.6196491091981903,2.57582742370059,2.2407122249368925,0.33511519876369755,1.5288701451902857,-0.7745613864977379,18.118420797466065,9.126269501701195e-10
2023-02-07,3.6275447653730915,0.9912231260631943,,2.577450345628091,2.243576999235669,0.33387334639242194,1.8076059068146617,,15.359710924210072,9.112225563873555e-10
2023-02-08,3.92820092152929,1.0938984059468864,,2.5790771584889054,2.2464428567955963,0.3326343016933091,1.938815864229204,,14.076269925663922,8.995911565812392e-10
2023-02-09,3.8223735679832265,1.0572066228128834,,2.5807078521154576,2.249309777770031,0.3313980743454268,1.8958180562861349,,14.53491721483896,9.04435498125759e-10
2023-02-10,4.034867569555094,1.1296523077796505,,2.58234241631592,2.252177742304957,0.33016467401096294,1.98924312702952,,14.37065384724563,8.980986705464193e-10
2023-02-13,4.344898290641712,1.2355378775537504,-0.3096414149641664,2.5839808408742684,2.25504673053914,0.3289341103351284,2.124469077481328,-0.387051768705208,15.69422346942188,8.876802362201514e-10
2023-02-14,3.838243470167537,1.0614157058415288,,2.585623115550356,2.2579167226042496,0.3277063929461064,1.9096863549061605,,14.48230367698089,8.79770777817504e-10
2023-02-15,3.581807016507009,0.9730814244652564,,2.5872692300799724,2.260787698625004,0.3264815314549683,1.8021394792065744,,15.586482194184297,8.822375803431785e-10
2023-02-16,4.066893144821223,1.1389821990213256,,2.5889191741749054,2.2636596387193135,0.32525953545559183,2.0123873874959703,,14.487277487766567,8.816919359046789e-10
2023-02-17,3.840089417742058,1.0608051999718637,,2.59057293752301,2.266532522998403,0.3240404145246072,1.9175390229632325,,14.489935000351705,8.651462507986819e-10
2023-02-20,3.9010015123709745,1.0812723799013717,-0.41248508006575224,2.592230509788272,2.2694063315669686,0.32282417822130327,1.9459968064436832,-0.5156063500821902,14.234095251232853,8.623797037115536e-10
2023-02-21,3.854722704151923,1.0649871537016307,,2.59389188061087,2.2722810445232957,0.32161083608757446,1.928514986650334,,14.437660578729618,8.717204139081502e-10
2023-02-22,4.7427101010413315,1.3690205360013183,,2.5955570396072405,2.2751566419594154,0.32040039764782513,2.311432311961063,,17.36275670001648,8.684040356402312e-10
2023-02-23,3.1750473237582195,0.8311154886802468,,2.597225976370146,2.2780331039612274,0.3191928724089186,1.6419274648115356,,17.361056391496916,8.673284986761463e-10
2023-02-24,3.8246074538190786,1.0533999316240825,,2.5988986804687375,2.2809104106086444,0.3179882698600931,1.9226603251387475,,14.582500854698969,8.75727280786339e-10
2023-02-27,3.9604672082818504,1.099557316922193,-0.4002951220518714,2.6005751414486187,2.2837885419757358,0.3167865994728829,1.9832351881284769,-0.5003689025648392,14.005533538472587,8.822399952803464e-10
2023-02-28,3.689596066583263,1.0062629009260666,,2.6022553488319144,2.2866674781308514,0.3155878707010631,1.8694961042884346,,15.171713738424168,8.906129043416111e-10
2023-03-01,4.279176057723495,1.207979099855394,,2.6039392921173343,2.289547199136775,0.3143920929805595,2.1245210739560174,,15.349738748192424,8.68881628119648e-10
2023-03-02,4.250121769240631,1.197590921446357,,2.6056269607802394,2.292427685050849,0.31319927572939044,2.114416336858795,,15.21988651807946,8.827646293381753e-10
2023-03-03,3.950015499631022,1.0942694457813753,,2.6073183442727035,2.2953089159251245,0.31200942834757894,1.9881457231518433,,14.071631927732811,8.880572494798414e-10
2023-03-06,3.8732452868860445,1.0675191493587568,-0.42165390042749556,2.6090134320235863,2.298190871806487,0.3108225602170993,1.9575898085049328,-0.5270673755343694,14.40601063301554,9.081771864036966e-10
2023-03-07,3.930051126657586,1.0865651798922025,,2.6107122134385956,2.301073532736809,0.3096386807017866,1.9842800076020621,,14.16793525134747,9.020307086036752e-10
2023-03-08,3.933819020908408,1.0874256015622628,,2.612414677900354,2.303956878753074,0.30845779914727967,1.9882388807059028,,14.157179980471716,8.880495216378679e-10
2023-03-09,3.944325515937417,1.0905952366249085,,2.614120814768461,2.3068408898875217,0.30727992488093925,1.9950849356686575,,14.117559542188644,8.883292711951552e-10
2023-03-10,3.9072214927320967,1.077440107817984,,2.615830613379569,2.3097255461677904,0.30610506721177844,1.9815256809402706,,14.281998652275199,8.8635196568747e-10
2023-03-13,4.062646898522596,1.1302939177510871,-0.3798040548326086,2.6175440630474425,2.3126108276170445,0.30493323543039796,2.0504782248059037,-0.4747550685407607,14.378673971888588,8.918046443720947e-10
2023-03-14,4.239185660163851,1.1903854477793439,,2.619261153063025,2.3154967142541256,0.3037644388088996,2.1284785239783055,,15.129818097241797,9.006992941705497e-10
2023-03-15,3.5462455049664214,0.9523687822881709,,2.620981872694511,2.318383186093677,0.30259868660083367,1.833844163953891,,15.845390221397865,9.002169662123554e-10
2023-03-16,3.6103826122764455,0.9739203320920222,,2.622706211187407,2.321270223146297,0.30143598804110994,1.863670638261325,,15.575995848849724,8.98493467213636e-10
2023-03-17,3.367415369389719,0.8901778364619772,,2.6244341577646053,2.3241578054186616,0.30027635234594374,1.7618801009961333,,16.622777044225284,9.029560794970445e-10
2023-03-20,4.2839207358937195,1.203967688042912,-0.3306882079713921,2.626165701626443,2.3270459129136793,0.2991197887127637,2.1570055229673195,-0.41336025996424003,15.2995961005364,9.011006457024831e-10
2023-03-21,4.069583008795183,1.1300387951828557,,2.6279008319507775,2.3299345256306148,0.29796630632016274,2.0674830196091842,,14.375484939785695,8.985722519012523e-10
2023-03-22,4.16010492245896,1.1606321019119326,,2.629639537893051,2.3328236235652353,0.29681591432781573,2.108613750955151,,14.757901273899156,9.07225763374928e-10
2023-03-23,3.4842315503492016,0.9284602113963839,,2.631381808586355,2.335713186709952,0.29566862187640286,1.8212884509554321,,16.144247357545204,9.17799844069037e-10
2023-03-24,4.61058560571686,1.3141937747456167,,2.6331276331415046,2.338603195053948,0.29452443808755646,2.306345413485969,,16.677422184320207,9.270291663754013e-10
2023-03-27,3.774056941630174,1.0269378910225573,-0.44870807265162865,2.6348770006471014,2.3414936285833305,0.29338337206377085,1.950165992361527,-0.5608850908145357,14.913276362218037,9.258580793362887e-10
2023-03-28,4.047330937336577,1.1201846968533509,,2.6366299001696056,2.3443844672812544,0.29224543288835125,2.0696153383479428,,14.252308710666885,9.084254807260308e-10
2023-03-29,4.288800810753941,1.2025261592814047,,2.638386320753399,2.3472756911280768,0.2911106296253223,2.175433390229833,,15.281576991017557,9.074414128183964e-10
2023-03-30,3.6456336496206827,0.9815624293044715,,2.64014625142086,2.350167280101479,0.289978971319381,1.9021203167320682,,15.480469633694108,9.014974238950641e-10
2023-03-31,3.801176513882232,1.03444107697848,,2.6419096811724274,2.3530592141766222,0.2888504669958052,1.9711105603997223,,14.819486537769,9.00670656664838e-10
2023-04-03,4.056416706833806,1.121500612952105,-0.3856662580319301,2.64367659898667,2.3559514733262716,0.28772512566039854,2.082827239516403,-0.4820828225399126,14.268757661901311,8.954710044989314e-10
2023-04-04,4.995141760171949,1.4428967690557648,,2.645446993820358,2.3588440375209423,0.2866029562994159,2.4874649988406485,,18.28620961319706,8.955277265935996e-10
2023-04-05,4.101742473946617,1.136134969142243,,2.6472208546085296,2.3617368867290405,0.28548396787948915,2.1069055981568443,,14.451687114278036,8.874123025999607e-10
2023-04-06,4.559900859446063,1.2927633380756862,,2.6489981702645617,2.3646300009169927,0.28436816934756903,2.3055841735116007,,16.409541725946077,8.774616455104914e-10
2023-04-07,4.420988693297118,1.2446807774230348,,2.6507789296802344,2.3675233600493977,0.28325556963083676,2.2483743318281912,,15.808509717787933,8.873925724603728e-10
2023-04-10,4.129138214331007,1.1441612043793423,-0.3705591970804385,2.652563121725809,2.3704169440891496,0.2821461776366596,2.1256184495633277,-0.4631989963505481,14.552015054741778,8.799020112215131e-10
2023-04-11,3.6554507441902144,0.9812965074043186,,2.654350735250091,2.3733107329975938,0.28104000225249726,1.9249313672529922,,15.483793657446018,8.801246410636639e-10
2023-04-12,4.373920524633367,1.2271704332981883,,2.6561417590805023,2.3762047067346477,0.27993705234585464,2.2351677483573833,,15.589630416227353,8.879399959976609e-10
2023-04-13,3.4800085519537785,0.9202267590022344,,2.657936182023148,2.3790988452589583,0.27883733676418965,1.8543822940117514,,16.24716551247207,8.955006127636974e-10
2023-04-14,4.565996769770231,1.2921050148412512,,2.6597339928628916,2.3819931285280243,0.27774086433486733,2.3221243970795884,,16.401312685515638,9.021551749821304e-10
2023-04-17,4.077038513709984,1.1240006369861908,-0.3839995753425396,2.661535180363422,2.3848875364983426,0.27664764386507956,2.114888332731081,-0.4799994691781745,14.300007962327383,9.048438055438538e-10
2023-04-18,3.0808074481134002,0.781973174324219,,2.6633397332673217,2.3877820491255513,0.2755576841417704,1.690248517030825,,17.975335320947263,9.109867639603884e-10
2023-04-19,3.8905604247685073,1.0591392685961794,,2.665147640296141,2.390676646364558,0.27447099393158325,2.039600732109782,,14.510759142547759,9.225450055377736e-10
2023-04-20,4.239973978244266,1.1784737385107529,,2.6669588901504677,2.39357130816969,0.27338758198077784,2.1916634813081313,,14.980921731384411,9.263122349304331e-10
2023-04-21,3.929491362738938,1.071557135235228,,2.668773471509997,2.3964660144948207,0.27230745701517645,2.060912433538856,,14.35553580955965,9.113495687211761e-10
2023-04-24,4.264062003941257,1.185800697319229,-0.34279953512051414,2.6705913730335986,2.3993607452935235,0.2712306277400751,2.20661161694256,-0.4284994189006427,15.07250871649036,9.07251540957789e-10
2023-04-25,3.7176645174718392,0.9979970998745247,,2.672412583359396,2.402255480519195,0.270157102840201,1.9747518553623506,,15.275036251568443,9.13183709182044e-10
2023-04-26,3.559444885897319,0.9432821152654872,,2.6742370911048305,2.4051502001252025,0.269086890979628,1.9092528442070615,,15.95897355918141,9.08271381115648e-10
2023-04-27,3.992901279429127,1.0914265516342874,,2.6760648848667334,2.408044884065027,0.2680200008017066,2.097328073607886,,14.107168104571407,9.218422994186571e-10
2023-04-28,4.030326301847655,1.1037878800747898,,2.6778959532214,2.4109395122923876,0.2669564409290124,2.115674362385875,,14.047348500934872,9.215486302375415e-10
2023-05-01,3.8987176166191313,1.0581938778725215,-0.4278707480849857,2.6797302847246596,2.413834064761399,0.2658962199632606,2.061576412102051,-0.5348384351062322,14.522576526593483,9.224865423508689e-10
2023-05-02,4.451580515082059,1.247274937597063,,2.6815678679119475,2.4167285214266907,0.26483934648525675,2.30082219342302,,15.840936719963288,9.321050149852814e-10
2023-05-03,3.725835139434538,0.9979751149833131,,2.6834086912983715,2.419622862243565,0.2637858290548065,1.9920917559727065,,15.275311062708587,9.308050308544238e-10
2023-05-04,4.13439740258405,1.137579872879882,,2.685252743378794,2.422517067168118,0.2627356762106756,2.169491908267971,,14.469748410998523,9.3251601870525e-10
2023-05-05,4.049963241078511,1.108156396539635,,2.6871000126278957,2.425411116157395,0.26168889647050086,2.1356066118319386,,14.101954956745438,9.40327708867367e-10
2023-05-08,3.48271005046817,0.9131940857436701,-0.5245372761708866,2.6889504875002475,2.4283049891695145,0.2606454983307329,1.8947975963491022,-0.6556715952136083,16.335073928204125,9.281821588800862e-10
2023-05-09,3.5672895028514326,0.9417163779597786,,2.690804156430389,2.431198666163815,0.2596054902665741,1.9333441386135384,,15.978545275502768,9.260334174542927e-10
2023-05-10,4.0345108865633765,1.101429321949836,,2.6926610078328954,2.434092127100997,0.25856888073189843,2.135878779538292,,14.017866524372947,9.332029502882434e-10
2023-05-11,4.725156503887914,1.3377439998424356,,2.6945210301024525,2.4369853519432505,0.257535678159202,2.4341653517462953,,16.971799998030445,9.339875449345846e-10
2023-05-12,4.235877901085077,1.1695123774278575,,2.6963842116139247,2.4398783206544072,0.2565058909595175,2.226768792439229,,14.868904717848217,9.466402216884515e-10
2023-05-15,3.4305607091296864,0.8929238209826442,-0.5380507860115706,2.6982505407224346,2.442771013200066,0.2554795275223687,1.8839257894283712,-0.6725634825144633,16.58845223771695,9.335418535288996e-10
2023-05-16,2.947263953883532,0.7267414321856795,,2.7001200057634325,2.4456634095477456,0.25445659621568684,1.679090199779845,,18.665732097679005,9.196799978617549e-10
2023-05-17,4.293907839969178,1.1879664311605256,,2.7019925950527677,2.448555489667007,0.2534371053857605,2.2585135286176645,,15.09958038950657,9.263044495068546e-10
2023-05-18,4.005071075358746,1.088454382048616,,2.703868296886762,2.4514472335296116,0.2524210633571502,2.137015211090382,,14.144320224392299,9.33784071536797e-10
2023-05-19,4.439597981092518,1.2369519163412444,,2.705747099542285,2.454338621109641,0.25140847843264424,2.3255285165361967,,15.711898954265553,9.323944685408495e-10
2023-05-22,3.7333150814648492,0.9943138495146271,-0.47045743365691534,2.707628991276829,2.457229632383645,0.2503993588931843,2.025121944276929,-0.5880717920711441,15.321076881067162,9.35994428730192e-10
2023-05-23,4.165554533604405,1.1420254997430233,,2.7095139603285734,2.4601202473307855,0.2493937129977879,2.2126521220095645,,14.52531874678779,9.42528716268326e-10
2023-05-24,4.340556999829586,1.2015408155633436,,2.7114019949164687,2.4630104459329614,0.24839154898350735,2.289936465387141,,15.269260194541793,9.358840758263155e-10
2023-05-25,3.889202444640703,1.0463043634152223,,2.7132930832403055,2.465900208174962,0.24739287506534335,2.09878066244399,,14.671195457309723,9.301817366595796e-10
2023-05-26,3.898105479519792,1.0488697315722721,,2.715187213480789,2.468789514044592,0.24639769943619694,2.104876678509932,,14.639128355346598,9.320043839018758e-10
2023-05-29,4.057500390900938,1.103031539731807,-0.3979789735121288,2.717084373799609,2.4716783435328216,0.2454060302667873,2.1754677681975805,-0.49747371689016096,14.037894246647586,9.398537885508302e-10
2023-05-30,4.240020331006758,1.1651211615872397,,2.71898455233952,2.474566676633916,0.24441787570560436,2.2559681286179654,,14.814014519840493,9.302754329240424e-10
2023-05-31,4.046494135520964,1.0982799194585708,,2.720887737224415,2.4774544933455824,0.2434332438788327,2.175304392668796,,14.021501006767867,9.288517798723405e-10
2023-06-01,4.393839379285027,1.2168795605311384,,2.7227939165593913,2.4803417736691005,0.24245214289029082,2.3264412243330237,,15.46099450663923,9.270440175961052e-10
2023-06-02,3.8926951442261446,1.0445677772879565,,2.724703078430836,2.4832284976094634,0.24147458082137252,2.113938219219409,,14.692902783900545,9.30770446525029e-10
2023-06-05,3.5908680922088045,0.940592575344427,-0.5062716164370488,2.726615210906493,2.486114645175524,0.24050056573096912,1.9868553643560576,-0.632839520546311,15.992592808194665,9.309302871881272e-10
2023-06-06,4.749183879650375,1.3372370441735817,,2.728530302035542,2.489000196380118,0.2395301056554242,2.485546501597095,,16.96546305216977,9.265995086607566e-10
2023-06-07,3.8470588915054966,1.0274439516149065,,2.730448339848668,2.491885131240219,0.23856320860844882,2.1011900707588524,,14.90695060481367,9.37304811169901e-10
2023-06-08,3.8611662589983533,1.0317869499538703,,2.7323693123581405,2.4947694297770617,0.23759988258107878,2.1095031172193996,,14.85266312557662,9.330000154569527e-10
2023-06-09,4.038532184142113,1.092103601471338,,2.7342932075578905,2.4976530720162953,0.23664013554159524,2.187782573855468,,14.098704981608277,9.307831700957531e-10
2023-06-12,4.086521140991049,1.108061733158478,-0.3946255112276815,2.7362200134235755,2.5005360379881054,0.23568397543547004,2.2106132044362026,-0.4932818890346019,14.100771664480972,9.17775558818656e-10
2023-06-13,3.929114910346071,1.053597962901406,,2.738149717912667,2.5034183077273693,0.23473141018529775,2.145415761354127,,14.580025463732424,9.121279155633462e-10
2023-06-14,4.059800759002762,1.097907932366119,,2.7400823089645185,2.5062998612737797,0.23378244769073886,2.2036847767314285,,14.026150845423514,9.166034383052481e-10
2023-06-15,4.053436263339563,1.0952285322286193,,2.742017774500443,2.5091806786719895,0.23283709582845358,2.2032163439577634,,14.059643347142261,9.194818830695944e-10
2023-06-16,4.129992192431871,1.120978319242497,,2.7439561024237844,2.512060739971754,0.23189536245203035,2.2382836390248753,,14.262228990531211,9.246876397595978e-10
2023-06-19,3.2451391417099056,0.8171015049215222,-0.5885989967189853,2.7458972806200013,2.5149400252280594,0.2309572553919419,1.8613169063799622,-0.7357487458987316,17.536231188480976,9.295167563860765e-10
2023-06-20,4.730022703421158,1.325705156840942,,2.7478412969567363,2.517818514501272,0.23002278245546437,2.4999499605524496,,16.821314460511775,9.473837713167908e-10
2023-06-21,4.0216232275342865,1.0823254023758533,,2.7497881392838948,2.5206961878572627,0.22909195142663208,2.198602940827079,,14.220932470301836,9.412638854940288e-10
2023-06-22,4.277852071500716,1.1696747143336383,,2.7517377954337157,2.5235730253675612,0.22816477006615443,2.310666418284609,,14.870933929170478,9.278765700229473e-10
2023-06-23,3.593760557102305,0.9346278390159172,,2.753690253220856,2.5264490071094783,0.22724124611137775,2.019733805879375,,16.067152012301037,9.193746774639308e-10
2023-06-26,3.9127096400436723,1.04347996865009,-0.43768002089994007,2.7556455004424625,2.529324113166258,0.22632138727620443,2.1586740739788706,-0.547100026124925,14.706500391873876,9.137992185943945e-10
2023-06-27,3.8437146943548033,1.0193220960415503,,2.757603524878243,2.5321983236272025,0.22540520125104058,2.1313509436791405,,15.008473799480623,9.060476799934692e-10
2023-06-28,4.594895870796117,1.2763668517410256,,2.7595643142905533,2.5350716185878177,0.22449269570273556,2.4555301832640994,,16.20458564676282,9.070384840067188e-10
2023-06-29,3.876926864336204,1.029702367179694,,2.761527856424465,2.5379439781499538,0.22358387827451143,2.1500719371245713,,14.878720410253823,9.175515589231067e-10
2023-06-30,4.348760441796061,1.190969598432811,,2.7634941390078485,2.540815382421932,0.2226787565859163,2.354527380462946,,15.137119980410137,9.305871258034744e-10
2023-07-03,3.8572578319396458,1.0219495456792167,-0.4520336362138556,2.765463149751441,2.543685811518696,0.22177733823274481,2.1461227436177173,-0.5650420452673195,14.975630679009793,9.350541869201854e-10
2023-07-04,3.9279626080914203,1.0456857272415268,,2.7674348763489327,2.5465552455619362,0.22087963078699646,2.1786624046138447,,14.678928409480916,9.53487133971022e-10
2023-07-05,4.001912606523543,1.0705339801759177,,2.769409306477041,2.549423664680241,0.21998564179680002,2.2125911399001383,,14.368325247801028,9.50671497110074e-10
2023-07-06,4.53867854505275,1.2540614152195162,,2.7713864277955804,2.552291049009221,0.21909537878635943,2.4448678180336163,,15.925767690243951,9.370399361174002e-10
2023-07-07,3.4293635434081318,0.8732176809163859,,2.773366227947551,2.555157378691654,0.2182088492558969,1.9716794798371362,,16.834778988545178,9.462005128411759e-10
2023-07-10,3.6318105683342954,0.9421203733670682,-0.5052530844219546,2.775348694559208,2.5580226338776266,0.21732606068158145,2.060673100586462,-0.6315663555274433,15.97349533291165,9.309049296401133e-10
2023-07-11,3.4122184366002073,0.8663233801172221,,2.7773338152401434,2.560886794724659,0.21644702051548448,1.9687910198711867,,16.920957748534725,9.248320268867916e-10
2023-07-12,3.7146335059566167,0.9694997456286261,,2.7793215775833557,2.5637498413978577,0.21557173618549808,2.1006245234336403,,15.631253179642176,9.294036450290086e-10
2023-07-13,3.812684782654866,1.0026079938569472,,2.781311969165339,2.5666117540700375,0.21470021509530168,2.1448717463912215,,15.217400076788161,9.287798219048517e-10
2023-07-14,3.533163441781345,0.9062622495091535,,2.7833049775461536,2.569472512921873,0.2138324646242804,2.027300324808315,,16.421721881135582,9.274168402677508e-10
2023-07-17,3.842768754982419,1.0119022704062397,-0.45873181972917354,2.7853005902695007,2.5723320981420232,0.21296849212747748,2.1622099361498233,-0.5734147746614668,15.101221619922004,9.178426953209129e-10
2023-07-18,3.3960604669786565,0.8582342622879903,,2.7872987948628087,2.575190489927281,0.21210830493552768,1.972983317787269,,17.022071721400124,9.179829326589941e-10
2023-07-19,3.7464060123752727,0.9778413531478783,,2.7892995788373054,2.5780476684826996,0.21125191035460578,2.1253493599175477,,15.526983085651523,9.265442092302771e-10
2023-07-20,4.524342175367923,1.244050447989224,,2.791302929688099,2.580903614021733,0.21039931566636572,2.4609666740082634,,15.8006305998653,9.269424412557787e-10
2023-07-21,4.246945246934588,1.1484305684337324,,2.79330883489425,2.5837583067663807,0.20955052812786912,2.344296517308546,,14.605382105421654,9.202721479642087e-10
2023-07-24,4.172798889658603,1.1224961206607034,-0.3850025862261978,2.7953172819188588,2.5866117269473095,0.2087055549715493,2.314731877773189,-0.48125323278274723,14.28120150825879,9.102247919790394e-10
2023-07-25,3.7577098647607867,0.9796665732465064,,2.7973282582091388,2.589463854804007,0.2078644034051318,2.13904707136214,,15.504167834418672,9.038426105961971e-10
2023-07-26,3.5725511297040877,0.9156698049146332,,2.7993417511964953,2.5923146705849027,0.20702708061159258,2.0619019267281944,,16.304127438567086,9.072665117284536e-10
2023-07-27,3.712976073527794,0.9633012709358864,,2.801357748296601,2.595164154547521,0.20619359374907997,2.124290743217379,,15.708734113301421,9.10304051329539e-10
2023-07-28,4.098058401643148,1.0948148207724784,,2.8033762369094823,2.5980122869586,0.20536394995088214,2.291530812924198,,14.064814740344023,9.039952465518516e-10
2023-07-31,4.418546139343756,1.2041812135672003,-0.33054585762186656,2.805397204419594,2.6008590480942475,0.20453815632534633,2.431085565053248,-0.4131823220273332,15.302265169590003,8.864079345107258e-10
2023-08-01,4.432016549884963,1.2082840900562386,,2.8074206381958913,2.6037044182400595,0.20371621995583178,2.4390595308103578,,15.35355112570298,8.899874684327901e-10
2023-08-02,4.338407208026585,1.175673483498,,2.809446525591922,2.606548377691267,0.20289814790065508,2.4011402320637667,,14.945918543725,8.830466368939694e-10
2023-08-03,3.861054123562885,1.0114931763118469,,2.8114748539458967,2.609390906752874,0.2020839471930227,2.1987573771426825,,15.106335296101916,8.887620842535923e-10
2023-08-04,4.129298807436514,1.1029459798884786,,2.813505610580771,2.6122319857397844,0.20127362484098654,2.315914460600383,,14.036824748605982,8.829553129879633e-10
2023-08-07,4.0097449936718395,1.0614388963955306,-0.4257074024029797,2.8155387828043192,2.6150715949769516,0.2004671878273676,2.266870215471365,-0.5321342530037246,14.482013795055868,8.753584740362483e-10
2023-08-08,4.053308125717519,1.07585722838063,,2.8175743579092236,2.6179097147994987,0.19966464310972487,2.2877312502752862,,14.301784645242126,8.767851980261215e-10
2023-08-09,4.838230098966196,1.3444553476351777,,2.8196123231731476,2.6207463255528713,0.19886599762027624,2.6263155100968434,,17.055691845439718,8.958126788263907e-10
2023-08-10,3.5100471501533805,0.8885599715595666,,2.8216526658588124,2.6235814075929587,0.1980712582658537,2.059281372042417,,16.643000355505418,9.020974908715814e-10
2023-08-11,4.046123329225714,1.0718387820893287,,2.8236953732140835,2.626414941286243,0.19728043192784028,2.2912134188979043,,14.352015223883392,9.03429946129053e-10
2023-08-14,4.553886375249139,1.2454098688635389,-0.30306008742430746,2.825740432472047,2.629246907009925,0.19649352546212207,2.5110092430893487,-0.3788251092803843,15.817623360794235,9.06579054374773e-10
2023-08-15,3.618227316241785,0.9240930205959755,,2.8277878308510913,2.6320772851520626,0.19571054569902868,2.112193560897032,,16.198837242550308,8.926264568775699e-10
2023-08-16,3.9074938388620097,1.02275030896805,,2.8298375555549793,2.634906056111715,0.1949314994432645,2.2383439423217775,,14.965621137899376,8.838763070169779e-10
2023-08-17,3.9491590557593743,1.0365153802918834,,2.8318895937729405,2.6377332002990617,0.1941563934738788,2.258377425663916,,14.793557746351459,8.643422118130263e-10
2023-08-18,4.057689190951014,1.073205233353522,,2.8339439326797433,2.640558698135558,0.1933852345441851,2.3070652398274607,,14.334934583080976,8.781238421069445e-10
2023-08-21,3.578774600672068,0.9084851408472541,-0.5276765727684973,2.836000559435774,2.643382530054052,0.1926180293817219,2.1039889561131195,-0.6595957159606217,16.393935739409326,8.90500895359778e-10
2023-08-22,4.347229667148789,1.1714343272405647,,2.8380594611871235,2.6462046764989355,0.19185478468818795,2.4354975855496415,,14.892929090507058,8.938781558794765e-10
2023-08-23,4.373600938553921,1.1799544739015775,,2.840120625065662,2.649025117926266,0.19109550713939605,2.4489682103032377,,14.999430923769715,8.951895744295084e-10
2023-08-24,4.319853478724402,1.1610050390021538,,2.8421840381891244,2.6518438348039153,0.19034020338520907,2.4281001335566077,,14.762562987526922,8.829964682046986e-10
2023-08-25,3.8388139133992913,0.9955551590850703,,2.8442496876611814,2.654660807611693,0.18958888004948848,2.224104756468031,,15.305560511436623,8.814757585082416e-10
2023-08-28,4.175246897225614,1.1103812948944756,-0.3930791367370164,2.8463175605715327,2.6574760168414864,0.18884154373004636,2.3704526354595807,-0.49134892092127047,14.129766186180943,8.960345998121788e-10
2023-08-29,3.8316882717298273,0.9920671712517096,,2.848387643995979,2.6602894429974016,0.18809820099857744,2.2253734070620386,,15.34916035935363,8.973193081035747e-10
2023-08-30,4.031608550970152,1.0600884007074185,,2.8504599249965072,2.663101066595886,0.1873588584006214,2.313211567480159,,14.498894991157268,8.929940821108601e-10
2023-08-31,4.903256952383849,1.3584161512605055,,2.852534390621365,2.6659108681658767,0.1866235224554882,2.6889310572415086,,17.230201890756316,8.79195529147115e-10
2023-09-01,4.184563102068363,1.1114834453115507,,2.8546110279051504,2.668718828248921,0.18589219965622927,2.3830731348883596,,14.143543066394384,8.904082536252987e-10
2023-09-04,3.736962684169617,0.9574968108815393,-0.49500212607897387,2.856689823868888,2.6715249273993282,0.1851648964695598,2.1933959410012522,-0.6187526575987173,15.78128986398076,8.900692914695093e-10
2023-09-05,4.217242322080108,1.1216402408796697,,2.858770765520108,2.674329146184287,0.18444161933582093,2.4013794472838743,,14.27050301099587,8.763264756463351e-10
2023-09-06,3.6825250244323113,0.937784488872403,,2.8608538398529326,2.6771314651840097,0.18372237466892294,2.1743620762745133,,16.027693889094966,8.692843782763927e-10
2023-09-07,3.7375292628919925,0.9561187528981987,,2.8629390338481544,2.6799318649918695,0.18300716885628487,2.200080306114618,,15.798515588772517,8.595615875140841e-10
2023-09-08,3.794319737796217,0.9750652236861452,,2.8650263344733187,2.6827303262145232,0.18229600825879544,2.226561855822205,,15.561684703923186,8.587576790079366e-10
2023-09-11,4.004735072971972,1.0466828657365181,-0.4355447561756547,2.8671157286828004,2.685526829472061,0.18158889921073929,2.318880411642709,-0.5444309452195684,14.666464178293525,8.605767777923757e-10
2023-09-12,4.489713663673785,1.2124362794707042,,2.8692072034178944,2.688321355398124,0.18088584801977037,2.5288667047365045,,15.405453493383803,8.569022768254963e-10
2023-09-13,4.365745583965618,1.1694077837620207,,2.8713007456068915,2.691113884640054,0.18018686096683734,2.47787361434258,,14.86759729702526,8.631317133481519e-10
2023-09-14,4.347886821795252,1.1627594393896794,,2.8733963421651576,2.6939043978590145,0.17949194430614313,2.4723536970961137,,14.784492992370993,8.639600439041738e-10
2023-09-15,3.781747621341491,0.968129052129135,,2.8754939799952215,2.6966928757301356,0.1788011042650859,2.2318541908915543,,15.648386848385814,8.724779082693271e-10
2023-09-18,3.9784444547517546,1.0350422773477224,-0.4433051484348519,2.8775936459868543,2.699479298942638,0.17811434704421636,2.3182821456272906,-0.5541314355435649,14.811971533153473,8.698950629006033e-10
2023-09-19,4.264638601204624,1.1326401328259827,,2.879695327017152,2.7022636481999713,0.17743167881718058,2.44306381423245,,14.408001660324782,8.94290366647016e-10
2023-09-20,3.95106040564771,1.0246016017533905,,2.881799009950611,2.705045904219954,0.17675310573065683,2.3107979064116924,,14.94247997808262,8.899810041395475e-10
2023-09-21,4.075078762568248,1.0665960271638684,,2.8839046816392226,2.707826047734892,0.17607863390433076,2.3660710816897272,,14.417549660451648,8.829955393647706e-10
2023-09-22,4.328517581899528,1.152963043103594,,2.886012328922546,2.7106040594917284,0.17540826943081766,2.476807863371221,,14.662038038794924,8.75095868152058e-10
2023-09-25,4.053507007927029,1.0581472782558439,-0.4279018144961042,2.8881219386277905,2.7133799202521627,0.17474201837562786,2.3610640180719678,-0.5348772681201301,14.523159021801954,8.736544902530258e-10
2023-09-26,4.256234070646564,1.1271271506922431,,2.890233497569903,2.716153610792797,0.17407988677710584,2.450062549158101,,14.339089383653038,8.604531358216156e-10
2023-09-27,4.736104280742576,1.2911274147223484,,2.8923469925516474,2.718925111905255,0.17342188064639252,2.6578343803081905,,16.389092684029354,8.629529911784986e-10
2023-09-28,4.1200351640032045,1.0793769441215604,,2.8944624103636887,2.721694404396331,0.17276800596735775,2.3959155845482814,,14.257788198480496,8.484935510813891e-10
2023-09-29,4.594490692673241,1.2415205371663047,,2.896579737784669,2.724461469088108,0.17211826869656077,2.6013621405459895,,15.76900671457881,8.499414991499836e-10
2023-10-02,4.379038968829447,1.167124408076883,-0.35525039461541136,2.8986989615813004,2.727226286818098,0.17147267476320227,2.511131796914202,-0.4440629932692642,14.839055100961037,8.398776755514119e-10
2023-10-03,3.6712619811928957,0.9239309607815881,,2.900820068508441,2.729988838439378,0.1708312300690631,2.209902539416363,,16.20086299023015,8.372097330518314e-10
2023-10-04,3.800586177213344,0.9677435564883772,,2.902943045309181,2.7327491048207113,0.17019394048846959,2.267428550431183,,15.653205543895286,8.419877621013972e-10
2023-10-05,3.8961132390809086,0.9999684940316125,,2.9050678787149193,2.7355070668466945,0.1695608118682248,2.3104676843862104,,15.250393824604846,8.59844723581059e-10
2023-10-06,3.89021741733974,0.9974198099680661,,2.907194555445456,2.738262705417876,0.16893185002758004,2.3100374678779585,,15.282252375399175,8.517557559262845e-10
2023-10-09,4.159346223901635,1.0891652304671824,-0.40722317968854516,2.909323062209069,2.741016001450899,0.16830706075817004,2.427472539534877,-0.5090289746106814,14.135434619160222,8.508169088925718e-10
2023-10-10,4.4076111825510225,1.1737572857698189,,2.911453385702596,2.743766935878625,0.16768644982397074,2.5359635430908987,,14.921966072122734,8.45504194389399e-10
2023-10-11,4.633329453409577,1.2506190100045669,,2.9135855126115224,2.746515489650277,0.16707002296124562,2.6347892521559855,,15.882737625057084,8.391204804877714e-10
2023-10-12,4.303423618859388,1.13698101064701,,2.9157194296100633,2.7492616437315562,0.16645778587850701,2.4954879070403186,,14.462262633087624,8.339467374016755e-10
2023-10-13,4.041112889075481,1.046518453273615,,2.917855123361245,2.752005379104786,0.16584974425645926,2.3851534456968047,,14.668519334079814,8.40364843107706e-10
2023-10-16,3.469854737200645,0.8501310507644152,-0.56657929949039,2.9199925805169857,2.754746676769042,0.16524590374794368,2.1424104902245613,-0.7082241243629874,17.12336186544481,8.368908299330835e-10
2023-10-17,4.224883982774727,1.1084707490500807,,2.9221317877181865,2.757485517740277,0.16464626997790965,2.4680739540528775,,14.105884363126007,8.542188674980618e-10
2023-10-18,4.210735655451781,1.103092423243399,,2.9242727315948116,2.760221883051462,0.1640508485433494,2.464087412105711,,14.038655290542486,8.57637279881425e-10
2023-10-19,4.267279582291166,1.121951450424675,,2.9264153987659647,2.7629557537527067,0.16345964501325794,2.4903950667835506,,14.274393130308436,8.500890965248313e-10
2023-10-20,4.9419770054989876,1.3527488357244,,2.928559775839985,2.765687110911403,0.1628726649285821,2.781623155566903,,17.159360446555,8.474999809636715e-10
2023-10-23,4.640540004319867,1.2488715855431687,-0.30075227630455426,2.930705849414523,2.7684159356123414,0.16228991380218138,2.6545054175413023,-0.37594034538069276,15.860894819289609,8.416162867158353e-10
2023-10-24,4.482640752732372,1.1942073101899984,,2.932853606076627,2.7711422089578597,0.16171139711876714,2.5889013466953577,,15.177591377374979,8.479102659682111e-10
2023-10-25,3.8726805376008424,0.9845507443914081,,2.9350030324028213,2.773865912067957,0.16113712033486438,2.329554342557217,,15.4431156951074,8.357050959825527e-10
2023-10-26,4.031397333523547,1.0384406300963909,,2.937154114959201,2.7765870260804326,0.16056708887876825,2.399637813700921,,14.769492123795116,8.258863988681505e-10
2023-10-27,4.179287684018518,1.08861864716858,,2.9393068403015077,2.7793055321510214,0.1600013081504863,2.465078841111746,,14.142266910392753,8.21706534529603e-10
2023-10-30,3.942628419077034,1.0069511451187576,-0.4620325699208283,2.9414611949752127,2.7820214114535107,0.15943978352170207,2.365710342851958,-0.5775407124010353,15.16311068601553,8.269794439066779e-10
2023-10-31,4.390720904852922,1.1600557429982143,,2.9436171655156076,2.784734645179887,0.15888252033572048,2.559804323927655,,14.750696787477677,8.364170739541097e-10
2023-11-01,4.342013596808705,1.1428290619058847,,2.9457747384478834,2.7874452145404502,0.15832952390743316,2.540981541922806,,14.535363273823556,8.470860307994775e-10
2023-11-02,3.837724697597451,0.969403064833437,,2.947933900287218,2.790153100763959,0.15778079952325896,2.3269069318057554,,15.632461689582039,8.513475732292208e-10
2023-11-03,4.639054923306368,1.243618005091535,,2.9500946375388533,2.7928582850977457,0.15723635244110756,2.6723807914621647,,15.795225063644187,8.509254045796172e-10
2023-11-06,4.257514043553227,1.1122772400570633,-0.3918151732952912,2.952256936698191,2.795560748807861,0.15669618789032969,2.5109072988791903,-0.48976896661911395,14.15346550071329,8.572470077792225e-10
2023-11-07,3.6180665558719407,0.8925114623909299,,2.9544207842508676,2.7982604731791914,0.15616031107167627,2.238899801167854,,16.593606720113378,8.486743936785006e-10
2023-11-08,4.206807143514477,1.0938388569986037,,2.9565861666728446,2.800957439515594,0.1556287271572505,2.4932560107638486,,14.077014287517454,8.349097876685683e-10
2023-11-09,4.324734723686373,1.1337447747107487,,2.958753070430486,2.803651629140031,0.155101441290455,2.545832597528467,,14.421809683884357,8.384067951978096e-10
2023-11-10,4.568324721556853,1.216735083372289,,2.960921481980652,2.806343023394686,0.15457845858596597,2.6522618776100475,,15.45918854215361,8.310602645461773e-10
2023-11-13,4.1112651729578085,1.059502831624806,-0.42699811225012935,2.9630913877707794,2.8090316036411096,0.1540597841296698,2.4584101431721175,-0.5337476403126616,14.506214604689925,8.307796125405855e-10
2023-11-14,4.520694392013264,1.199352592093665,,2.96526277423896,2.811717351260332,0.15354542297862794,2.6359080913774133,,15.241907401170812,8.318824920187823e-10
2023-11-15,4.297949320794242,1.122457038412426,,2.9674356278140377,2.814400247653008,0.1530353801610298,2.5424715456685405,,14.280712980155323,8.339506861756784e-10
2023-11-16,3.7737136592559875,0.9421934469154906,,2.969609934915684,2.8170802742395304,0.1525296606761537,2.319822082883894,,15.972581913556368,8.412294015835124e-10
2023-11-17,3.74020704599162,0.9301799871820984,,2.9717856819544894,2.8197574124601674,0.15202826949432202,2.3074823964377904,,16.12275016022377,8.477646584536223e-10
2023-11-20,4.629943490178793,1.234707184417922,-0.31019521038805214,2.973962855332038,2.8224316437751957,0.15153121155684213,2.6908156242975982,-0.3877440129850651,15.683839805224023,8.49466132264315e-10
2023-11-21,4.657173568936366,1.2435181014058123,,2.9761414414410043,2.8251029496650144,0.15103849177598994,2.70450057642228,,15.793976267572653,8.463051017405839e-10
2023-11-22,4.353128337324489,1.1387491076485667,,2.9783214266652354,2.82777131163029,0.15055011503494553,2.5762076961909983,,14.484363845607085,8.473381043953999e-10
2023-11-23,4.765137865931894,1.2794848065416036,,2.980502797379826,2.8304367111920676,0.15006608618775852,2.754792719369072,,16.243560081770042,8.430142822207296e-10
2023-11-24,4.6129837515363254,1.2267931818849929,,2.9826855399512184,2.8330991298919166,0.14958641005930184,2.6915906072481577,,15.58491477356241,8.41735674930157e-10
2023-11-27,4.483969511929361,1.1820354475375665,-0.34530970164162234,2.984869640737279,2.8357585492920414,0.1491110914452376,2.638302858714,-0.4316371270520279,15.025443094219582,8.620209725814412e-10
2023-11-28,3.92726892656062,0.9906426213519595,,2.9870550860873863,2.8384149509754235,0.14864013511196283,2.401718227665373,,15.366967233100508,8.63651480018636e-10
2023-11-29,4.8537558176401365,1.3077714501238813,,2.989241862342511,2.841068316545939,0.14817354579657183,2.800782629200791,,16.597143126548517,8.673750899903171e-10
2023-11-30,4.436988356767916,1.1643561718649929,,2.9914299558353097,2.843718627628489,0.14771132820682054,2.6241638424597302,,14.804452148312409,8.621007878845338e-10
2023-12-01,4.115765656061731,1.0536993470466054,,2.993619352890207,2.8463658658691324,0.14725348702107466,2.4884900496773894,,14.578758161917433,8.702694252279893e-10
2023-12-04,4.018440345384864,1.0198075993633644,-0.45346160042442385,2.9958100398234753,2.8490100129352016,0.14680002688827365,2.4487695121394073,-0.5668270005305298,15.002405007957947,8.764637095485535e-10
2023-12-05,4.343734016654311,1.1308140537816629,,2.9980020029433305,2.851651050515443,0.14635095242788765,2.5901686177425214,,14.385175672270785,8.827583313136342e-10
2023-12-06,3.6705130625737046,0.8994729098193855,,3.0001952285500093,2.8542889603201287,0.14590626822988062,2.3036300975943607,,16.50658862725768,8.846884011315702e-10
2023-12-07,4.501792618498249,1.1839607930423437,,3.002389702935861,2.856923724081201,0.14546597885466017,2.6618747153841302,,15.049509913029294,8.931845341874613e-10
2023-12-08,3.9246795750213455,0.9855715022367169,,3.0045854123854245,2.8595553235523794,0.14503008883304513,2.4165197013482755,,15.43035622204104,9.036917986134515e-10
2023-12-11,4.389663721953681,1.1444729730589145,-0.3703513512940571,3.0067823431755243,2.862183740509305,0.14459860266621938,2.6177749568329483,-0.4629391891175713,14.55591216323643,9.062237695443089e-10
2023-12-12,4.078904402644451,1.0374055595170208,,3.0089804815753505,2.8648089567496533,0.14417152482569717,2.4865659061459295,,14.782430506037239,9.055158221610549e-10
2023-12-13,4.170444698779883,1.0682697544730357,,3.0111798138465464,2.867430954093265,0.14374885975328144,2.5277681471845597,,14.396628069087056,9.130639203485197e-10
2023-12-14,3.9995915884574287,1.0091708152681924,,3.01338032624329,2.8700497143822776,0.14333061186101226,2.456513233467518,,15.135364809147598,9.058907934255249e-10
2023-12-15,4.20959758441418,1.0806524682583039,,3.0155820050123867,2.872665219481239,0.14291678553114773,2.548480804804119,,14.241844146771202,9.002811641923885e-10
2023-12-18,4.928827591093131,1.3267255455220825,-0.2488496363186117,3.0177848363933535,2.8752774512772477,0.14250738511610583,2.8586843831798507,-0.3110620453982646,16.83406931902603,9.000743905799162e-10
2023-12-19,4.753831484932219,1.266207155245837,,3.019988806618498,2.877886391680062,0.142102414938436,2.785645335737358,,16.07758944057296,8.862997418634679e-10
2023-12-20,4.394643093586262,1.142537474599455,,3.022193901913015,2.8804920226222412,0.14170187929077382,2.63366386587156,,14.531718432493186,8.931491247666773e-10
2023-12-21,4.263236266248394,1.0969646881322057,,3.0244001084950667,2.8830943260592576,0.14130578243580905,2.579300186224515,,14.037941398347428,8.856637243767234e-10
2023-12-22,4.569072409389067,1.2013041428831464,,3.0266074125758697,2.8856932839696325,0.1409141286062372,2.7123234625735653,,15.266301786039328,8.821339504850904e-10
2023-12-25,4.6706032752491,1.2355964472929069,-0.3096023684713955,3.0288158003597787,2.888288878355051,0.1405269220047276,2.7577844374711846,-0.3870029605892443,15.694955591161335,8.806624421174975e-10
2023-12-26,3.9861877370566066,1.0004217941350966,,3.031025258044378,2.890881091240492,0.14014416680388608,2.4664083339093628,,15.244727573311295,8.811941540316395e-10
2023-12-27,4.251029967183505,1.090707335884136,,3.0332357718205656,2.8934699046743555,0.1397658671462101,2.5818540745295255,,14.116158301448303,8.786925827639891e-10
2023-12-28,3.6419564347108513,0.8813650124518304,,3.0354473278726353,2.8960553007285785,0.13939202714405674,2.3227615662933667,,16.73293734435212,8.78379525734823e-10
2023-12-29,4.674234619723991,1.2347722532313075,,3.0376599123783703,2.8986372614987697,0.13902265087960064,2.767102578037904,,15.684653165391342,8.781277754767835e-10
2024-01-01,5.005413236975217,1.3478029109241028,-0.23479805938393158,3.0398735115091244,2.901215769104321,0.13865774240480322,2.91096940775945,-0.2934975742299144,17.097536386551283,8.748205980918592e-10
2024-01-02,4.3121883083433925,1.1096099149547705,,3.0420881114299116,2.9037908056885455,0.13829730574136612,2.6158031993820083,,14.120123936934629,8.689712880188197e-10
2024-01-03,3.541909243994799,0.844998785011638,,3.044303698299487,2.9063623534187863,0.13794134488070053,2.287610834683334,,17.187515187354524,8.776899066714247e-10
2024-01-04,4.500276599298918,1.173066861989244,,3.046520258270441,2.9089303944865557,0.1375898637838855,2.7002639719731105,,14.913335774865546,8.614385277034495e-10
2024-01-05,3.9722345517105997,0.9915093000621105,,3.048737777489283,2.9114949111076434,0.13724286638163985,2.4758815361852813,,15.35613374922362,8.600600926946606e-10
2024-01-08,4.057992985023988,1.0203980670002648,-0.4530679553331568,3.0509562420965217,2.914055885522248,0.1369003565742739,2.514553469272579,-0.566334944166446,14.99502416249669,8.566523412334762e-10
2024-01-09,4.510965221972757,1.1751891667749206,,3.053175638226762,2.9166132999951033,0.13656233823165875,2.7105997584637542,,14.939864584686505,8.601022608694752e-10
2024-01-10,4.3822542694476665,1.130546495061527,,3.0553959520087854,2.919167136815589,0.13622881519319652,2.657350255642498,,14.381831188269086,8.491303049132779e-10
2024-01-11,4.123817716012383,1.041426946959368,,3.05761716956564,2.921717378297869,0.13589979126777063,2.548501061997079,,14.732163163007902,8.455307924767112e-10
2024-01-12,4.068787877601178,1.0220473240878003,,3.0598392770147194,2.9242640067809975,0.13557527023372185,2.526823161890748,,14.974408448902496,8.449634308503808e-10
2024-01-15,4.341685107636628,1.1151003266265,-0.3899331155823334,3.062062260467861,2.9268070046290573,0.13525525583880382,2.6456824129121825,-0.48741639447791674,14.188754082831249,8.533536113414229e-10
2024-01-16,4.155820739813856,1.050864133698516,,3.0642861060314264,2.929346354231267,0.13493975180015916,2.5679265213544125,,14.614198328768552,8.561226739089455e-10
2024-01-17,3.9123904148431827,0.9668915439676392,,3.0665107998063883,2.9318820380021138,0.13462876180427452,2.4654964679616627,,15.663855700404511,8.472639561271407e-10
2024-01-18,4.185714537987692,1.0600924182225968,,3.0687363278884154,2.934414038381472,0.13432228950694336,2.584529561159718,,14.49884477221754,8.437658204287541e-10
2024-01-19,4.422455799019787,1.1407511147906222,,3.070962676367966,2.9369423378347213,0.13402033853324458,2.687881231322999,,14.509388934882777,8.507339558074163e-10
2024-01-22,4.242747364350417,1.0786275839816442,-0.4142482773455707,3.073189831330371,2.939466918852875,0.1337229124774959,2.6127513988299302,-0.5178103466819634,14.26715520022945,8.418000203655913e-10
2024-01-23,3.811839210718361,0.9303789682102179,,3.075417778855915,2.941987763952693,0.13343001490322237,2.429961474215465,,16.120262897372278,8.414147338487332e-10
2024-01-24,4.654221903518379,1.2186877545650647,,3.0776465050199366,2.9445048556768114,0.13314164934312522,2.7928645488831423,,15.483596932063309,8.415560326468085e-10
2024-01-25,3.350945750678239,0.7713426275668,,3.079875995892903,2.947018176593855,0.13285781929904816,2.236196461052355,,18.108217155415,8.388488627597447e-10
2024-01-26,4.1547807966592885,1.046436181396588,,3.082106237540506,2.949527709298567,0.13257852824193916,2.5825729360443015,,14.669547732542654,8.596646028965739e-10
2024-01-29,4.095416346999161,1.0255761854535301,-0.44961587636431327,3.0843372160237386,2.95203343641192,0.1323037796118185,2.559003668228833,-0.5620198454553916,14.930297681830874,8.566913768800072e-10
2024-01-30,4.365823954532657,1.11778146534457,,3.0865689173989947,2.9545353405812427,0.13203357681775207,2.676762172261955,,14.222268316807122,8.603812628025073e-10
2024-01-31,4.5120168353765795,1.1673994169363284,,3.0888013277181496,2.9570334044803412,0.1317679232378084,2.741282675650752,,14.842492711704104,8.546815212375007e-10
2024-02-01,4.71127503328571,1.2352117769913242,,3.0910344330286423,2.959527610809611,0.13150682221903143,2.8285423320487664,,15.690147212391553,8.589653999262408e-10
2024-02-02,4.0690360630732725,1.0145114151977408,,3.093268219373574,2.9620179422961685,0.13125027707740555,2.5551572112933445,,15.06860731002824,8.659400934926483e-10
2024-02-05,4.525150254017163,1.170389880480018,-0.35307341301332146,3.0955026727917874,2.9645043816939576,0.1309982910978298,2.75249173229398,-0.44134176626665184,14.879873506000223,8.615852907966824e-10
2024-02-06,4.389849766038786,1.1234982065457755,,3.0977377793179572,2.9669869117838816,0.1307508675340756,2.696359669966101,,14.293727581822191,8.613765398979311e-10
2024-02-07,3.723739648722297,0.8946152749780133,,3.099973524982672,2.9694655153739107,0.1305080096087612,2.4127346090964275,,16.567309062774836,8.546775125366959e-10
2024-02-08,4.989430802947787,1.3280648306520932,,3.1022098958125297,2.9719401752992134,0.1302697205133163,2.95702121361433,,16.850810383151163,8.461313310103707e-10
2024-02-09,3.822131864628298,0.9273469847311762,,3.104446877830222,2.974410874422264,0.13003600340795796,2.458594605336234,,16.158162690860298,8.542772109065678e-10
2024-02-12,4.473986790575391,1.150339672677166,-0.3664402182152228,3.106684457054615,2.9768775956329656,0.12980686142164943,2.739802186479423,-0.4580502727690285,14.629245908464572,8.502409122800572e-10
2024-02-13,4.465106430737445,1.14679519330373,,3.1089226195008477,2.979340321848775,0.12958229765207285,2.7378343134784373,,14.584939916296621,8.321787192812902e-10
2024-02-14,4.426549126417615,1.1330764138794893,,3.1111613511804124,2.9817990360148077,0.1293623151656047,2.7231445533641696,,14.413455173493615,8.457175427081003e-10
2024-02-15,4.158428221977532,1.0406507741406072,,3.1134006381012442,2.98425372110397,0.1291469169972741,2.610067188779729,,14.741865323242411,8.39844345829578e-10
2024-02-16,4.622520491055333,1.1992703181368602,,3.1156404662678048,2.986704360117065,0.1289361061507397,2.810792257788141,,15.240878976710754,8.381936960876167e-10
2024-02-19,3.7883034125102784,0.9127559031268286,-0.5248293979154477,3.1178808216811764,2.989150936082921,0.1287298855982555,2.4550958149914566,-0.6560367473943096,16.340551210914644,8.508768221256462e-10
2024-02-20,4.312839928951671,1.0921005453591293,,3.120121690339145,2.9915934320584983,0.12852825828064685,2.68171911375741,,14.098743183010884,8.500045431827042e-10
2024-02-21,4.139969834734598,1.0323350388137051,,3.122363058236291,2.994031831129017,0.12833122710727407,2.6094506296461484,,14.845812014828688,8.489681449797474e-10
2024-02-22,4.101715626898134,1.0187242469519564,,3.124604911364068,2.996466116408065,0.1281387949560031,2.59487142509801,,15.015946913100548,8.398456354008591e-10
2024-02-23,4.4902735145172334,1.1514497344944257,,3.1268472357109043,2.9988962710377196,0.12795096467318468,2.7632084391557514,,14.643121681180318,8.277859481802048e-10
2024-02-26,4.718769087010945,1.229297425126362,-0.3138017165824254,3.12909001726228,3.001322278188668,0.12776773907361205,2.8629440595966207,-0.3922521457280317,15.616217814079524,8.267539485924123e-10
2024-02-27,4.222949793131475,1.0588093085795762,,3.1313332420008164,3.003744121060313,0.12758912094050334,2.6522557567847835,,14.514883642755299,8.296653409925689e-10
2024-02-28,4.617763287260566,1.1936817307910934,,3.133576895906366,3.006161782880903,0.12741511302546327,2.8232639463697695,,15.171021634888666,8.321578484596988e-10
2024-02-29,4.363367596764561,1.105968879853352,,3.1358209649561,3.0085752469076334,0.12724571804846674,2.7160363467243234,,14.074610998166898,8.287684426345356e-10
2024-03-01,4.034933389553322,0.9928721348914391,,3.1380654351245965,3.0109844964267776,0.1270809386978189,2.5770746650410765,,15.339098313857013,8.291268134284216e-10
2024-03-04,4.2585355487621595,1.0690457488110725,-0.4206361674592851,3.1403102923839197,3.013389514753788,0.12692077763013154,2.6746967007676288,-0.5257952093241064,14.386928139861595,8.157339213761707e-10
2024-03-05,4.2454256367708245,1.0640616931050062,,3.142555522703721,3.0157902852334266,0.12676523747029433,2.6708674016146845,,14.449228836187423,8.193240968547613e-10
2024-03-06,4.107839423755577,1.0164008104993465,,3.1448011120513204,3.0181867912398666,0.12661432081145385,2.6136878043640497,,15.04498986875817,8.207203094561194e-10
2024-03-07,4.503061869104513,1.1514179514387002,,3.147047046391788,3.0205790161768142,0.12646803021497366,2.7848514554751893,,14.64272439298375,8.356378528680798e-10
2024-03-08,4.436639196029876,1.1281575425245711,,3.149293311688043,3.0229669434776274,0.12632636821041565,2.7581638716333416,,14.351969281557139,8.359030568870575e-10
2024-03-11,3.799203536504255,0.90912203620767,-0.5272519758615535,3.1515398939009356,3.02535055660542,0.12618933729551562,2.4867531018650073,-0.6590649698269418,16.38597454740413,8.290484700581435e-10
2024-03-12,3.7793124264623863,0.9018168805712772,,3.1537867789893346,3.027729839053188,0.12605693993614642,2.480000939767285,,16.477288992859037,8.288772824216776e-10
2024-03-13,4.507399349707341,1.1509621343846905,,3.156033952910213,3.0301047743439136,0.12592917856629926,2.793807442324777,,14.637026679808631,8.266421684589249e-10
2024-03-14,4.074820458781679,1.0021656285446559,,3.158281401618743,3.032475346030688,0.1258060555880549,2.6101823817115077,,15.222929643191803,8.300901305689639e-10
2024-03-15,4.467293661533057,1.136244938612039,,3.160529111068378,3.0348415376968165,0.12568757337156145,2.7801477109618653,,14.453061732650486,8.304986591124779e-10
2024-03-18,4.636311467751584,1.1937117893731026,-0.33752547375126496,3.162777067210939,3.037203332955943,0.12557373425499607,2.8543430696723218,-0.42190684218908114,15.171397367163783,8.213397054285861e-10
2024-03-19,3.9195556694629654,0.947485659511333,,3.1650252559967087,3.039560715452153,0.1254645405445558,2.5489177898413193,,15.90642925610834,8.095391252758113e-10
2024-03-20,3.871752438805439,0.9306155294508579,,3.1672736633745147,3.0419136688600896,0.12535999451442503,2.530183080673662,,16.117305881864276,8.116597931529584e-10
2024-03-21,4.953240429578812,1.3009318018874354,,3.1695222752918197,3.044262176885075,0.1252600984067449,2.995426929244369,,16.51164752359294,8.220319881206468e-10
2024-03-22,4.491635504398624,1.1421884939554952,,3.1717710776948036,3.046606223263209,0.12516485443159464,2.799341840707578,,14.527356174443689,8.228249167897143e-10
2024-03-25,4.223245396278746,1.0496911211992075,-0.4335392525338617,3.1740200565284593,3.048945791761496,0.12507426476696315,2.6860596932605056,-0.5419240656673271,14.628860985009906,8.290770684949329e-10
2024-03-26,4.044491848952414,0.9879271456824484,,3.1762691977366777,3.051280866177945,0.12498833155873257,2.6111897982810057,,15.400910678969396,8.368780816905525e-10
2024-03-27,4.194105556454327,1.0387470981311266,,3.1785184872623344,3.0536114303416926,0.12490705692064186,2.6770453030056007,,14.76566127336092,8.39099695031961e-10
2024-03-28,3.957445826509499,0.9571313196664029,,3.1807679110473743,3.0559374681131053,0.12483044293426904,2.577351617696109,,15.785858504169965,8.331794974097303e-10
2024-03-29,4.68472411953493,1.206009460890871,,3.1830174550329073,3.0582589633838957,0.12475849164901165,2.8907707894974846,,15.325118261135886,8.348540129741813e-10
2024-04-01,4.105048072702735,1.0067898615672415,-0.4621400922885057,3.185267105159293,3.06057590007724,0.124691205082053,2.644063227036292,-0.5776751153606321,15.165126730409481,8.441840426130616e-10
2024-04-02,4.761026583179314,1.2312241505859522,,3.1875168473662217,3.062888262147876,0.12462858521834574,2.9269184503803163,,15.640301882324401,8.48431665465093e-10
2024-04-03,4.239445218807736,1.0519245296275987,,3.1897666675928136,3.065196033582228,0.12457063401058566,2.7051016956167264,,14.600943379655018,8.543780299147912e-10
2024-04-04,4.015865982116765,0.9747979779659224,,3.1920165517777,3.067499198398506,0.12451735337919434,2.6109966708559087,,15.565025275425972,8.510414524329473e-10
2024-04-05,4.233203518151872,1.0488438094383439,,3.194266485859113,3.069797740646827,0.12446874521228635,2.705852502444757,,14.639452382020702,8.497053597561334e-10
2024-04-08,3.465318531049331,0.78509998669983,-0.6099333422001134,3.1965164557749697,3.0720916444093147,0.12442481136565497,2.3784666277841024,-0.7624166777501418,17.936250166252126,8.490101215852386e-10
2024-04-09,4.342873011967158,1.0855077707991192,,3.1987664474629662,3.0743808938002215,0.12438555366274473,2.7562656072991207,,14.181152865011011,8.488301148468247e-10
2024-04-10,4.326962668751928,1.0795856970643811,,3.2010164468606637,3.0766654729660265,0.12435097389463712,2.751147594296503,,14.255178786695238,8.580142354934379e-10
2024-04-11,4.676523959846478,1.1989691295857563,,3.20326643990557,3.078945366085553,0.12432107382001689,2.9026567780677484,,15.237114119821952,8.402892075462651e-10
2024-04-12,3.7290141076179077,0.8736434086419945,,3.2055164125352373,3.081220557370079,0.12429585516515829,2.4982748181725722,,16.82945739197507,8.407303446720868e-10
2024-04-15,4.797228093450443,1.2394239633036257,-0.3070506911309162,3.2077663506873444,3.083491031063439,0.12427531962390548,2.957770985192971,-0.38381336391364523,15.742799541295321,8.403391031823513e-10
2024-04-16,4.6791358359821285,1.1984719153997188,,3.2100162402997863,3.085756771442142,0.12425946885764416,2.9088466656917906,,15.230898942496484,8.302376576862381e-10
2024-04-17,4.8314897064724915,1.2502452276438396,,3.2122660673107575,3.0880177628154715,0.12424830449528601,2.975824297370271,,15.878065345547995,8.354812443052102e-10
2024-04-18,4.376167494935414,1.0936734348795036,,3.214515817658848,3.090273989525605,0.12424182813324336,2.7823657831249844,,14.079082064006206,8.302587486654781e-10
2024-04-19,4.750826506841543,1.2216676200923307,,3.2167654772831273,3.0925254359477092,0.1242400413354181,2.9446099610631227,,15.520845251154133,8.27802089725322e-10
2024-04-22,3.882366942205202,0.9234507158111714,-0.5176995227925525,3.219015032123226,3.0947720864900625,0.12424294563316352,2.574085481254027,-0.6471244034906906,16.206866052360358,8.419015984077962e-10
2024-04-23,4.64820582309096,1.185565707824544,,3.2212644681194362,3.0970139255941502,0.124250542525286,2.9039710603748303,,15.0695713478068,8.49801594293422e-10
2024-04-24,4.130066090935433,1.0074604685480066,,3.2235137712127897,3.0992509377347783,0.12426283347801137,2.6835765234197866,,15.156744143149918,8.544203503467452e-10
2024-04-25,3.823313340545746,0.9018317801092477,,3.2257629273451514,3.1014831074201847,0.12427981992496662,2.5537728325567444,,16.477102748634405,8.575678305756859e-10
2024-04-26,4.009182746893724,0.9651031378202768,,3.2280119224592996,3.1037104191921374,0.12430150326716216,2.6350893414674834,,15.68621077724654,8.565118546052956e-10
2024-04-29,4.405892775618934,1.1006637366355125,-0.39955750890965835,3.230260742499023,3.1059328576260503,0.12432788487297275,2.806762528420441,-0.49944688613707294,14.008296707943906,8.72281814802747e-10
2024-04-30,4.116774085960121,1.0010840950138877,,3.2325093734092047,3.108150407331082,0.1243589660781228,2.684505526098442,,15.236448812326405,8.788217259468965e-10
2024-05-01,4.538223440002378,1.145128823803496,,3.23475780113591,3.110363052950252,0.12439474818565799,2.866774082704622,,14.5641102975437,8.731314465293509e-10
2024-05-02,3.775030398554725,0.883011493399518,,3.23700601162647,3.112570779160536,0.12443523246593413,2.5413351459099336,,16.712356332506026,8.624137921360419e-10
2024-05-03,3.664742165797527,0.8447482947660967,,3.2392539908295777,3.1147735706729818,0.12448042015659588,2.4957089391306027,,17.19064631542379,8.670414071754545e-10
2024-05-06,4.890871576210396,1.2646864920972292,-0.29020900526851395,3.2415017246953717,3.116971412232809,0.12453031246256252,3.0228295273543457,-0.3627612565856424,16.058581151215364,8.668222275942564e-10
2024-05-07,4.728172573314062,1.2084560155281723,,3.24374919917552,3.119164288619515,0.12458491055600485,2.9547343080297304,,15.355700194102152,8.559598485224661e-10
2024-05-08,4.045892055455798,0.9740843796903432,,3.245996400223316,3.1213521846469874,0.12464421557632877,2.6639576592599163,,15.573945253870711,8.594827412228371e-10
2024-05-09,4.413396339770331,1.0996400427835353,,3.2482433137937603,3.1235350851635966,0.12470822863016373,2.823085138643016,,14.004499465205809,8.576186185625921e-10
2024-05-10,4.772570780737497,1.222340847224159,,3.250489925843652,3.125712975052316,0.1247769507913361,2.9786390340825144,,15.529260590301986,8.619398464157581e-10
2024-05-13,4.5637574257856155,1.1503040729948728,-0.3664639513367516,3.25273622233167,3.12788583923081,0.12485038310085983,2.890765930474401,-0.4580799391709395,14.628800912435908,8.655898191559721e-10
2024-05-14,4.4702059891592905,1.1177867715420176,,3.25498218921847,3.130053662651555,0.12492852656691467,2.852287127079077,,14.222334644275218,8.610794445169241e-10
2024-05-15,4.802919296866889,1.2314184897575118,,3.257227812466768,3.1322164303019298,0.1250113821648382,2.9964895424988196,,15.642731121968895,8.662143308127783e-10
2024-05-16,4.1651502162554115,1.0123145029758536,,3.259473078041423,3.1343741272043295,0.12509895083709344,2.7247672559241467,,15.09606871280183,8.625569945515097e-10
2024-05-17,4.433092986035541,1.1037414138397554,,3.2617179719095333,3.1365267384162627,0.12519123349327055,2.8412035057159573,,14.046767672996943,8.594178921742389e-10
2024-05-20,4.417211165337502,1.0978581634049132,-0.40142789106339133,3.2639624800405205,3.138674249030456,0.12528823101006425,2.835996953286598,-0.5017848638292391,14.026772957438588,8.555245998380487e-10
2024-05-21,4.329265826201458,1.067268554279475,,3.266206588406217,3.1408166441749645,0.1253899442312525,2.7999023370243084,,14.409143071506564,8.64493354242662e-10
2024-05-22,4.289571643593742,1.0532233386295098,,3.2684502829809503,3.1429539090132623,0.12549637396768798,2.7844830823001496,,14.584708267131129,8.625287366462934e-10
2024-05-23,4.452775142291666,1.108744188539419,,3.270693549741637,3.145086028744357,0.12560752099728,2.856016264418631,,14.109302356742736,8.734670917277322e-10
2024-05-24,4.4405782071105895,1.1041288995182634,,3.2729363746678706,3.1472129886028832,0.12572338606498734,2.8523741130007125,,14.051611243978291,8.878224849366606e-10
2024-05-27,4.0628468523927985,0.974188682895857,-0.4838742114027621,3.2751787437419977,3.149334773859213,0.1258439698827849,2.6920706274790343,-0.6048427642534526,15.572641463801789,8.821599126449135e-10
2024-05-28,4.711682640156546,1.1962155091880537,,3.277420642949221,3.151451369819549,0.1259692731296722,2.971720756304616,,15.202693864850671,8.594858731774046e-10
2024-05-29,4.09057337542928,0.9828337750680491,,3.2796620582776783,3.1535627618260325,0.12609929645164586,2.707104980661094,,15.464577811649388,8.678205680750292e-10
2024-05-30,4.3571771825044685,1.0738119866543392,,3.281902975718532,3.155668935256846,0.12623404046168574,2.8229339185747704,,14.32735016682076,8.653700573461144e-10
2024-05-31,4.331457957583591,1.064566343273594,,3.2841433812660528,3.1577698755263066,0.12637350573974615,2.813477804618299,,14.442920709080077,8.588648278348935e-10
2024-06-03,4.561386148946889,1.142972433519106,-0.3713517109872628,3.286383260917714,3.159865568084977,0.12651769283273673,2.9135811099838596,-0.4641896387340784,14.537155418988824,8.545398071073279e-10
2024-06-04,3.69560377506276,0.8457075271739202,,3.2886226006742763,3.161955998419758,0.12666660225451842,2.544090407387158,,17.178655910326,8.515683460389836e-10
2024-06-05,4.750345348781746,1.206909177791535,,3.290861386539874,3.164041152053995,0.1268202344858791,2.997677624293414,,15.336364722394187,8.617838629253211e-10
2024-06-06,4.202813522809496,1.0187611582865403,,3.2930996045221,3.166121014547572,0.12697858997452816,2.7645724624057477,,15.015485521418245,8.63240819420808e-10
2024-06-07,4.867976981819716,1.2463955953732466,,3.2953372406321013,3.16819557149702,0.12714166913508151,3.051190065713578,,15.829944942165582,8.734894826065245e-10
2024-06-10,4.274858224307186,1.0426202090580616,-0.43825319396129236,3.29757428088466,3.1702648085356078,0.1273094723490522,2.7985400698581846,-0.5478164924516155,14.71724738677423,8.776027741813223e-10
2024-06-11,4.426343229049295,1.094138769711919,,3.2998107112982797,3.172328711333446,0.12748199996483356,2.8650021734733446,,14.073265378601016,8.753825523870679e-10
2024-06-12,5.114482533091938,1.3296543248082109,,3.3020465178952785,3.174387265597591,0.1276592522976876,3.1614551716078547,,16.870679060102635,8.725306467822284e-10
2024-06-13,4.348804361813869,1.0667194149447599,,3.3042816867018723,3.1764404570721307,0.12784122962974154,2.834839725753081,,14.416007313190503,8.771712642097009e-10
2024-06-14,4.880681873184876,1.248661986160815,,3.3065162037482656,3.1784882715382996,0.128027932209966,3.0643157542393187,,15.858274827010188,8.838930650055954e-10
2024-06-17,4.461958217063904,1.1046854102677472,-0.3968763931548352,3.3087500550687308,3.1805306948145624,0.12821936025416836,2.8863874576492465,-0.496095491443544,14.05856762834684,8.920812557341602e-10
2024-06-18,4.594893378325654,1.149850259635219,,3.3109832267017056,3.182567712756724,0.12841551394498163,2.944880537300748,,14.623128245440235,8.902064264833368e-10
2024-06-19,4.475182953847204,1.108395030729365,,3.3132157046898763,3.1845993112580175,0.1286163934318587,2.8950930996697237,,14.104937884117062,8.918341888922927e-10
2024-06-20,4.748642468051005,1.201742195156015,,3.31544747508026,3.1866254762492123,0.1288219988310475,3.013803220194231,,15.271777439450187,8.967584973560822e-10
2024-06-21,4.2131515593962225,1.0177362064576339,,3.3176785239243,3.188646193698702,0.129032330225598,2.7858164517707444,,15.028297419279577,8.938883746959492e-10
2024-06-24,4.109860121991758,0.9819141772376978,-0.47872388184153486,3.319908837277948,3.190661449612604,0.12924738766534416,2.7430541711597263,-0.5984048523019185,15.476072784528778,8.850254897357789e-10
2024-06-25,4.231961158079198,1.0233708571547575,,3.3221384012017556,3.192671230034864,0.12946717116689177,2.7968848014783108,,14.957864285565533,8.788462844895505e-10
2024-06-26,4.491543397056059,1.111965245158891,,3.3243672017609516,3.1946755210473405,0.12969168071361104,2.9096320774959543,,14.149565564486137,8.771611158380585e-10
2024-06-27,4.380536334515968,1.0735017457339606,,3.3265952250255415,3.1966743087699117,0.12992091625562985,2.8635514909373625,,14.331228178325494,8.826251150834662e-10
2024-06-28,4.707593446395787,1.1852329851765413,,3.3288224570703884,3.198667579360564,0.13015487770982448,3.0052088108312405,,15.065412314706764,8.929060334896246e-10
2024-07-01,4.916823833425309,1.2565678039785824,-0.2956214640142784,3.3310488839752965,3.200655319015494,0.1303935649598027,3.096365073988722,-0.36952683001784803,15.95709754973228,8.822954037386829e-10
2024-07-02,4.1197909706819855,0.9828993995317991,,3.3332744918251063,3.2026375139691967,0.13063697785590955,2.7562617633839457,,15.463757505852513,8.77784236983306e-10
2024-07-03,4.205615095987266,1.0119261450063282,,3.335499266709776,3.2046141504945718,0.13088511621520427,2.794521831752482,,15.100923187420898,8.751804180908963e-10
2024-07-04,3.9609722778910577,0.9276512698024576,,3.3377231947244717,3.206585214903007,0.1311379798214647,2.691149302156079,,16.15435912746928,8.816829378634287e-10
2024-07-05,5.175441622081679,1.3436447588910925,,3.3399462619696467,3.2085506935444776,0.13139556842516908,3.213106642158343,,17.045559486138657,8.777216496863115e-10
2024-07-08,4.572596483705299,1.1365603398946194,-0.37562644007025386,3.3421684545511403,3.210510572807647,0.13165788174349347,2.956210997675921,-0.4695330500878173,14.45700424868274,8.745521481698481e-10
2024-07-09,4.635040120380763,1.1575762784061894,,3.3443897585802556,3.2124648391199484,0.13192491946030716,2.9844351871276853,,14.719703480077367,8.63724620278293e-10
2024-07-10,3.9991795716356378,0.9391749937962743,,3.346610160173851,3.2144134789476935,0.1321966812261577,2.7133822211930365,,16.01031257754657,8.677074835235223e-10
2024-07-11,4.4689822400504395,1.099859601319175,,3.3488296454544217,3.2163564787961505,0.13247316665827125,2.9161809804451195,,14.001754983510311,8.66664612930083e-10
2024-07-12,4.6487637754738245,1.1611097581295704,,3.3510482005501925,3.2182938252096527,0.1327543753405398,2.9946810228716156,,14.763871976619628,8.61793480633519e-10
2024-07-15,4.383193032095113,1.069669077135869,-0.420220615242754,3.353265811595203,3.220225504771679,0.1330403068235242,2.882311851191515,-0.5252757690534425,14.379136535801637,8.599979807738751e-10
2024-07-16,4.849282416716492,1.2290846749791675,,3.355482464729388,3.2221515041049567,0.1333309606244315,3.083507347828916,,15.613558437239591,8.689825120371155e-10
2024-07-17,5.283049530964618,1.3774197350771398,,3.3576981460986755,3.224071809871547,0.13362633622712838,3.2708464787179716,,17.467746688464246,8.61374198036624e-10
2024-07-18,4.1435557845712,0.9863524607487258,,3.3599128418550626,3.2259864087729406,0.13392643308212193,2.783926984708848,,15.420594240640927,8.550877386449188e-10
2024-07-19,4.118412306573514,0.9773495304827965,,3.3621265381567103,3.227895287550152,0.13423125060655838,2.7745822006536476,,15.533130868965046,8.649955427229903e-10
2024-07-22,4.170039203393372,0.9946692721365709,-0.47022048524228616,3.364339221168021,3.229798432983803,0.13454078818421777,2.798135023154517,-0.5877756065528577,15.316634098292866,8.65802071378322e-10
2024-07-23,5.040530414614254,1.2927438992019789,,3.366550877059734,3.231695831894229,0.13485504516550506,3.1726257058967025,,16.409298740024735,8.712544889050594e-10
2024-07-24,4.844287834092095,1.2250826380435622,,3.368761492009009,3.2335874711415507,0.13517402086745856,3.0899407686960036,,15.563532975544527,8.746290744008702e-10
2024-07-25,4.433127367357201,1.0837366618647624,,3.370971052199507,3.235473337625785,0.13549771457372195,2.915144164956738,,14.203291726690473,8.745695920513129e-10
2024-07-26,4.494452466256699,1.104387159728105,,3.373179543821485,3.2373534182869186,0.13582612553456652,2.94283736794705,,14.05483949660131,8.720503634288039e-10
2024-07-29,4.196956628166578,1.0020147648563935,-0.4653234900957377,3.3753869530718785,3.2392277001050136,0.13615925296686493,2.8167461561755056,-0.5816543626196722,15.224815439295082,8.788209685576593e-10
2024-07-30,4.79534253352333,1.2068032589291822,,3.3775932661543875,3.2410961701002843,0.1364970960541032,3.074600243761762,,15.335040736614776,8.882846378760511e-10
2024-07-31,4.351949322144747,1.0544117811069738,,3.3797984692795593,3.2429588153331945,0.13683965394636477,2.8859735417169117,,14.569852736162831,8.972189510887588e-10
2024-08-01,4.3949658893298595,1.0687908152654002,,3.3820025486648833,3.2448156229045484,0.13718692576033487,2.9058041419862985,,14.3901148091825,8.879191399221196e-10
2024-08-02,4.700142585075011,1.173054772583511,,3.3842054905348724,3.2466665799555736,0.1375389105792988,3.0379850456849624,,14.913184657293886,8.986331434273152e-10
2024-08-05,4.422337177075641,1.0774406074300136,-0.4150395950466577,3.386407281121144,3.2485116736680166,0.13789560745312723,2.9203124329555337,-0.5187994938083221,14.281992407124832,8.95966892603226e-10
2024-08-06,4.406962285692705,1.0718040807802585,,3.388607906662515,3.250350891264226,0.13825701539828916,2.9151059922395492,,14.352448990246769,8.90121701142733e-10
2024-08-07,4.4939624052574025,1.101269024663489,,3.3908073534050835,3.2521842200072477,0.13862313339783583,2.953770500836609,,14.015862808293612,8.889884532539622e-10
2024-08-08,4.769691884257363,1.1954426496551693,,3.3930056076023156,3.254011647200905,0.13899396040141054,3.0733149592698665,,15.193033120689615,8.958871020691775e-10
2024-08-09,5.068642162531685,1.29757916905806,,3.3952026555151273,3.2558331601898907,0.13936949532523668,3.202807121512466,,16.469739613225748,9.00480563746887e-10
2024-08-12,4.698337539092482,1.1702583478695299,-0.3531611014203135,3.3973984834119775,3.2576487463598593,0.13974973705211813,3.045471681196772,-0.4414513767753918,14.878229348369123,8.986378374230235e-10
2024-08-13,4.775620767280749,1.196397706834912,,3.3995930775689485,3.259458393137504,0.1401346844314446,3.079955526681144,,15.204971335436401,9.056646514467214e-10
2024-08-14,4.425550942559301,1.0760175125478653,,3.401786424269836,3.261262087990654,0.14052433627918193,2.9312839786754856,,14.299781093151687,9.070320999730293e-10
2024-08-15,4.248805316173706,1.015064256419754,,3.4039785098062274,3.2630598184283537,0.14091869137787372,2.8568901389530463,,15.061696794753075,9.025924274674317e-10
2024-08-16,4.726460066952477,1.178478347868214,,3.4061693204775967,3.2648515720009543,0.14131774847664236,3.0629495068362216,,14.980979348352673,8.97083351375849e-10
2024-08-19,4.558525089825822,1.1205488989520687,-0.3863007340319543,3.4083588425913853,3.2666373363001964,0.14172150629118896,2.992323459990282,-0.48287591753994286,14.256861236900857,9.006267354780286e-10
2024-08-20,4.001692272680402,0.9292845621500302,,3.4105470624630843,3.2684170989592998,0.14212996350378448,2.7550228016468377,,16.133942973124626,9.001831423298454e-10
2024-08-21,4.385804997941901,1.0606316451889284,,3.4127339664163285,3.2701908476530446,0.14254311876328396,2.920980404139205,,14.492104435138398,8.893302823491287e-10
2024-08-22,4.472628027145871,1.0900523571822136,,3.414919540782975,3.2719585700978584,0.1429609706851167,2.9595240165756254,,14.12434553522233,8.963609171222169e-10
2024-08-23,4.323989888973956,1.0387450559565827,,3.417103771903193,3.2737202540519053,0.14338351785128767,2.8971515739976335,,14.765686800542719,8.927179324826679e-10
2024-08-26,5.022261280525582,1.2778082713450554,-0.28146115243662984,3.4192866461255416,3.275475887315163,0.14381075881037875,3.197736226496482,-0.35182644054578727,16.22260339181319,9.058282719170027e-10
2024-08-27,4.6725966734386155,1.1575806844282661,,3.421468149807066,3.277225457729515,0.14424269207755103,3.0492013132648474,,14.719758555353325,8.946860126483032e-10
2024-08-28,4.986258913175086,1.2647809901466378,,3.423648269313376,3.278968953178828,0.14467931613454788,3.1849451908621256,,16.05976237683297,8.934554341339429e-10
2024-08-29,4.598836693473546,1.1316110313982592,,3.42582699101873,3.2807063615890435,0.1451206294296865,3.0202201508368676,,14.395137892478239,8.880665255425908e-10
2024-08-30,4.536109218567992,1.1097665403710093,,3.4280043013061245,3.2824376709282506,0.14556663037787398,2.9946458463920123,,14.122081754637616,8.805245889380323e-10
2024-09-02,4.180795312942029,0.9876082618867702,-0.47492782540881995,3.4301801865673784,3.2841628692067832,0.1460173173605952,2.843673196565246,-0.593659781761025,15.404896726415373,8.768945425580399e-10
2024-09-03,4.513756393860393,1.101431543983588,,3.432354633203217,3.285881944477289,0.146472688725928,2.987671374456774,,14.01789429979485,8.912026526712229e-10
2024-09-04,4.5151218597681835,1.1015664710810529,,3.434527627623353,3.2875948848348218,0.1469327427885312,2.989552973686138,,14.01958088851316,8.925764580035988e-10
2024-09-05,4.033030460936565,0.9359463339158921,,3.43669915624658,3.289301678416922,0.14739747782965829,2.784234595811787,,16.05067082605135,8.864607106162632e-10
2024-09-06,4.323648432212595,1.0352567036275526,,3.4388692055008523,3.2910023134036943,0.14786689209715798,2.9100731929381354,,14.809291204655592,8.722090654886033e-10
2024-09-09,4.400292240910615,1.0612060881780365,-0.42586260788130903,3.441037761823366,3.2926967780178966,0.14834098380546923,2.9442043882404425,-0.5323282598516362,14.484923897774543,8.590154314481591e-10
2024-09-10,4.659112457872262,1.1496175452866866,,3.443204811660653,3.294385060525015,0.14881975113563817,3.056406992133373,,14.620219316083583,8.550917028315104e-10
2024-09-11,4.676815972906956,1.155362013438285,,3.445370341468659,3.2960671492333504,0.14930319223530875,3.0652696660312064,,14.69202516797856,8.504414147010243e-10
2024-09-12,4.312826116445393,1.0302417821641756,,3.447534337712831,3.2977430324940937,0.1497913052187374,2.910545260199313,,14.871977722947808,8.489404731227112e-10
2024-09-13,4.681331418639467,1.1562643523050262,,3.4496967868681967,3.2994126987014143,0.1502840881667824,3.0697431390826972,,14.703304403812828,8.319642037376031e-10
2024-09-16,4.45443421239225,1.078150528478178,-0.4145663143478814,3.451857675419457,3.301076136292533,0.15078153912692427,2.9737642968902556,-0.5182078929348517,14.273118394022775,8.314858501135424e-10
2024-09-17,3.514724902349161,0.7556455970174053,,3.454016989861066,3.302733333747803,0.1512836561132631,2.57229033001956,,18.304430037282437,8.394222429368339e-10
2024-09-18,4.350371552960797,1.041835756165815,,3.456174716697317,3.3043842795907974,0.15179043710651952,2.931678974798066,,14.727053047927313,8.519854254374893e-10
2024-09-19,4.89858390731175,1.2294786368170856,,3.458330842442421,3.306028962388378,0.152301880054043,3.1678772584097348,,15.618482960213568,8.377916191471419e-10
2024-09-20,3.933221739964338,0.8981833092046785,,3.4604853536206,3.3076673707507824,0.15281798286981774,2.7553965072566307,,16.52270863494152,8.31978725535597e-10
2024-09-23,4.562206785307224,1.1135229440498648,-0.39098470396675683,3.4626382367661686,3.3092994933316975,0.15333874343447107,3.0262031733940287,-0.488730879958446,14.16903680062331,8.258133384489809e-10
2024-09-24,5.078512625882098,1.2902313457022345,,3.464789478423611,3.3109253188283434,0.15386415959526767,3.2487145009561367,,16.37789182127793,8.271038473685376e-10
2024-09-25,4.258358215089428,1.0087264456387424,,3.4669390651476752,3.312544835981546,0.1543942291661291,2.898452893029974,,15.140919429515721,8.182781423363694e-10
2024-09-26,4.526221673152532,1.1002578896513224,,3.469086983503451,3.3141580335758203,0.15492894992763073,3.0144803956399735,,14.00322362064153,8.309691542644436e-10
2024-09-27,4.069955736701251,0.9435180491326496,,3.4712332200664577,3.3157649004394436,0.15546831962701413,2.8201624618552557,,15.956024385841882,8.31502560161981e-10
2024-09-30,5.0967794302156495,1.2952677369996288,-0.26982150866691423,3.47337776142272,3.3173654254445344,0.15601233597818576,3.2614500966940705,-0.3372768858336428,16.440846712495357,8.307891739080101e-10
2024-10-01,4.498964374138333,1.0900000847604063,,3.4755205941688634,3.318959597507133,0.1565609966617303,3.006459703457641,,14.12499894049492,8.429945429371179e-10
2024-10-02,4.545327597518965,1.1055952211352822,,3.477661704912192,3.320547405587271,0.15711429932492127,3.0275414320063736,,14.069940264191027,8.430835437349751e-10
2024-10-03,5.003885907442692,1.2625160558606747,,3.4798010802707666,3.3221288386890553,0.15767224158171134,3.225273908514899,,16.031450698258432,8.463379827644877e-10
2024-10-04,4.762265844729652,1.1793774073574579,,3.4819387068735006,3.3237038858607386,0.15823482101276198,3.122925645057561,,14.992217591968222,8.408485850272625e-10
2024-10-07,4.2251411195960085,0.9949245521003913,-0.47005029859973924,3.484074571360235,3.3252725361947992,0.15880203516543556,2.8939282263202886,-0.587562873249674,15.31344309874511,8.307484850113032e-10
2024-10-08,4.305921766420719,1.0223266491095222,,3.486208660381824,3.326834778828014,0.15937388155380994,2.9297430902149166,,14.970916886130974,8.264040585466044e-10
2024-10-09,4.706547942140847,1.159391756542796,,3.488340960600216,3.3283906029415324,0.15995035765868337,3.1026302986200274,,14.742396956784948,8.4304185890467e-10
2024-10-10,4.31572763119955,1.0251054733924474,,3.4904714586885426,3.329939997760958,0.16053146092758475,2.936321839501517,,14.93618158259441,8.480705261767041e-10
2024-10-11,3.7939779128061737,0.8459308025455369,,3.492600141331199,3.3314829525564136,0.16111718877478554,2.7138964557383347,,17.17586496818079,8.503811098503746e-10
2024-10-14,4.517216908292894,1.0936111041633108,-0.40425926389112626,3.4947269952239237,3.3330194566426252,0.1617075385812985,3.025033336846764,-0.5053240798639078,14.079861197958616,8.431520024001668e-10
2024-10-15,4.018609903984388,0.9223744806650229,,3.4968520070738878,3.334549499378987,0.16230250769490073,2.8125176002102656,,16.220318991687215,8.503078923803449e-10
2024-10-16,5.103211116155509,1.2939538104276471,,3.498975163599774,3.336073070169643,0.16290209343013107,3.278515333204202,,16.42442263034559,8.401910200088343e-10
2024-10-17,4.6002113498731,1.1212145165315783,,3.501096451531862,3.337590158463553,0.1635062930683091,3.064108304128026,,14.26518145664473,8.286316805247619e-10
2024-10-18,4.222342576084077,0.991378993190771,,3.5032158576121066,3.3391007537545736,0.16411510385753303,2.9033244952430373,,15.357762585115363,8.246802855882118e-10
2024-10-21,4.295445653038257,1.0161641102405057,-0.4558905931729963,3.5053333685942283,3.3406048455815234,0.1647285230127049,2.9358099833821556,-0.5698632414662453,15.047948621993681,8.395249505577611e-10
2024-10-22,3.879485965548626,0.8732722894551297,,3.5074489712437904,3.3421024235282593,0.16534654771553114,2.758692785347171,,16.83409638181088,8.542016114463859e-10
2024-10-23,4.1567665430198275,0.9680645735863397,,3.509562652338284,3.343593477223751,0.16596917511453313,2.878674194206676,,15.649192830170755,8.509523316984422e-10
2024-10-24,4.898089353444981,1.221958784304884,,3.5116743986672074,3.3450779963421455,0.1665964023250619,3.1975264767232505,,15.524484803811049,8.460160418171971e-10
2024-10-25,5.3242943479098805,1.367814337459087,,3.5137841970321535,3.3465559706028474,0.16722822642930613,3.3813238924267064,,17.34767921823859,8.338262630904558e-10
2024-10-28,4.798195864577833,1.1871675815838751,-0.34188827894408336,3.5158920342468907,3.348027389770582,0.16786464447630856,3.156986866750426,-0.42736034868010414,15.089594769798438,8.346206744602464e-10
2024-10-29,4.512524996295206,1.0889548953654766,,3.517997897137441,3.3494922436554737,0.16850565348196733,3.0356858628623193,,14.138063807931545,8.360475206214605e-10
2024-10-30,4.394331803491912,1.0481648749215302,,3.5201017725421693,3.3509505221131084,0.16915125042906087,2.986156615765021,,14.647939063480875,8.422201666175171e-10
2024-10-31,4.211516639176696,0.9852205023708366,,3.5222036473118608,3.3524022150446138,0.16980143226724698,2.9089278430081595,,15.434743720364544,8.493639949913329e-10
2024-11-01,5.267975705025576,1.347171907920769,,3.5243035083098073,3.3538473123967183,0.17045619591308903,3.3628121972976794,,17.08964884900961,8.480681778486568e-10
2024-11-04,4.481757926949949,1.077350155776275,-0.41509989614915,3.526401342411881,3.355285804161828,0.17111553825005288,3.026973498882172,-0.5188748701864375,14.283123052796562,8.52535867715691e-10
2024-11-05,5.289047600210645,1.3538755796075006,,3.528497136506627,3.3567176803780963,0.17177945612853085,3.374062154887472,,17.173444745093757,8.473887244319162e-10
2024-11-06,5.037061018678076,1.2672223411532073,,3.530590877495341,3.3581429311294864,0.1724479463658546,3.2671708575709957,,16.09027926441509,8.517072928674762e-10
2024-11-07,3.9407973023839427,0.8911044282384473,,3.532682552292145,3.3595615465458484,0.1731210057462964,2.7984420818439073,,16.61119464701941,8.480400183470104e-10
2024-11-08,4.317734399246511,1.0200857125088851,,3.5347721478240803,3.36097351680298,0.17379863102110038,2.961080657439086,,14.998928593638938,8.517669467807811e-10
2024-11-11,4.317388439103443,1.0197145850991414,-0.45352360993390584,3.536859651031181,3.3623788321227006,0.17448081890848055,2.9620220634966277,-0.5669045124173823,15.003567686260734,8.548871438236071e-10
2024-11-12,4.524339299429301,1.0904184363073113,,3.5389450488665615,3.363777482772914,0.1751675660936476,3.0518005281570533,,14.11976954615861,8.55630562680216e-10
2024-11-13,4.531901621260587,1.0927622896263496,,3.541028328296488,3.3651694590676806,0.17585886922880745,3.056122321100618,,14.09047137967063,8.61986453024474e-10
2024-11-14,5.602416154165046,1.459548691447777,,3.5431094763004727,3.366554751367281,0.17655472493319158,3.5159906156770027,,18.494358643097215,8.501016776959141e-10
2024-11-15,4.177418342912418,0.9707326550630291,,3.5451884798713493,3.3679333500782827,0.17725512979306668,2.906349168907069,,15.615841811712137,8.42203538474746e-10
2024-11-18,4.635297961355397,1.1274763922797268,-0.3816824051468488,3.5472653260153484,3.3693052456536097,0.17796008036173872,3.103650736003268,-0.477103006433561,14.343454903496585,8.403690832210706e-10
2024-11-19,4.771641324813619,1.1739809290961365,,3.5493400017521908,3.3706704285926046,0.1786695731595862,3.1631465899627753,,14.924761613701705,8.297312138711084e-10
2024-11-20,4.556013280214529,1.0998113594636965,,3.551412494115159,3.372028889441099,0.17938360467406023,3.0717930887707197,,14.002358006703794,8.269051766375562e-10
2024-11-21,4.595821276229865,1.113221669333763,,3.5534827901511847,3.3733806187914723,0.1801021713597124,3.089907705458676,,14.165270866672037,8.243278741990149e-10
2024-11-22,4.192264268350489,0.9746229326832097,,3.555550876920921,3.374725607282726,0.1808252696381949,2.9180042731367384,,15.567213341459881,8.343103958760551e-10
2024-11-25,4.59590156174706,1.112778343352322,-0.39148110443178546,3.557616741498834,3.3760638456005383,0.18155289589829549,3.0920367747909405,-0.4893513805397318,14.159729291904023,8.355902102225476e-10
2024-11-26,4.738299749383888,1.1613678795409248,,3.5596803709732763,3.3773953244773383,0.18228504649593802,3.154105173903494,,14.767098494261559,8.435786836175748e-10
2024-11-27,4.674643697072865,1.1393120701125354,,3.561741752446573,3.3787200346923627,0.1830217177542104,3.1278601223330322,,14.491400876406693,8.460836674420879e-10
2024-11-28,4.760221875609284,1.168424108469451,,3.5638008730350927,3.380037967071722,0.18376290596337075,3.165568102658536,,14.855301355868137,8.422250400166119e-10
2024-11-29,5.055727056049155,1.2695129480763478,,3.56585771986934,3.3813491124884685,0.1845086073808715,3.2932402975839032,,16.118911850954348,8.434500631104409e-10
2024-12-02,4.889909967203546,1.212435985029721,-0.3250426766468527,3.567912280094031,3.3826534618626507,0.18525881823138013,3.223198443149802,-0.4063033458085658,15.405449812871513,8.492176681352249e-10
2024-12-03,4.587576824360667,1.1085553536196926,,3.569964540868167,3.383951006161385,0.18601353470678195,3.094645198186001,,14.106941920246156,8.586025684056246e-10
2024-12-04,4.153154954331008,0.9593889977740068,,3.5720144893651273,3.385241736398911,0.18677275296621643,2.9094779836164193,,15.757637527824917,8.577951830587822e-10
2024-12-05,4.3539098253793265,1.0279993670346657,,3.5740621127727397,3.3865256436366606,0.18753646913607902,2.996524852429993,,14.900007912066679,8.453812937706986e-10
2024-12-06,4.487676679093072,1.0736442617699102,,3.5761073982933667,3.3878027189833135,0.18830467931005312,3.0548580461957013,,14.329446727876123,8.326201539389615e-10
2024-12-09,4.653499141260558,1.1302814997609738,-0.37981233349268423,3.5781503331439772,3.3890729535948636,0.18907737954911363,3.126924828296081,-0.47476541686585527,14.378518747012171,8.303853141681355e-10
2024-12-10,4.398386749756902,1.0426000686200727,,3.580190904556236,3.390336338674677,0.1898545658815589,3.018586424449768,,14.717499142249093,8.132989169468893e-10
2024-12-11,4.238916301274295,0.9877120160978778,,3.582229099776581,3.3915928654735534,0.19063623430302767,2.9512328855959007,,15.403599798776527,8.267519030354456e-10
2024-12-12,4.151167664053099,0.9574161573055596,,3.584264906066295,3.392842525289791,0.19142238077650386,2.9146127219217406,,15.782298033680506,8.314133240818284e-10
2024-12-13,3.989733844294417,0.9018586689133363,,3.586298310701597,3.3940853094692387,0.1922130012323584,2.846408645610909,,16.476766638583296,8.268770794395422e-10
2024-12-16,4.48601672981691,1.0718059155470518,-0.41879605630196554,3.5883293009737143,3.395321209405364,0.19300809156835008,3.060078603839179,-0.5234950703774569,14.352426055661853,8.188649887290104e-10
2024-12-17,4.054464540116818,0.9236401469515635,,3.590357864188966,3.3965502165393078,0.1938076476496584,2.8761004002287622,,16.20449816310546,8.266838141515518e-10
2024-12-18,4.2192559677733295,0.979936917901113,,3.5923839876688364,3.397772322359946,0.1946116653088903,2.9476934697363375,,15.500788526236088,8.186442012890192e-10
2024-12-19,4.432161349038516,1.0527317752586838,,3.5944076587500606,3.398987518403946,0.19542014034611466,3.0399022374773006,,14.590852809266455,8.113792017764819e-10
2024-12-20,4.103037519787116,0.939689922873028,,3.5964288647847034,3.4001957962558267,0.19623306852887668,2.899808199847112,,16.00387596408715,8.060066591680072e-10
2024-12-23,4.704097935220101,1.1455702626198436,-0.36961982492010426,3.59844759314023,3.40139714754802,0.1970504455922102,3.1583599758228247,-0.4620247811501303,14.569628282748045,8.070364150250823e-10
2024-12-24,4.830833341788281,1.1888267676326825,,3.6004638311995967,3.4025915639609208,0.1978722672386759,3.2136250235017743,,15.110334595408531,8.117610051057904e-10
2024-12-25,4.380020913554108,1.0340687576269523,,3.6024775663613218,3.4037790372229546,0.19869852913836716,3.021364984256645,,14.824140529663097,8.207265776640833e-10
2024-12-26,4.419920406070206,1.0475567230868,,3.6044887860395685,3.4049595591106248,0.1995292269289437,3.0394054629691247,,14.655540961415003,8.286888557896833e-10
2024-12-27,4.761534460571596,1.1644915724166893,,3.606497477664218,3.406133121448579,0.2003643562156392,3.1867475869694406,,14.806144655208616,8.289018258431952e-10
2024-12-30,4.3240843101146,1.0143205883318387,-0.45711960777877436,3.6085036286809555,3.4072997161096565,0.201203912571299,3.0002004515244547,-0.5713995097234679,15.07099264585202,8.367592720762697e-10
2024-12-31,4.300568745931427,1.0060719306083248,,3.610507226551343,3.408459335014954,0.20204789153638902,2.99104924827536,,15.174100867395943,8.319292694801974e-10
